name,arm,c_px,L_over_A,iou,abs_err_cd_mean,cd_ref,cd_pert,ler_ref,ler_pert,lwr_ref,lwr_pert
00000007,constant,1.0,0.028272499119408243,0.9752662315355548,1.8000000000000114,70.975,72.775,3.56538569257663,3.565385692576629,5.342168334197913,5.342168334197913
00000007,rademacher,1.0,0.028272499119408243,0.9735451316901389,0.09257812499998863,70.975,70.882421875,3.56538569257663,4.670040223484509,5.342168334197913,6.709242129109967
00000007,gaussian,1.0,0.028272499119408243,0.9740033389707922,0.15410156249998863,70.975,70.8208984375,3.56538569257663,5.226575567535657,5.342168334197913,7.486366623575125
00000007,constant,2.0,0.028272499119408243,0.9517264498826684,3.6000000000000085,70.975,74.575,3.56538569257663,3.565385692576629,5.342168334197913,5.342168334197913
00000007,rademacher,2.0,0.028272499119408243,0.947681101812361,0.3125,70.975,70.6625,3.56538569257663,6.812554471537245,5.342168334197913,9.537797010782452
00000007,gaussian,2.0,0.028272499119408243,0.9479908419648441,0.19980468749999147,70.975,70.7751953125,3.56538569257663,8.233022430055149,5.342168334197913,11.841757803634419
00000007,constant,3.0,0.028272499119408243,0.9292962356792144,5.400000000000006,70.975,76.375,3.56538569257663,3.56538569257663,5.342168334197913,5.342168334197913
00000007,rademacher,3.0,0.028272499119408243,0.9228001134980469,0.3316406249999915,70.975,70.643359375,3.56538569257663,9.295130754315743,5.342168334197913,13.590092558040237
00000007,gaussian,3.0,0.028272499119408243,0.9230865183777572,0.427734375,70.975,70.547265625,3.56538569257663,11.376033166649716,5.342168334197913,16.435708965401055
00000028,constant,1.0,0.027524678878746416,0.9750091812293422,1.875,73.247314453125,75.122314453125,3.740323418568096,3.7403234185680936,5.189195007283946,5.189195007283946
00000028,rademacher,1.0,0.027524678878746416,0.9738108130794514,0.093505859375,73.247314453125,73.15380859375,3.740323418568096,4.776402500777026,5.189195007283946,6.59816981014119
00000028,gaussian,1.0,0.027524678878746416,0.9746528561240775,0.129150390625,73.247314453125,73.1181640625,3.740323418568096,5.328927279522266,5.189195007283946,7.389282598219127
00000028,constant,2.0,0.027524678878746416,0.9512490547072803,3.75,73.247314453125,76.997314453125,3.740323418568096,3.740323418568094,5.189195007283946,5.189195007283946
00000028,rademacher,2.0,0.027524678878746416,0.9482472684703434,0.216064453125,73.247314453125,73.03125,3.740323418568096,6.930745193053925,5.189195007283946,9.625472576525034
00000028,gaussian,2.0,0.027524678878746416,0.9482293031692136,0.0262451171875,73.247314453125,73.2210693359375,3.740323418568096,8.303877784141044,5.189195007283946,11.777281598273124
00000028,constant,3.0,0.027524678878746416,0.928629467236013,5.625,73.247314453125,78.872314453125,3.740323418568096,3.740323418568096,5.189195007283946,5.189195007283946
00000028,rademacher,3.0,0.027524678878746416,0.9235286849668085,0.158203125,73.247314453125,73.089111328125,3.740323418568096,9.523066262961287,5.189195007283946,13.537194605889525
00000028,gaussian,3.0,0.027524678878746416,0.9243402050472934,0.3228235031684932,73.247314453125,73.5701379562935,3.740323418568096,11.59013211039098,5.189195007283946,16.445328669042873
00000030,constant,1.0,0.026758181315956534,0.9757398081818254,1.875,75.577392578125,77.452392578125,3.738769816912795,3.7387698169127943,5.3701167098846945,5.3701167098846945
00000030,rademacher,1.0,0.026758181315956534,0.9746204717876716,0.0645751953125,75.577392578125,75.5128173828125,3.738769816912795,4.779370617847377,5.3701167098846945,6.906657331570408
00000030,gaussian,1.0,0.026758181315956534,0.9748681867244461,0.067626953125,75.577392578125,75.64501953125,3.738769816912795,5.339821246613541,5.3701167098846945,7.550291631827575
00000030,constant,2.0,0.026758181315956534,0.9526449750398562,3.75,75.577392578125,79.327392578125,3.738769816912795,3.738769816912794,5.3701167098846945,5.3701167098846945
00000030,rademacher,2.0,0.026758181315956534,0.949826776915778,0.133056640625,75.577392578125,75.4443359375,3.738769816912795,6.913118281867666,5.3701167098846945,9.687158462860367
00000030,gaussian,2.0,0.026758181315956534,0.9513832989667986,0.0797119140625,75.577392578125,75.6571044921875,3.738769816912795,8.192784509788616,5.3701167098846945,11.592064229917819
00000030,constant,3.0,0.026758181315956534,0.9306377151035098,5.625,75.577392578125,81.202392578125,3.738769816912795,3.7387698169127948,5.3701167098846945,5.3701167098846945
00000030,rademacher,3.0,0.026758181315956534,0.9257410860175359,0.22119140625,75.577392578125,75.356201171875,3.738769816912795,9.490847814190186,5.3701167098846945,13.756297546384337
00000030,gaussian,3.0,0.026758181315956534,0.924002451683981,0.2159423828125,75.577392578125,75.7933349609375,3.738769816912795,11.936721289749611,5.3701167098846945,16.84067556740021
00000033,constant,1.0,0.02407606954597082,0.9766816092477131,2.0,83.8330078125,85.8330078125,4.534378495174727,4.534378495174726,6.70343692923109,6.70343692923109
00000033,rademacher,1.0,0.02407606954597082,0.9763913281317479,0.068359375,83.8330078125,83.7646484375,4.534378495174727,5.413605419822501,6.70343692923109,7.90073938070766
00000033,gaussian,1.0,0.02407606954597082,0.9768008221473129,0.0068359375,83.8330078125,83.826171875,4.534378495174727,5.988010060037936,6.70343692923109,8.679459003857435
00000033,constant,2.0,0.02407606954597082,0.954433891200596,4.0,83.8330078125,87.8330078125,4.534378495174727,4.534378495174725,6.70343692923109,6.70343692923109
00000033,rademacher,2.0,0.02407606954597082,0.9533472946211103,0.05859375,83.8330078125,83.7744140625,4.534378495174727,7.573406321298427,6.70343692923109,10.73289739482416
00000033,gaussian,2.0,0.02407606954597082,0.9532987819794398,0.01171875,83.8330078125,83.8212890625,4.534378495174727,8.8843775516129,6.70343692923109,12.70590193682574
00000033,constant,3.0,0.02407606954597082,0.9331822283099066,6.0,83.8330078125,89.8330078125,4.534378495174727,4.534378495174726,6.70343692923109,6.70343692923109
00000033,rademacher,3.0,0.02407606954597082,0.9308233414618368,0.05859375,83.8330078125,83.7744140625,4.534378495174727,10.098925352604153,6.70343692923109,14.60919339400146
00000033,gaussian,3.0,0.02407606954597082,0.9309994128207362,0.1396484375,83.8330078125,83.97265625,4.534378495174727,12.184333220315388,6.70343692923109,17.54638096686317
00000036,constant,1.0,0.026196611290294377,0.9761490239890761,1.875,76.7960205078125,78.6710205078125,3.8214941221888683,3.8214941221888683,5.401408777415359,5.401408777415359
00000036,rademacher,1.0,0.026196611290294377,0.9750734933855953,0.0560302734375,76.7960205078125,76.739990234375,3.8214941221888683,4.827013857144064,5.401408777415359,6.824403742753418
00000036,gaussian,1.0,0.026196611290294377,0.975272130704452,0.144287109375,76.7960205078125,76.6517333984375,3.8214941221888683,5.474920486413341,5.401408777415359,7.5869666724523555
00000036,constant,2.0,0.026196611290294377,0.9534136168819753,3.75,76.7960205078125,80.5460205078125,3.8214941221888683,3.821494122188869,5.401408777415359,5.401408777415359
00000036,rademacher,2.0,0.026196611290294377,0.9507646122976824,0.013427734375,76.7960205078125,76.7825927734375,3.8214941221888683,7.013591871889167,5.401408777415359,9.737175055795525
00000036,gaussian,2.0,0.026196611290294377,0.9511271127050549,0.30908203125,76.7960205078125,76.4869384765625,3.8214941221888683,8.36777762141389,5.401408777415359,11.783265020296444
00000036,constant,3.0,0.026196611290294377,0.9317186815009657,5.625,76.7960205078125,82.4210205078125,3.8214941221888683,3.8214941221888683,5.401408777415359,5.401408777415359
00000036,rademacher,3.0,0.026196611290294377,0.9270287165940913,0.060791015625,76.7960205078125,76.7352294921875,3.8214941221888683,9.542647678776245,5.401408777415359,13.325196230423995
00000036,gaussian,3.0,0.026196611290294377,0.9286077052553408,0.1495361328125,76.7960205078125,76.646484375,3.8214941221888683,11.523848006244092,5.401408777415359,16.55978184553859
00000049,constant,1.0,0.02527942757549675,0.97549686782412,2.0,79.708740234375,81.708740234375,4.331215937801186,4.331215937801186,5.537613239937598,5.537613239937598
00000049,rademacher,1.0,0.02527942757549675,0.9751856687478914,0.0390625,79.708740234375,79.669677734375,4.331215937801186,5.291959821377787,5.537613239937598,7.039226977067802
00000049,gaussian,1.0,0.02527942757549675,0.9751358387189538,0.107421875,79.708740234375,79.601318359375,4.331215937801186,5.811919358581034,5.537613239937598,7.803239434088377
00000049,constant,2.0,0.02527942757549675,0.952174153977175,4.0,79.708740234375,83.708740234375,4.331215937801186,4.331215937801186,5.537613239937598,5.537613239937598
00000049,rademacher,2.0,0.02527942757549675,0.9509796302661665,0.0546875,79.708740234375,79.654052734375,4.331215937801186,7.370806003762026,5.537613239937598,10.250611110770745
00000049,gaussian,2.0,0.02527942757549675,0.9525545807771573,0.04296875,79.708740234375,79.665771484375,4.331215937801186,8.756112042178664,5.537613239937598,12.068507539411014
00000049,constant,3.0,0.02527942757549675,0.9299512195121952,6.0,79.708740234375,85.708740234375,4.331215937801186,4.331215937801186,5.537613239937598,5.537613239937598
00000049,rademacher,3.0,0.02527942757549675,0.9274258403141246,0.03515625,79.708740234375,79.743896484375,4.331215937801186,9.98723067246726,5.537613239937598,13.710021908965691
00000049,gaussian,3.0,0.02527942757549675,0.9274332644010733,0.3486328125,79.708740234375,79.360107421875,4.331215937801186,12.105388080535564,5.537613239937598,17.018969468420604
00000051,constant,1.0,0.021552483368185247,0.9829132299278174,1.6747252747252759,97.36747252747253,99.0421978021978,18.736996734420888,18.700954267163823,47.3299321360416,47.27346454118877
00000051,rademacher,1.0,0.021552483368185247,0.9812084081073703,0.05758241758242377,97.36747252747253,97.3098901098901,18.736996734420888,19.116661716565744,47.3299321360416,47.788652294286074
00000051,gaussian,1.0,0.021552483368185247,0.9826390133725308,0.10482404529038547,97.36747252747253,97.26264848218214,18.736996734420888,19.116382226455865,47.3299321360416,47.40128788053838
00000051,constant,2.0,0.021552483368185247,0.9664511848589474,3.3494505494505518,97.36747252747253,100.71692307692308,18.736996734420888,18.667358896178307,47.3299321360416,47.21774872358913
00000051,rademacher,2.0,0.021552483368185247,0.9624996669597421,0.26668027395140825,97.36747252747253,97.10079225352112,18.736996734420888,19.337427221771904,47.3299321360416,47.079918456794175
00000051,gaussian,2.0,0.021552483368185247,0.962027113980785,0.19889858381056058,97.36747252747253,97.16857394366197,18.736996734420888,20.22301815397957,47.3299321360416,48.18575900856661
00000051,constant,3.0,0.021552483368185247,0.9505845279341242,5.023736263736268,97.36747252747253,102.3912087912088,18.736996734420888,18.638262317799075,47.3299321360416,47.16803613297681
00000051,rademacher,3.0,0.021552483368185247,0.9445551698498388,0.15239980821294807,97.36747252747253,97.21507271925958,18.736996734420888,20.56422056864556,47.3299321360416,48.159938141966414
00000051,gaussian,3.0,0.021552483368185247,0.9426985433623721,0.3934866368199721,97.36747252747253,96.97398589065256,18.736996734420888,21.56348378231603,47.3299321360416,47.84952184660386
00000080,constant,1.0,0.025880193498140705,0.9760076227454731,2.0,81.82859706850135,83.82859706850135,16.68510955351499,16.68510955351499,18.643965582553545,18.643965582553545
00000080,rademacher,1.0,0.025880193498140705,0.9756990234085678,0.023091383282917377,81.82859706850135,81.80550568521844,16.68510955351499,17.019704012750157,18.643965582553545,19.192760520251372
00000080,gaussian,1.0,0.025880193498140705,0.9764127089624481,0.04995513012264041,81.82859706850135,81.87855219862399,16.68510955351499,17.38461246081482,18.643965582553545,19.749433094164587
00000080,constant,2.0,0.025880193498140705,0.9531960128258748,4.0,81.82859706850135,85.82859706850135,16.68510955351499,16.68510955351499,18.643965582553545,18.643965582553545
00000080,rademacher,2.0,0.025880193498140705,0.9520396106051898,0.05234819024828141,81.82859706850135,81.77624887825307,16.68510955351499,18.256152597517435,18.643965582553545,21.045632937291217
00000080,gaussian,2.0,0.025880193498140705,0.9518692339263727,0.007831060123137945,81.82859706850135,81.82076600837821,16.68510955351499,18.878043607238528,18.643965582553545,22.265502358199534
00000080,constant,3.0,0.025880193498140705,0.9314739570383943,6.0,81.82859706850135,87.82859706850135,16.68510955351499,16.68510955351499,18.643965582553545,18.643965582553545
00000080,rademacher,3.0,0.025880193498140705,0.9289655269730622,0.022251662934152705,81.82859706850135,81.8063454055672,16.68510955351499,19.58601068682588,18.643965582553545,23.578326495415155
00000080,gaussian,3.0,0.025880193498140705,0.9277697953477535,0.27639844451093154,81.82859706850135,81.55219862399042,16.68510955351499,21.245082969697606,18.643965582553545,25.694832013167442
00000090,constant,1.0,0.027158633814391372,0.9750477957714799,1.5499890134036534,60.978466271149195,62.52845528455285,9.426054483130441,9.426054483130441,18.894610989185384,18.894610989185384
00000090,rademacher,1.0,0.027158633814391372,0.9709915348963043,0.26697429136453366,60.978466271149195,60.71149197978466,9.426054483130441,10.254398755003487,18.894610989185384,19.726107622815803
00000090,gaussian,1.0,0.027158633814391372,0.971749402254355,0.15666886398593505,60.978466271149195,60.82179740716326,9.426054483130441,10.720082705204387,18.894610989185384,20.38251724839337
00000090,constant,2.0,0.027158633814391372,0.9514018435202458,3.0999780268072996,60.978466271149195,64.0784442979565,9.426054483130441,9.426054483130441,18.894610989185384,18.894610989185384
00000090,rademacher,2.0,0.027158633814391372,0.9429964965791573,0.39271429225737364,60.978466271149195,60.58575197889182,9.426054483130441,11.560707397818174,18.894610989185384,21.370908672677015
00000090,gaussian,2.0,0.027158633814391372,0.943080211719215,0.6709261524417869,60.978466271149195,60.30754011870741,9.426054483130441,12.854145988834585,18.894610989185384,23.222815939185857
00000090,constant,3.0,0.027158633814391372,0.928919156002866,4.649967040210946,60.978466271149195,65.62843331136014,9.426054483130441,9.426054483130441,18.894610989185384,18.894610989185384
00000090,rademacher,3.0,0.027158633814391372,0.9153542965290921,0.7109349455831335,60.978466271149195,60.26753132556606,9.426054483130441,13.435749834427154,18.894610989185384,24.117551574802064
00000090,gaussian,3.0,0.027158633814391372,0.9138261056515317,0.2440255181037898,60.978466271149195,60.734440753045405,9.426054483130441,15.053518143044691,18.894610989185384,25.863176897210582
00000091,constant,1.0,0.026149832843683517,0.9762378287831797,1.875,77.12060546875,78.99560546875,4.083645953259211,4.08364595325921,5.333051807629744,5.333051807629744
00000091,rademacher,1.0,0.026149832843683517,0.9751237865786406,0.1180419921875,77.12060546875,77.0025634765625,4.083645953259211,5.078621598722389,5.333051807629744,6.830938015246517
00000091,gaussian,1.0,0.026149832843683517,0.9765450414076731,0.056884765625,77.12060546875,77.063720703125,4.083645953259211,5.553100164930202,5.333051807629744,7.375867263010605
00000091,constant,2.0,0.026149832843683517,0.9535873640738304,3.75,77.12060546875,80.87060546875,4.083645953259211,4.08364595325921,5.333051807629744,5.333051807629744
00000091,rademacher,2.0,0.026149832843683517,0.9509248440562078,0.1474609375,77.12060546875,76.97314453125,4.083645953259211,7.092954018877398,5.333051807629744,9.955099531193827
00000091,gaussian,2.0,0.026149832843683517,0.95000587402383,0.242919921875,77.12060546875,76.877685546875,4.083645953259211,8.656343490387538,5.333051807629744,12.15225453218374
00000091,constant,3.0,0.026149832843683517,0.9319792521081298,5.625,77.12060546875,82.74560546875,4.083645953259211,4.083645953259209,5.333051807629744,5.333051807629744
00000091,rademacher,3.0,0.026149832843683517,0.9272876864555285,0.1087646484375,77.12060546875,77.0118408203125,4.083645953259211,9.612969844929633,5.333051807629744,13.65519992581367
00000091,gaussian,3.0,0.026149832843683517,0.9281393000985064,0.5965576171875,77.12060546875,76.5240478515625,4.083645953259211,11.622485262655555,5.333051807629744,16.429425694579912
00000099,constant,1.0,0.024401406485460735,0.976832685758317,2.0,84.52327044025158,86.52327044025158,5.305568815702924,5.305568815702924,8.665928008484153,8.665928008484153
00000099,rademacher,1.0,0.024401406485460735,0.9765650269046429,0.08238993710691034,84.52327044025158,84.60566037735849,5.305568815702924,6.116062078124685,8.665928008484153,9.72306290566619
00000099,gaussian,1.0,0.024401406485460735,0.9772121515557585,0.1323899371069217,84.52327044025158,84.39088050314466,5.305568815702924,6.6271431143112185,8.665928008484153,10.52072330295049
00000099,constant,2.0,0.024401406485460735,0.9547314723372813,4.0,84.52327044025158,88.52327044025158,5.305568815702924,5.305568815702923,8.665928008484153,8.665928008484153
00000099,rademacher,2.0,0.024401406485460735,0.9536539167675534,0.037735849056616644,84.52327044025158,84.48553459119496,5.305568815702924,8.191488352517732,8.665928008484153,12.815893879425722
00000099,gaussian,2.0,0.024401406485460735,0.9525447517789809,0.16855345911950792,84.52327044025158,84.35471698113207,5.305568815702924,9.555232043374708,8.665928008484153,14.880623105614298
00000099,constant,3.0,0.024401406485460735,0.9336244450465848,6.0,84.52327044025158,90.52327044025158,5.305568815702924,5.305568815702924,8.665928008484153,8.665928008484153
00000099,rademacher,3.0,0.024401406485460735,0.9313701211305518,0.19402515723270142,84.52327044025158,84.71729559748428,5.305568815702924,10.631508892835187,8.665928008484153,16.138500612462423
00000099,gaussian,3.0,0.024401406485460735,0.9319637101415909,0.13773584905661096,84.52327044025158,84.38553459119497,5.305568815702924,12.629073763358324,8.665928008484153,19.277544013349566
00000104,constant,1.0,0.02437696302024969,0.9763215933277475,2.0,82.49983723958333,84.49983723958333,3.951081612836472,3.9510816128364716,5.537886928902355,5.537886928902355
00000104,rademacher,1.0,0.02437696302024969,0.97603572904564,0.015625,82.49983723958333,82.48421223958333,3.951081612836472,4.9898453070056386,5.537886928902355,6.922656555795477
00000104,gaussian,1.0,0.02437696302024969,0.9768398458461388,0.1083984375,82.49983723958333,82.39143880208333,3.951081612836472,5.495889875830848,5.537886928902355,7.699962126789129
00000104,constant,2.0,0.02437696302024969,0.9537439670338975,4.0,82.49983723958333,86.49983723958333,3.951081612836472,3.9510816128364716,5.537886928902355,5.537886928902355
00000104,rademacher,2.0,0.02437696302024969,0.9526295202255223,0.0625,82.49983723958333,82.43733723958333,3.951081612836472,7.161734118322898,5.537886928902355,10.079262522574217
00000104,gaussian,2.0,0.02437696302024969,0.9526505086912656,0.06689453125,82.49983723958333,82.56673177083333,3.951081612836472,8.65153053298498,5.537886928902355,12.221099410603136
00000104,constant,3.0,0.02437696302024969,0.9321903914165331,6.0,82.49983723958333,88.49983723958333,3.951081612836472,3.9510816128364716,5.537886928902355,5.537886928902355
00000104,rademacher,3.0,0.02437696302024969,0.9297966394681633,0.01171875,82.49983723958333,82.48811848958333,3.951081612836472,9.846967515929888,5.537886928902355,14.002494611919774
00000104,gaussian,3.0,0.02437696302024969,0.9293288839451243,0.1490885416666714,82.49983723958333,82.64892578125,3.951081612836472,12.047983394491373,5.537886928902355,16.608068622125284
00000105,constant,1.0,0.02505401808093205,0.975782130254964,2.0,80.71456473214286,82.71456473214286,4.286377803771308,4.286377803771308,5.669922965509332,5.669922965509332
00000105,rademacher,1.0,0.02505401808093205,0.9754792726428255,0.01953125,80.71456473214286,80.69503348214286,4.286377803771308,5.239645731835497,5.669922965509332,7.028347675631367
00000105,gaussian,1.0,0.02505401808093205,0.9765830081210558,0.0390625,80.71456473214286,80.75362723214286,4.286377803771308,5.754588083293073,5.669922965509332,7.86227872530707
00000105,constant,2.0,0.02505401808093205,0.9527173796690167,4.0,80.71456473214286,84.71456473214286,4.286377803771308,4.286377803771307,5.669922965509332,5.669922965509332
00000105,rademacher,2.0,0.02505401808093205,0.951587882385078,0.051339285714277594,80.71456473214286,80.76590401785714,4.286377803771308,7.404921231579016,5.669922965509332,10.440089479467222
00000105,gaussian,2.0,0.02505401808093205,0.9519331789735694,0.06640625,80.71456473214286,80.78097098214286,4.286377803771308,8.682911347726503,5.669922965509332,11.779826803172929
00000105,constant,3.0,0.02505401808093205,0.930732796622713,6.0,80.71456473214286,86.71456473214286,4.286377803771308,4.286377803771308,5.669922965509332,5.669922965509332
00000105,rademacher,3.0,0.02505401808093205,0.9282396299850715,0.041015625,80.71456473214286,80.75558035714286,4.286377803771308,9.968462557779983,5.669922965509332,13.812059139359594
00000105,gaussian,3.0,0.02505401808093205,0.9264829559364035,0.028878348214291805,80.71456473214286,80.68568638392857,4.286377803771308,12.364996300230121,5.669922965509332,17.460767041463182
00000109,constant,1.0,0.02204303149555667,0.9785206267840926,1.6666666666666572,75.93473307291667,77.60139973958333,3.5062382639961522,3.5062382639961527,5.384098569721615,5.384098569721615
00000109,rademacher,1.0,0.02204303149555667,0.9761000608524001,0.1774088541666714,75.93473307291667,75.75732421875,3.5062382639961522,4.538651216438302,5.384098569721615,6.6761654160830375
00000109,gaussian,1.0,0.02204303149555667,0.9766290934072924,0.1435546875,75.93473307291667,75.79117838541667,3.5062382639961522,5.112086142289003,5.384098569721615,7.4440742511362075
00000109,constant,2.0,0.02204303149555667,0.9579465446190426,3.3333333333333286,75.93473307291667,79.26806640625,3.5062382639961522,3.506238263996153,5.384098569721615,5.384098569721615
00000109,rademacher,2.0,0.02204303149555667,0.9527778010787414,0.3082682291666714,75.93473307291667,75.62646484375,3.5062382639961522,6.577448866806699,5.384098569721615,9.295334574885809
00000109,gaussian,2.0,0.02204303149555667,0.9531417495117402,0.3313802083333428,75.93473307291667,75.60335286458333,3.5062382639961522,7.910900449616025,5.384098569721615,11.306785798685269
00000109,constant,3.0,0.02204303149555667,0.9382198152687813,5.0,75.93473307291667,80.93473307291667,3.5062382639961522,3.5062382639961527,5.384098569721615,5.384098569721615
00000109,rademacher,3.0,0.02204303149555667,0.9296887166804751,0.61279296875,75.93473307291667,75.32194010416667,3.5062382639961522,9.018583481590275,5.384098569721615,12.823563540991382
00000109,gaussian,3.0,0.02204303149555667,0.9298503307515873,0.6824544270833428,75.93473307291667,75.25227864583333,3.5062382639961522,11.341260329239335,5.384098569721615,15.918209448500257
00000113,constant,1.0,0.025495290678791815,0.9770169850464678,1.8571428571428612,79.04185267857143,80.89899553571429,3.376893023172162,3.3768930231721614,4.967524029201213,4.967524029201213
00000113,rademacher,1.0,0.025495290678791815,0.9758634044899127,0.0721261160714306,79.04185267857143,78.9697265625,3.376893023172162,4.493266703135523,4.967524029201213,6.401133945135453
00000113,gaussian,1.0,0.025495290678791815,0.9766564806363622,0.0604073660714306,79.04185267857143,78.9814453125,3.376893023172162,5.140763016166058,4.967524029201213,7.341405017721883
00000113,constant,2.0,0.025495290678791815,0.9550763338188488,3.714285714285708,79.04185267857143,82.75613839285714,3.376893023172162,3.3768930231721623,4.967524029201213,4.967524029201213
00000113,rademacher,2.0,0.025495290678791815,0.9522527246945823,0.189453125,79.04185267857143,78.85239955357143,3.376893023172162,6.711284692722858,4.967524029201213,9.624626685777288
00000113,gaussian,2.0,0.025495290678791815,0.9533221941155271,0.0373883928571388,79.04185267857143,79.00446428571429,3.376893023172162,8.003983862734723,4.967524029201213,11.52393815458754
00000113,constant,3.0,0.025495290678791815,0.9341040919898038,5.571428571428569,79.04185267857143,84.61328125,3.376893023172162,3.376893023172163,4.967524029201213,4.967524029201213
00000113,rademacher,3.0,0.025495290678791815,0.9294210200985259,0.0008370535714306016,79.04185267857143,79.041015625,3.376893023172162,9.28252919375291,4.967524029201213,13.114237162462754
00000113,gaussian,3.0,0.025495290678791815,0.9283133701551908,0.3685825892857224,79.04185267857143,78.67327008928571,3.376893023172162,11.840118003926353,4.967524029201213,16.862875514191455
00000114,constant,1.0,0.024537444277130886,0.9761468156944929,2.0,81.87744140625,83.87744140625,4.583117030323722,4.583117030323721,5.366740102796385,5.366740102796385
00000114,rademacher,1.0,0.024537444277130886,0.975866435028415,0.072265625,81.87744140625,81.94970703125,4.583117030323722,5.4803045684004505,5.366740102796385,6.811374613368476
00000114,gaussian,1.0,0.024537444277130886,0.975864800478228,0.060546875,81.87744140625,81.93798828125,4.583117030323722,6.023911332603102,5.366740102796385,7.631928006436878
00000114,constant,2.0,0.024537444277130886,0.9534077793003065,4.0,81.87744140625,85.87744140625,4.583117030323722,4.583117030323722,5.366740102796385,5.366740102796385
00000114,rademacher,2.0,0.024537444277130886,0.9523184818241845,0.109375,81.87744140625,81.98681640625,4.583117030323722,7.563572955957467,5.366740102796385,10.114900384887804
00000114,gaussian,2.0,0.024537444277130886,0.9513366975228655,0.14453125,81.87744140625,81.73291015625,4.583117030323722,9.028707048407888,5.366740102796385,12.107287064405881
00000114,constant,3.0,0.024537444277130886,0.9317092008245681,6.0,81.87744140625,87.87744140625,4.583117030323722,4.583117030323722,5.366740102796385,5.366740102796385
00000114,rademacher,3.0,0.024537444277130886,0.9291635093825361,0.28125,81.87744140625,81.59619140625,4.583117030323722,10.132995193356756,5.366740102796385,14.009761868514877
00000114,gaussian,3.0,0.024537444277130886,0.9294768293734019,0.2099609375,81.87744140625,82.08740234375,4.583117030323722,12.145583829319158,5.366740102796385,16.43407417127537
00000124,constant,1.0,0.035153894569126015,0.9679454681009693,1.9131541005851886,57.80934611144093,59.72250021202612,6.691911293906652,6.691911293906652,9.977564941195403,9.977564941195403
00000124,rademacher,1.0,0.035153894569126015,0.9666681580242494,0.04571283182087882,57.80934611144093,57.76363327962005,6.691911293906652,7.544737675792877,9.977564941195403,11.157867563678625
00000124,gaussian,1.0,0.035153894569126015,0.9677523244495408,0.05987617674497869,57.80934611144093,57.74946993469595,6.691911293906652,7.981971109665549,9.977564941195403,11.733628463203196
00000124,constant,2.0,0.035153894569126015,0.9378898397090573,3.8263082011703844,57.80934611144093,61.635654312611315,6.691911293906652,6.691911293906653,9.977564941195403,9.977564941195403
00000124,rademacher,2.0,0.035153894569126015,0.934465516311215,0.05478754982613765,57.80934611144093,57.75455856161479,6.691911293906652,9.330026912506245,9.977564941195403,13.691062699358794
00000124,gaussian,2.0,0.035153894569126015,0.9353167117434488,0.0675091171232296,57.80934611144093,57.7418369943177,6.691911293906652,10.451904108293789,9.977564941195403,14.94263860369263
00000124,constant,3.0,0.035153894569126015,0.9096481534864355,5.739462301755573,57.80934611144093,63.548808413196504,6.691911293906652,6.691911293906653,9.977564941195403,9.977564941195403
00000124,rademacher,3.0,0.035153894569126015,0.9031958301892066,0.10256070007536522,57.80934611144093,57.706785411365566,6.691911293906652,11.594646712465185,9.977564941195403,16.58811931539504
00000124,gaussian,3.0,0.035153894569126015,0.9034823215104126,0.08065473666356127,57.80934611144093,57.72869137477737,6.691911293906652,13.524044474358819,9.977564941195403,19.111846743653754
00000137,constant,1.0,0.027547900291035505,0.9749112719697786,1.875,72.899169921875,74.774169921875,3.7613470741025075,3.7613470741025052,5.262205644643307,5.262205644643307
00000137,rademacher,1.0,0.027547900291035505,0.9737867944139746,0.0096435546875,72.899169921875,72.9088134765625,3.7613470741025075,4.798517626926174,5.262205644643307,6.6814311149707
00000137,gaussian,1.0,0.027547900291035505,0.9745341347791999,0.07470703125,72.899169921875,72.824462890625,3.7613470741025075,5.333390383618244,5.262205644643307,7.462519595010784
00000137,constant,2.0,0.027547900291035505,0.9510566800974662,3.75,72.899169921875,76.649169921875,3.7613470741025075,3.761347074102508,5.262205644643307,5.262205644643307
00000137,rademacher,2.0,0.027547900291035505,0.9480980044476228,0.14892578125,72.899169921875,72.750244140625,3.7613470741025075,6.968032528804022,5.262205644643307,9.844873306093719
00000137,gaussian,2.0,0.027547900291035505,0.9489066099361129,0.029052734375,72.899169921875,72.92822265625,3.7613470741025075,8.22814089806139,5.262205644643307,11.603775802359126
00000137,constant,3.0,0.027547900291035505,0.9283473502572792,5.625,72.899169921875,78.524169921875,3.7613470741025075,3.761347074102506,5.262205644643307,5.262205644643307
00000137,rademacher,3.0,0.027547900291035505,0.9231765540823897,0.2471923828125,72.899169921875,72.6519775390625,3.7613470741025075,9.499806934835856,5.262205644643307,13.409538619407202
00000137,gaussian,3.0,0.027547900291035505,0.9221055005961396,0.1612868795114366,72.899169921875,72.73788304236356,3.7613470741025075,11.855307186815125,5.262205644643307,16.59483749631729
00000152,constant,1.0,0.026451934753616794,0.9766351693401867,1.8430410790925862,77.1249233599019,78.96796443899449,6.5547541359042,6.5547541359042,7.731720292375941,7.731720292375941
00000152,rademacher,1.0,0.026451934753616794,0.9753502456727426,0.06299816063764752,77.1249233599019,77.06192519926425,6.5547541359042,7.40812556630709,7.731720292375941,8.957328891890889
00000152,gaussian,1.0,0.026451934753616794,0.976422415995033,0.055793991416308586,77.1249233599019,77.06912936848559,6.5547541359042,7.915510597656218,7.731720292375941,9.582738702060357
00000152,constant,2.0,0.026451934753616794,0.954346292165521,3.686082158185158,77.1249233599019,80.81100551808706,6.5547541359042,6.5547541359042,7.731720292375941,7.731720292375941
00000152,rademacher,2.0,0.026451934753616794,0.9511857308251164,0.2690288328438015,77.1249233599019,76.8558945270581,6.5547541359042,9.233158026275058,7.731720292375941,11.62010376924606
00000152,gaussian,2.0,0.026451934753616794,0.9519804245484229,0.07403433476395094,77.1249233599019,77.19895769466585,6.5547541359042,10.369338644550822,7.731720292375941,13.32441498299634
00000152,constant,3.0,0.026451934753616794,0.933060724915853,5.529123237277744,77.1249233599019,82.65404659717964,6.5547541359042,6.5547541359042,7.731720292375941,7.731720292375941
00000152,rademacher,3.0,0.026451934753616794,0.9275936052798891,0.41492949110974564,77.1249233599019,76.70999386879215,6.5547541359042,11.55787453999544,7.731720292375941,15.391416003443142
00000152,gaussian,3.0,0.026451934753616794,0.9287493714421707,0.2072348252605707,77.1249233599019,76.91768853464133,6.5547541359042,13.267105632654657,7.731720292375941,17.515789147654843
00000173,constant,1.0,0.02932514581042358,0.9741714644370917,1.857182705718273,70.14044630404463,71.9976290097629,12.277723177825614,12.277723177825616,11.450884995523747,11.450884995523747
00000173,rademacher,1.0,0.02932514581042358,0.9728254895494731,0.08953264802565286,70.14044630404463,70.05091365601898,12.277723177825614,13.019940488675624,11.450884995523747,12.510245643468398
00000173,gaussian,1.0,0.02932514581042358,0.9732645394175405,0.012552301255226439,70.14044630404463,70.15299860529986,12.277723177825614,13.525050687857444,11.450884995523747,13.278667940233586
00000173,constant,2.0,0.02932514581042358,0.9496614954630006,3.714365411436546,70.14044630404463,73.85481171548118,12.277723177825614,12.277723177825612,11.450884995523747,11.450884995523747
00000173,rademacher,2.0,0.02932514581042358,0.9462910943644782,0.14532843544371588,70.14044630404463,69.99511786860091,12.277723177825614,14.514555900202632,11.450884995523747,14.897028742384366
00000173,gaussian,2.0,0.02932514581042358,0.9463164824101145,0.06149526484809087,70.14044630404463,70.07895103919654,12.277723177825614,15.514485721092269,11.450884995523747,16.43478481726688
00000173,constant,3.0,0.02932514581042358,0.9263597093146421,5.571548117154805,70.14044630404463,75.71199442119944,12.277723177825614,12.277723177825616,11.450884995523747,11.450884995523747
00000173,rademacher,3.0,0.02932514581042358,0.9204822414232133,0.36600077468209236,70.14044630404463,69.77444552936254,12.277723177825614,16.390664865139925,11.450884995523747,17.66324721238327
00000173,gaussian,3.0,0.02932514581042358,0.9180062126642772,0.3082989620605332,70.14044630404463,69.8321473419841,12.277723177825614,18.30060666499821,11.450884995523747,20.700657683914077
00000177,constant,1.0,0.025222644805005443,0.9755649624947124,2.0,79.9580078125,81.9580078125,4.374745526515149,4.374745526515149,5.800409507049326,5.800409507049326
00000177,rademacher,1.0,0.025222644805005443,0.9752657954566013,0.029296875,79.9580078125,79.9873046875,4.374745526515149,5.314819917727361,5.800409507049326,7.275289256028913
00000177,gaussian,1.0,0.025222644805005443,0.9761688490009748,0.029296875,79.9580078125,79.9287109375,4.374745526515149,5.808435066726621,5.800409507049326,7.940710545508393
00000177,constant,2.0,0.025222644805005443,0.952308045736353,4.0,79.9580078125,83.9580078125,4.374745526515149,4.3747455265151505,5.800409507049326,5.800409507049326
00000177,rademacher,2.0,0.025222644805005443,0.9511480047647409,0.056640625,79.9580078125,80.0146484375,4.374745526515149,7.439006284247769,5.800409507049326,10.29692736400963
00000177,gaussian,2.0,0.025222644805005443,0.951244697352364,0.0533447265625,79.9580078125,79.9046630859375,4.374745526515149,8.753454699541944,5.800409507049326,12.186984029710413
00000177,constant,3.0,0.025222644805005443,0.9301368151078871,6.0,79.9580078125,85.9580078125,4.374745526515149,4.374745526515148,5.800409507049326,5.800409507049326
00000177,rademacher,3.0,0.025222644805005443,0.9276567212242143,0.123046875,79.9580078125,80.0810546875,4.374745526515149,10.044612665998601,5.800409507049326,14.304982636032257
00000177,gaussian,3.0,0.025222644805005443,0.9263482575344886,0.1856689453125,79.9580078125,79.7723388671875,4.374745526515149,12.31665057582686,5.800409507049326,17.713275815358465
00000180,constant,1.0,0.024225206763004593,0.9765210769213151,2.0,83.279052734375,85.279052734375,4.183240302236445,4.183240302236444,5.941235268221412,5.941235268221412
00000180,rademacher,1.0,0.024225206763004593,0.9762540392165947,0.0859375,83.279052734375,83.364990234375,4.183240302236445,5.163368888746918,5.941235268221412,7.379707051720685
00000180,gaussian,1.0,0.024225206763004593,0.9777925350670893,0.0390625,83.279052734375,83.239990234375,4.183240302236445,5.593488918976556,5.941235268221412,8.046027225946988
00000180,constant,2.0,0.024225206763004593,0.9541300571486115,4.0,83.279052734375,87.279052734375,4.183240302236445,4.183240302236444,5.941235268221412,5.941235268221412
00000180,rademacher,2.0,0.024225206763004593,0.953035873823105,0.034423828125,83.279052734375,83.24462890625,4.183240302236445,7.339855922984286,5.941235268221412,10.460395299353365
00000180,gaussian,2.0,0.024225206763004593,0.9540661227994848,0.1123046875,83.279052734375,83.391357421875,4.183240302236445,8.676849450694327,5.941235268221412,12.520222031077589
00000180,constant,3.0,0.024225206763004593,0.9327504970151743,6.0,83.279052734375,89.279052734375,4.183240302236445,4.183240302236444,5.941235268221412,5.941235268221412
00000180,rademacher,3.0,0.024225206763004593,0.9304505696809278,0.111328125,83.279052734375,83.390380859375,4.183240302236445,9.935644757115645,5.941235268221412,14.10565909463729
00000180,gaussian,3.0,0.024225206763004593,0.9309234945118461,0.167724609375,83.279052734375,83.111328125,4.183240302236445,12.138323254275303,5.941235268221412,17.507733454677226
00000419,constant,1.0,0.025133879994078605,0.9755956298146929,2.0,79.98779296875,81.98779296875,4.0657887715947085,4.065788771594709,5.547211852539574,5.547211852539574
00000419,rademacher,1.0,0.025133879994078605,0.9752978513711863,0.033203125,79.98779296875,80.02099609375,4.0657887715947085,5.080336843167315,5.547211852539574,7.0297742539522785
00000419,gaussian,1.0,0.025133879994078605,0.9760807916251848,0.0576171875,79.98779296875,79.93017578125,4.0657887715947085,5.602472270061837,5.547211852539574,7.86944228576355
00000419,constant,2.0,0.025133879994078605,0.9523609504264361,4.0,79.98779296875,83.98779296875,4.0657887715947085,4.0657887715947085,5.547211852539574,5.547211852539574
00000419,rademacher,2.0,0.025133879994078605,0.9512156647985499,0.08203125,79.98779296875,80.06982421875,4.0657887715947085,7.279662434343133,5.547211852539574,10.026048934243926
00000419,gaussian,2.0,0.025133879994078605,0.9529274008172678,0.0521240234375,79.98779296875,80.0399169921875,4.0657887715947085,8.431054159940627,5.547211852539574,12.036997635536114
00000419,constant,3.0,0.025133879994078605,0.9302270446153388,5.9984130859375,79.98779296875,85.9862060546875,4.0657887715947085,4.0614881409251,5.547211852539574,5.538721200677692
00000419,rademacher,3.0,0.025133879994078605,0.9278007445644592,0.26904296875,79.98779296875,80.2568359375,4.0657887715947085,9.864372537189945,5.547211852539574,14.023162154388817
00000419,gaussian,3.0,0.025133879994078605,0.9280735933604581,0.14453125,79.98779296875,79.84326171875,4.0657887715947085,11.933830370531838,5.547211852539574,16.84122583696586
00000426,constant,1.0,0.026447040014966814,0.9765766439118375,1.8333333333333286,76.564453125,78.39778645833333,4.139483961483664,4.139483961483663,5.788689210172677,5.788689210172677
00000426,rademacher,1.0,0.026447040014966814,0.9751891480879344,0.0631510416666714,76.564453125,76.50130208333333,4.139483961483664,5.074335816104626,5.788689210172677,7.093354024335568
00000426,gaussian,1.0,0.026447040014966814,0.9770547621299537,0.014811197916671404,76.564453125,76.54964192708333,4.139483961483664,5.549721342548122,5.788689210172677,7.738523111750663
00000426,constant,2.0,0.026447040014966814,0.9542351597478765,3.6666666666666714,76.564453125,80.23111979166667,4.139483961483664,4.139483961483663,5.788689210172677,5.788689210172677
00000426,rademacher,2.0,0.026447040014966814,0.9510880390399362,0.0641276041666714,76.564453125,76.50032552083333,4.139483961483664,7.1042121304078,5.788689210172677,10.194721159915934
00000426,gaussian,2.0,0.026447040014966814,0.9499311893755565,0.22607421875,76.564453125,76.33837890625,4.139483961483664,8.591205218436242,5.788689210172677,12.155754055539232
00000426,constant,3.0,0.026447040014966814,0.9329096927614186,5.5,76.564453125,82.064453125,4.139483961483664,4.139483961483663,5.788689210172677,5.788689210172677
00000426,rademacher,3.0,0.026447040014966814,0.9273317758736076,0.3115234375,76.564453125,76.2529296875,4.139483961483664,9.590857522502722,5.788689210172677,13.710810650923383
00000426,gaussian,3.0,0.026447040014966814,0.9278507800580738,0.1012369791666714,76.564453125,76.46321614583333,4.139483961483664,11.710594085571344,5.788689210172677,16.06958046480821
00000443,constant,1.0,0.026745102322642055,0.9765909137086779,1.7999999999999972,75.1015625,76.9015625,3.6541889189484906,3.6541889189484906,5.622638550615991,5.622638550615991
00000443,rademacher,1.0,0.026745102322642055,0.9748969680453109,0.17343750000000568,75.1015625,74.928125,3.6541889189484906,4.687682454298996,5.622638550615991,7.041987509945635
00000443,gaussian,1.0,0.026745102322642055,0.9761613896297286,0.12910156249999716,75.1015625,74.9724609375,3.6541889189484906,5.1945725498072655,5.622638550615991,7.664717161215355
00000443,constant,2.0,0.026745102322642055,0.9542550973813259,3.5999999999999943,75.1015625,78.7015625,3.6541889189484906,3.6541889189484906,5.622638550615991,5.622638550615991
00000443,rademacher,2.0,0.026745102322642055,0.9507420792430995,0.07656249999999432,75.1015625,75.025,3.6541889189484906,6.862187904444788,5.622638550615991,9.89757902814063
00000443,gaussian,2.0,0.026745102322642055,0.9501947521036782,0.19257812499999716,75.1015625,74.908984375,3.6541889189484906,8.21329623709527,5.622638550615991,11.81721870871184
00000443,constant,3.0,0.026745102322642055,0.9329181304710701,5.400000000000006,75.1015625,80.5015625,3.6541889189484906,3.6541889189484906,5.622638550615991,5.622638550615991
00000443,rademacher,3.0,0.026745102322642055,0.9268643802119255,0.146484375,75.1015625,74.955078125,3.6541889189484906,9.429328013502897,5.622638550615991,13.895260117376319
00000443,gaussian,3.0,0.026745102322642055,0.9275693713297837,0.3753906249999943,75.1015625,74.726171875,3.6541889189484906,11.317213726035765,5.622638550615991,16.08058831311748
00000447,constant,1.0,0.027218775023313903,0.9752873553983284,1.875,74.09326171875,75.96826171875,4.064931961195851,4.064931961195851,5.5625563217825125,5.5625563217825125
00000447,rademacher,1.0,0.027218775023313903,0.9741655507048051,0.075927734375,74.09326171875,74.017333984375,4.064931961195851,5.036959131734454,5.5625563217825125,6.834159441446648
00000447,gaussian,1.0,0.027218775023313903,0.9739497178807797,0.033203125,74.09326171875,74.06005859375,4.064931961195851,5.6630901592748835,5.5625563217825125,7.835186284635213
00000447,constant,2.0,0.027218775023313903,0.9517786238952208,3.75,74.09326171875,77.84326171875,4.064931961195851,4.064931961195851,5.5625563217825125,5.5625563217825125
00000447,rademacher,2.0,0.027218775023313903,0.9489696757478263,0.05615234375,74.09326171875,74.037109375,4.064931961195851,7.1598828549667175,5.5625563217825125,10.176942542023339
00000447,gaussian,2.0,0.027218775023313903,0.9506577150147998,0.007080078125,74.09326171875,74.100341796875,4.064931961195851,8.358325112222476,5.5625563217825125,11.592340509296461
00000447,constant,3.0,0.027218775023313903,0.9293822381406659,5.625,74.09326171875,79.71826171875,4.064931961195851,4.064931961195851,5.5625563217825125,5.5625563217825125
00000447,rademacher,3.0,0.027218775023313903,0.9242505332064966,0.2662353515625,74.09326171875,73.8270263671875,4.064931961195851,9.635986430206785,5.5625563217825125,13.42168295838793
00000447,gaussian,3.0,0.027218775023313903,0.9266674289925229,0.0926513671875,74.09326171875,74.0006103515625,4.064931961195851,11.541475814733456,5.5625563217825125,16.355729095323692
00000449,constant,1.0,0.0253758102330713,0.9778073166502919,1.7999999999999972,79.3078125,81.1078125,3.6099163049332317,3.6099163049332317,5.2048864328718665,5.2048864328718665
00000449,rademacher,1.0,0.0253758102330713,0.9763133351028728,0.10410156249999147,79.3078125,79.2037109375,3.6099163049332317,4.674754076954702,5.2048864328718665,6.5478342816472574
00000449,gaussian,1.0,0.0253758102330713,0.9775373403353567,0.046484374999991473,79.3078125,79.261328125,3.6099163049332317,5.211203709634388,5.2048864328718665,7.271841131556862
00000449,constant,2.0,0.0253758102330713,0.9565782778311754,3.6000000000000085,79.3078125,82.9078125,3.6099163049332317,3.6099163049332326,5.2048864328718665,5.2048864328718665
00000449,rademacher,2.0,0.0253758102330713,0.9531119093246536,0.16484375000000284,79.3078125,79.14296875,3.6099163049332317,6.7632509212632055,5.2048864328718665,9.627585297511908
00000449,gaussian,2.0,0.0253758102330713,0.9545016410350329,0.20097656250000284,79.3078125,79.1068359375,3.6099163049332317,8.04663148646054,5.2048864328718665,11.641586024815393
00000449,constant,3.0,0.0253758102330713,0.9362514526036191,5.400000000000006,79.3078125,84.7078125,3.6099163049332317,3.6099163049332335,5.2048864328718665,5.2048864328718665
00000449,rademacher,3.0,0.0253758102330713,0.930539982717125,0.22499999999999432,79.3078125,79.0828125,3.6099163049332317,9.296559083068038,5.2048864328718665,13.389205554749342
00000449,gaussian,3.0,0.0253758102330713,0.9279153406913558,0.4169921875,79.3078125,78.8908203125,3.6099163049332317,11.776388793313787,5.2048864328718665,17.05763776705545
00000452,constant,1.0,0.017735624458279302,0.9851232410066169,1.8522250209907725,123.69633361321019,125.54855863420096,22.183366133692555,22.14618571732473,52.0251752702641,51.93136675005676
00000452,rademacher,1.0,0.017735624458279302,0.9844070477178936,0.08659117200078015,123.69633361321019,123.6097424412094,22.183366133692555,22.1783281249918,52.0251752702641,51.82269503521014
00000452,gaussian,1.0,0.017735624458279302,0.9848638034383903,0.057195875248254424,123.69633361321019,123.63913773796193,22.183366133692555,22.398461412503817,52.0251752702641,51.96071536884006
00000452,constant,2.0,0.017735624458279302,0.9707636641643984,3.7038902882731577,123.69633361321019,127.40022390148334,22.183366133692555,22.109503130159332,52.0251752702641,51.83932745593716
00000452,rademacher,2.0,0.017735624458279302,0.9691351970648681,0.036014374901583324,123.69633361321019,123.6603192383086,22.183366133692555,22.68700437557393,52.0251752702641,52.14056602306106
00000452,gaussian,2.0,0.017735624458279302,0.9689210960845528,0.028640444117243646,123.69633361321019,123.66769316909294,22.183366133692555,23.285127229549907,52.0251752702641,52.95640242837862
00000452,constant,3.0,0.017735624458279302,0.9568622780424426,5.553596417576273,123.69633361321019,129.24993003078646,22.183366133692555,22.073274673972115,52.0251752702641,51.7454478523671
00000452,rademacher,3.0,0.017735624458279302,0.9541605807108396,0.15558872382345612,123.69633361321019,123.54074488938673,22.183366133692555,23.518190225641707,52.0251752702641,52.78240893851263
00000452,gaussian,3.0,0.017735624458279302,0.9528963050196128,0.3790555398413886,123.69633361321019,123.3172780733688,22.183366133692555,24.743640294624697,52.0251752702641,53.48157970090924
00000457,constant,1.0,0.02435598964562556,0.9763179252634232,2.0,82.469140625,84.469140625,4.098549030208082,4.098549030208082,5.71752876599641,5.71752876599641
00000457,rademacher,1.0,0.02435598964562556,0.9760296575063542,0.03125,82.469140625,82.437890625,4.098549030208082,5.065067143670393,5.71752876599641,7.077209717112597
00000457,gaussian,1.0,0.02435598964562556,0.9774325118951958,0.078125,82.469140625,82.391015625,4.098549030208082,5.583028168561787,5.71752876599641,7.7636997704851805
00000457,constant,2.0,0.02435598964562556,0.9537315826446001,4.0,82.469140625,86.469140625,4.098549030208082,4.098549030208083,5.71752876599641,5.71752876599641
00000457,rademacher,2.0,0.02435598964562556,0.9526557743822531,0.0703125,82.469140625,82.539453125,4.098549030208082,7.275080609132928,5.71752876599641,10.253773581960811
00000457,gaussian,2.0,0.02435598964562556,0.9526133628652084,0.017578125,82.469140625,82.48671875,4.098549030208082,8.613899383731482,5.71752876599641,12.086352853797118
00000457,constant,3.0,0.02435598964562556,0.9321687028933995,6.0,82.469140625,88.469140625,4.098549030208082,4.0985490302080825,5.71752876599641,5.71752876599641
00000457,rademacher,3.0,0.02435598964562556,0.9298280071345866,0.10546875,82.469140625,82.574609375,4.098549030208082,9.80750312152114,5.71752876599641,13.604147575120257
00000457,gaussian,3.0,0.02435598964562556,0.9303390337526631,0.16796875,82.469140625,82.637109375,4.098549030208082,12.019496787559536,5.71752876599641,17.46198276449482
00000463,constant,1.0,0.014455810771112921,0.9886402488116377,1.7134862898712981,150.52574146614438,152.23922775601568,12.738417713362598,12.738417713362594,25.570368743592557,25.570368743592557
00000463,rademacher,1.0,0.014455810771112921,0.9875865842679598,0.15444879686626223,150.52574146614438,150.37129266927812,12.738417713362598,13.4825549100829,25.570368743592557,26.443391074725774
00000463,gaussian,1.0,0.014455810771112921,0.9879116044160818,0.10912143256854279,150.52574146614438,150.41662003357584,12.738417713362598,13.896190330561241,25.570368743592557,26.91318318938196
00000463,constant,2.0,0.014455810771112921,0.9775889897051125,3.426972579742568,150.52574146614438,153.95271404588695,12.738417713362598,12.738417713362598,25.570368743592557,25.570368743592557
00000463,rademacher,2.0,0.014455810771112921,0.9753714600956234,0.3064751541869555,150.52574146614438,150.21926631195743,12.738417713362598,14.753123191291495,25.570368743592557,27.92610847958499
00000463,gaussian,2.0,0.014455810771112921,0.9753394999898918,0.2187165571043579,150.52574146614438,150.30702490904002,12.738417713362598,15.862968752710307,25.570368743592557,29.410229303439742
00000463,constant,3.0,0.014455810771112921,0.9668029206527249,5.140458869613866,150.52574146614438,155.66620033575825,12.738417713362598,12.7384177133626,25.570368743592557,25.570368743592557
00000463,rademacher,3.0,0.014455810771112921,0.9634791001016297,0.23966693546353213,150.52574146614438,150.28607453068085,12.738417713362598,16.281020464877763,25.570368743592557,30.082169442558765
00000463,gaussian,3.0,0.014455810771112921,0.9636063859733783,0.1464311213167946,150.52574146614438,150.3793103448276,12.738417713362598,17.817186059394032,25.570368743592557,31.785603574624353
00000477,constant,1.0,0.029088469328250113,0.973416730628669,1.8888888888888857,69.22059461805556,71.10948350694444,3.5961974601215294,3.5961974601215303,5.01176643688362,5.01176643688362
00000477,rademacher,1.0,0.029088469328250113,0.9722117366040212,0.109375,69.22059461805556,69.11121961805556,3.5961974601215294,4.695724866992095,5.01176643688362,6.566050459830126
00000477,gaussian,1.0,0.029088469328250113,0.972716044993562,0.04242621527777146,69.22059461805556,69.26302083333333,3.5961974601215294,5.219008465926226,5.01176643688362,7.2576564503745935
00000477,constant,2.0,0.029088469328250113,0.9482186600708731,3.7777777777777715,69.22059461805556,72.99837239583333,3.5961974601215294,3.5961974601215294,5.01176643688362,5.01176643688362
00000477,rademacher,2.0,0.029088469328250113,0.9452129657050568,0.16775173611111427,69.22059461805556,69.05284288194444,3.5961974601215294,6.868968506727067,5.01176643688362,9.734436529777085
00000477,gaussian,2.0,0.029088469328250113,0.9458611166211454,0.06271701388888573,69.22059461805556,69.15787760416667,3.5961974601215294,8.287221393368128,5.01176643688362,11.490509852872954
00000477,constant,3.0,0.029088469328250113,0.9243002719655269,5.666666666666671,69.22059461805556,74.88726128472223,3.5961974601215294,3.5961974601215294,5.01176643688362,5.01176643688362
00000477,rademacher,3.0,0.029088469328250113,0.918923151283723,0.1552734375,69.22059461805556,69.06532118055556,3.5961974601215294,9.425964437959331,5.01176643688362,13.20174889249522
00000477,gaussian,3.0,0.029088469328250113,0.9195186602006085,0.14301215277778567,69.22059461805556,69.07758246527777,3.5961974601215294,11.564484177986063,5.01176643688362,16.46460196360133
00000497,constant,1.0,0.02580208545503525,0.9761380217101993,2.0,82.31440929981076,84.31440929981076,14.999549838148955,14.999549838148953,31.307628990684197,31.307628990684197
00000497,rademacher,1.0,0.02580208545503525,0.975836395030314,0.017391673688422316,82.31440929981076,82.33180097349918,14.999549838148955,15.1947737391488,31.307628990684197,31.375118499052782
00000497,gaussian,1.0,0.02580208545503525,0.9773979545425011,0.014247049945964818,82.31440929981076,82.3001622498648,14.999549838148955,15.397318141728325,31.307628990684197,31.588362156733695
00000497,constant,2.0,0.02580208545503525,0.9534420437389196,4.0,82.31440929981076,86.31440929981076,14.999549838148955,14.999549838148955,31.307628990684197,31.307628990684197
00000497,rademacher,2.0,0.02580208545503525,0.9523308617902866,0.07747162035161637,82.31440929981076,82.39188092016238,14.999549838148955,15.676058948057477,31.307628990684197,31.39479865853961
00000497,gaussian,2.0,0.02580208545503525,0.9534110083855694,0.11942019951264626,82.31440929981076,82.43382949932341,14.999549838148955,16.457218112335582,31.307628990684197,32.18045039445109
00000497,constant,3.0,0.02580208545503525,0.9318031542342166,6.0,82.31440929981076,88.31440929981076,14.999549838148955,14.999549838148953,31.307628990684197,31.307628990684197
00000497,rademacher,3.0,0.02580208545503525,0.9293076701003454,0.08322359325960349,82.31440929981076,82.23118570655116,14.999549838148955,17.313661767154798,31.307628990684197,33.14156042664336
00000497,gaussian,3.0,0.02580208545503525,0.9288033071684906,0.02027794633058022,82.31440929981076,82.33468724614134,14.999549838148955,18.701737874902197,31.307628990684197,34.9557137052962
00000508,constant,1.0,0.02755661565317041,0.9750157531977367,1.875,73.29248046875,75.16748046875,3.953672745454022,3.9536727454540213,5.477694279984359,5.477694279984359
00000508,rademacher,1.0,0.02755661565317041,0.9738589395880654,0.0745849609375,73.29248046875,73.2178955078125,3.953672745454022,4.9214401470851,5.477694279984359,6.830880701734842
00000508,gaussian,1.0,0.02755661565317041,0.9736712764261186,0.0037841796875,73.29248046875,73.2886962890625,3.953672745454022,5.600705324670955,5.477694279984359,7.792662735555862
00000508,constant,2.0,0.02755661565317041,0.9512645732520812,3.75,73.29248046875,77.04248046875,3.953672745454022,3.9536727454540204,5.477694279984359,5.477694279984359
00000508,rademacher,2.0,0.02755661565317041,0.9483773150743701,0.214111328125,73.29248046875,73.078369140625,3.953672745454022,7.057065780620087,5.477694279984359,10.06305636732045
00000508,gaussian,2.0,0.02755661565317041,0.9491549967215142,0.3310546875,73.29248046875,72.96142578125,3.953672745454022,8.269356139059479,5.477694279984359,11.589530390890243
00000508,constant,3.0,0.02755661565317041,0.9286487690489597,5.625,73.29248046875,78.91748046875,3.953672745454022,3.9536727454540186,5.477694279984359,5.477694279984359
00000508,rademacher,3.0,0.02755661565317041,0.9233615145603006,0.3641357421875,73.29248046875,72.9283447265625,3.953672745454022,9.569108321644496,5.477694279984359,13.43365678599391
00000508,gaussian,3.0,0.02755661565317041,0.9219337227222192,0.12255859375,73.29248046875,73.169921875,3.953672745454022,12.080479111768897,5.477694279984359,17.007560483133943
00000511,constant,1.0,0.02630943682870542,0.9754877642906931,2.0,79.73158840133436,81.73158840133436,15.479224901042832,15.479224901042835,18.525690953089814,18.525690953089814
00000511,rademacher,1.0,0.02630943682870542,0.9751780600748154,0.025147549396962177,79.73158840133436,79.75673595073133,15.479224901042832,15.882184558773869,18.525690953089814,19.051222319980806
00000511,gaussian,1.0,0.02630943682870542,0.9752482956983267,0.033872209391830665,79.73158840133436,79.7654606107262,15.479224901042832,16.18045644615711,18.525690953089814,19.46338417891821
00000511,constant,2.0,0.02630943682870542,0.9521659847683844,4.0,79.73158840133436,83.73158840133436,15.479224901042832,15.479224901042832,18.525690953089814,18.525690953089814
00000511,rademacher,2.0,0.02630943682870542,0.9509880256440847,0.030218580185149335,79.73158840133436,79.76180698151951,15.479224901042832,17.014323156648537,18.525690953089814,20.77628976973269
00000511,gaussian,2.0,0.02630943682870542,0.9513499417167023,0.05884712823375082,79.73158840133436,79.67274127310061,15.479224901042832,17.80945161792625,18.525690953089814,21.899673916570755
00000511,constant,3.0,0.02630943682870542,0.9299472299463319,6.0,79.73158840133436,85.73158840133436,15.479224901042832,15.479224901042834,18.525690953089814,18.525690953089814
00000511,rademacher,3.0,0.02630943682870542,0.9274528038686878,0.1592693285064115,79.73158840133436,79.89085772984077,15.479224901042832,18.56537477778356,18.525690953089814,22.553111181787106
00000511,gaussian,3.0,0.02630943682870542,0.9295993341904389,0.05551997051976798,79.73158840133436,79.78710837185413,15.479224901042832,19.514713908441063,18.525690953089814,24.204815581449775
00000523,constant,1.0,0.027854812298217832,0.9776634975028776,1.8019821220365344,79.41624562767198,81.21822774970852,16.570646405745766,16.552335466286674,34.525105525597745,34.50050735631389
00000523,rademacher,1.0,0.027854812298217832,0.9761890356789356,0.08621647315302994,79.41624562767198,79.33002915451895,16.570646405745766,16.9598138056778,34.525105525597745,34.89509405271213
00000523,gaussian,1.0,0.027854812298217832,0.9770909892516357,0.15769197292858905,79.41624562767198,79.2585536547434,16.570646405745766,17.20579963090269,34.525105525597745,35.11245541491461
00000523,constant,2.0,0.027854812298217832,0.9563701909008977,3.6037699183832075,79.41624562767198,83.02001554605519,16.570646405745766,16.535740260405422,34.525105525597745,34.47979701219904
00000523,rademacher,2.0,0.027854812298217832,0.9529193586982532,0.12019427579491548,79.41624562767198,79.29605135187707,16.570646405745766,17.896001359494804,34.525105525597745,35.70392952001865
00000523,gaussian,2.0,0.027854812298217832,0.9535304377785913,0.09820519221320012,79.41624562767198,79.31804043545878,16.570646405745766,18.732347348448254,34.525105525597745,36.771512000382224
00000523,constant,3.0,0.027854812298217832,0.9360125184431676,5.405363389040019,79.41624562767198,84.821609016712,16.570646405745766,16.52104879877822,34.525105525597745,34.46315573020696
00000523,rademacher,3.0,0.027854812298217832,0.9304737715850561,0.07305496619338214,79.41624562767198,79.3431906614786,16.570646405745766,19.2122126684645,34.525105525597745,37.12950869537291
00000523,gaussian,3.0,0.027854812298217832,0.9315381916124504,0.3416739765816459,79.41624562767198,79.07457165109034,16.570646405745766,20.048089661857635,34.525105525597745,37.65705338216602
00000528,constant,1.0,0.024964848172306403,0.9758081478205317,2.0,80.80322265625,82.80322265625,3.9532317552521743,3.953231755252174,5.448366453607569,5.448366453607569
00000528,rademacher,1.0,0.024964848172306403,0.975515684363376,0.05078125,80.80322265625,80.85400390625,3.9532317552521743,4.941092542959447,5.448366453607569,6.862774791975269
00000528,gaussian,1.0,0.024964848172306403,0.9762249286946899,0.0078125,80.80322265625,80.81103515625,3.9532317552521743,5.494511839805191,5.448366453607569,7.637139125316544
00000528,constant,2.0,0.024964848172306403,0.9527737685787987,4.0,80.80322265625,84.80322265625,3.9532317552521743,3.9532317552521743,5.448366453607569,5.448366453607569
00000528,rademacher,2.0,0.024964848172306403,0.9515877495393196,0.07421875,80.80322265625,80.72900390625,3.9532317552521743,7.174010047201464,5.448366453607569,10.034972793268553
00000528,gaussian,2.0,0.024964848172306403,0.9521021369724977,0.1552734375,80.80322265625,80.64794921875,3.9532317552521743,8.55952788695781,5.448366453607569,12.329243604451916
00000528,constant,3.0,0.024964848172306403,0.9308122561253438,6.0,80.80322265625,86.80322265625,3.9532317552521743,3.9532317552521747,5.448366453607569,5.448366453607569
00000528,rademacher,3.0,0.024964848172306403,0.9282469104121589,0.158203125,80.80322265625,80.64501953125,3.9532317552521743,9.857392922129213,5.448366453607569,13.846079317946154
00000528,gaussian,3.0,0.024964848172306403,0.9291900350890835,0.07421875,80.80322265625,80.72900390625,3.9532317552521743,11.829455092501908,5.448366453607569,16.580134245192028
00000573,constant,1.0,0.02632375516205055,0.976168804957775,1.8047704950892012,74.17578673080777,75.98055722589697,11.87057188472145,11.838705682105692,16.226831295508067,16.16134482329438
00000573,rademacher,1.0,0.02632375516205055,0.9746391708538689,0.06692546376687858,74.17578673080777,74.1088612670409,11.87057188472145,12.407699127696338,16.226831295508067,16.95165103459577
00000573,gaussian,1.0,0.02632375516205055,0.9756650112070785,0.08797598501787718,74.17578673080777,74.0878107457899,11.87057188472145,12.746663611614196,16.226831295508067,17.465454961451083
00000573,constant,2.0,0.02632375516205055,0.9535035343292505,3.6081379033874583,74.17578673080777,77.78392463419523,11.87057188472145,11.809460842214628,16.226831295508067,16.110329478825314
00000573,rademacher,2.0,0.02632375516205055,0.9496047900397586,0.2508118060334539,74.17578673080777,73.92497492477432,11.87057188472145,13.555347136840929,16.226831295508067,18.455818607859015
00000573,gaussian,2.0,0.02632375516205055,0.9511004057597838,0.08617165462493404,74.17578673080777,74.08961507618284,11.87057188472145,14.639421010065684,16.226831295508067,20.062679670526244
00000573,constant,3.0,0.02632375516205055,0.9318950557739725,5.41070354780517,74.17578673080777,79.58649027861294,11.87057188472145,11.782116242051549,16.226831295508067,16.06898649219861
00000573,rademacher,3.0,0.02632375516205055,0.9256545703901088,0.2062904434306887,74.17578673080777,73.96949628737708,11.87057188472145,15.29288912294757,16.226831295508067,21.134848755295593
00000573,gaussian,3.0,0.02632375516205055,0.9259552131265233,0.15594114396645864,74.17578673080777,74.33172787477423,11.87057188472145,16.856814101332954,16.226831295508067,23.50329155938733
00000577,constant,1.0,0.026076283987915408,0.977888565757282,1.75,77.586669921875,79.336669921875,3.77152550617939,3.7715255061793895,5.482802962857383,5.482802962857383
00000577,rademacher,1.0,0.026076283987915408,0.976060295815453,0.128173828125,77.586669921875,77.45849609375,3.77152550617939,4.7733448455617715,5.482802962857383,6.751949224447793
00000577,gaussian,1.0,0.026076283987915408,0.9762570570944212,0.039306640625,77.586669921875,77.54736328125,3.77152550617939,5.452021507781679,5.482802962857383,7.69192193955642
00000577,constant,2.0,0.026076283987915408,0.9567539736784264,3.5,77.586669921875,81.086669921875,3.77152550617939,3.7715255061793886,5.482802962857383,5.482802962857383
00000577,rademacher,2.0,0.026076283987915408,0.9526152993859932,0.26123046875,77.586669921875,77.325439453125,3.77152550617939,6.839560984027007,5.482802962857383,9.608660170534314
00000577,gaussian,2.0,0.026076283987915408,0.9531596725676809,0.43408203125,77.586669921875,77.152587890625,3.77152550617939,8.191031893234628,5.482802962857383,11.75263864021093
00000577,constant,3.0,0.026076283987915408,0.9365246377067878,5.25,77.586669921875,82.836669921875,3.77152550617939,3.771525506179389,5.482802962857383,5.482802962857383
00000577,rademacher,3.0,0.026076283987915408,0.9297197615432135,0.333251953125,77.586669921875,77.25341796875,3.77152550617939,9.294435610270437,5.482802962857383,13.235975467722355
00000577,gaussian,3.0,0.026076283987915408,0.931339792341172,0.34423828125,77.586669921875,77.242431640625,3.77152550617939,11.269275522528758,5.482802962857383,15.956182943255897
00000581,constant,1.0,0.024011303541369274,0.9767208748271388,2.0,83.976806640625,85.976806640625,4.2875392184304175,4.287539218430418,6.246928721918396,6.246928721918396
00000581,rademacher,1.0,0.024011303541369274,0.9764485519507942,0.013671875,83.976806640625,83.990478515625,4.2875392184304175,5.279149654032006,6.246928721918396,7.584988319140933
00000581,gaussian,1.0,0.024011303541369274,0.9765055275198397,0.0556640625,83.976806640625,84.032470703125,4.2875392184304175,5.8104821414348615,6.246928721918396,8.309043062538521
00000581,constant,2.0,0.024011303541369274,0.954516821006069,4.0,83.976806640625,87.976806640625,4.2875392184304175,4.2875392184304175,6.246928721918396,6.246928721918396
00000581,rademacher,2.0,0.024011303541369274,0.9534700203526082,0.0625,83.976806640625,84.039306640625,4.2875392184304175,7.4336732091873765,6.246928721918396,10.76820007632891
00000581,gaussian,2.0,0.024011303541369274,0.9525811295262371,0.0048828125,83.976806640625,83.971923828125,4.2875392184304175,8.918078663619522,6.246928721918396,12.488385555535377
00000581,constant,3.0,0.024011303541369274,0.9332998684014164,6.0,83.976806640625,89.976806640625,4.2875392184304175,4.287539218430419,6.246928721918396,6.246928721918396
00000581,rademacher,3.0,0.024011303541369274,0.9309760103314196,0.029296875,83.976806640625,83.947509765625,4.2875392184304175,9.918875682565037,6.246928721918396,14.387538536870139
00000581,gaussian,3.0,0.024011303541369274,0.9305019087939458,0.29296875,83.976806640625,83.683837890625,4.2875392184304175,12.183480602811528,6.246928721918396,17.456427756611692
00000592,constant,1.0,0.030050397536560493,0.9736128617115369,1.9089323098395,70.48063503140266,72.38956734124216,21.403096957737,21.392476823650124,25.515291071146546,25.50010540542286
00000592,rademacher,1.0,0.030050397536560493,0.9725846363549756,0.056202221629533256,70.48063503140266,70.42443280977312,21.403096957737,21.709688296038593,25.515291071146546,25.822826674996286
00000592,gaussian,1.0,0.030050397536560493,0.9730193033222226,0.03812915082809809,70.48063503140266,70.51876418223075,21.403096957737,21.860664034708094,25.515291071146546,26.04946545147743
00000592,constant,2.0,0.030050397536560493,0.9486047581925255,3.8173412421493396,70.48063503140266,74.297976273552,21.403096957737,21.38258665251825,25.515291071146546,25.48562463748758
00000592,rademacher,2.0,0.030050397536560493,0.9459942611674742,0.026350647954657802,70.48063503140266,70.50698567935731,21.403096957737,22.336145478400617,25.515291071146546,27.065595657455386
00000592,gaussian,2.0,0.030050397536560493,0.9447949374891641,0.0035626288033796527,70.48063503140266,70.48419766020604,21.403096957737,22.9397687639175,25.515291071146546,28.024720496857977
00000592,constant,3.0,0.030050397536560493,0.9248534269813399,5.725401256106068,70.48063503140266,76.20603628750872,21.403096957737,21.37342067236115,25.515291071146546,25.47215465888341
00000592,rademacher,3.0,0.030050397536560493,0.9199211965185612,0.06539560462880445,70.48063503140266,70.41523942677385,21.403096957737,23.457310895569954,25.515291071146546,28.94534409081176
00000592,gaussian,3.0,0.030050397536560493,0.9196378297343594,0.12195147681126173,70.48063503140266,70.60258650821392,21.403096957737,24.50612269014478,25.515291071146546,30.256428840420508
00000596,constant,1.0,0.024253521390925972,0.9765174808204344,2.0,83.3142578125,85.3142578125,3.9708808033299148,3.9708808033299134,5.694649109489986,5.694649109489986
00000596,rademacher,1.0,0.024253521390925972,0.9762347195062049,0.025390625,83.3142578125,83.2888671875,3.9708808033299148,4.97621974503352,5.694649109489986,7.120638118956812
00000596,gaussian,1.0,0.024253521390925972,0.9769385228226544,0.0908203125,83.3142578125,83.2234375,3.9708808033299148,5.527154422602335,5.694649109489986,7.738908257321606
00000596,constant,2.0,0.024253521390925972,0.9541253209974857,4.0,83.3142578125,87.3142578125,3.9708808033299148,3.9708808033299148,5.694649109489986,5.694649109489986
00000596,rademacher,2.0,0.024253521390925972,0.9530072518541933,0.08203125,83.3142578125,83.2322265625,3.9708808033299148,7.195760186133458,5.694649109489986,10.192790348893578
00000596,gaussian,2.0,0.024253521390925972,0.9532127204275236,0.0654296875,83.3142578125,83.3796875,3.9708808033299148,8.578736284030402,5.694649109489986,11.98735280798382
00000596,constant,3.0,0.024253521390925972,0.9327493117044144,6.0,83.3142578125,89.3142578125,3.9708808033299148,3.9708808033299148,5.694649109489986,5.694649109489986
00000596,rademacher,3.0,0.024253521390925972,0.9303154360439431,0.2109375,83.3142578125,83.1033203125,3.9708808033299148,9.8304621667881,5.694649109489986,13.842675449603272
00000596,gaussian,3.0,0.024253521390925972,0.9306677595232489,0.0703125,83.3142578125,83.2439453125,3.9708808033299148,12.041021043414384,5.694649109489986,17.23648397161781
00000599,constant,1.0,0.024988297769312717,0.9757841600844207,2.0,80.67399088541667,82.67399088541667,4.10818989459275,4.10818989459275,5.359002650807238,5.359002650807238
00000599,rademacher,1.0,0.024988297769312717,0.9754858485583486,0.009765625,80.67399088541667,80.66422526041667,4.10818989459275,5.130612595672734,5.359002650807238,6.810980714682617
00000599,gaussian,1.0,0.024988297769312717,0.9764843880913814,0.0771484375,80.67399088541667,80.59684244791667,4.10818989459275,5.626220615257643,5.359002650807238,7.660008684434136
00000599,constant,2.0,0.024988297769312717,0.952718898792647,4.0,80.67399088541667,84.67399088541667,4.10818989459275,4.108189894592751,5.359002650807238,5.359002650807238
00000599,rademacher,2.0,0.024988297769312717,0.9515597031237385,0.03515625,80.67399088541667,80.63883463541667,4.10818989459275,7.2738762915460144,5.359002650807238,9.990268996719879
00000599,gaussian,2.0,0.024988297769312717,0.9499353859044891,0.0166015625,80.67399088541667,80.69059244791667,4.10818989459275,8.849937622500734,5.359002650807238,12.328984874094822
00000599,constant,3.0,0.024988297769312717,0.930727614497832,6.0,80.67399088541667,86.67399088541667,4.10818989459275,4.10818989459275,5.359002650807238,5.359002650807238
00000599,rademacher,3.0,0.024988297769312717,0.9281985223294812,0.052734375,80.67399088541667,80.62125651041667,4.10818989459275,9.940091069234187,5.359002650807238,13.766695617037868
00000599,gaussian,3.0,0.024988297769312717,0.9295840897517134,0.23828125,80.67399088541667,80.91227213541667,4.10818989459275,11.80548183344429,5.359002650807238,16.30020651021636
00000602,constant,1.0,0.027221377207452317,0.9777140104308485,1.7228687415426265,75.80811907983762,77.53098782138025,14.036365811643044,14.036365811643044,21.763650650254053,21.763650650254053
00000602,rademacher,1.0,0.027221377207452317,0.9756767248985354,0.052635732965157445,75.80811907983762,75.75548334687247,14.036365811643044,14.499702250516437,21.763650650254053,22.01132979706213
00000602,gaussian,1.0,0.027221377207452317,0.9764687179849507,0.16274820815381474,75.80811907983762,75.64537087168381,14.036365811643044,14.82100385054599,21.763650650254053,22.402790562842032
00000602,constant,2.0,0.027221377207452317,0.9564225587788345,3.4457374830852388,75.80811907983762,79.25385656292286,14.036365811643044,14.036365811643046,21.763650650254053,21.763650650254053
00000602,rademacher,2.0,0.027221377207452317,0.9516675633939614,0.369992895163918,75.80811907983762,75.4381261846737,14.036365811643044,15.552291979128277,21.763650650254053,23.355620833747317
00000602,gaussian,2.0,0.027221377207452317,0.9515381903355639,0.2740097132972892,75.80811907983762,75.53410936654033,14.036365811643044,16.584112235612533,21.763650650254053,24.595205821176563
00000602,constant,3.0,0.027221377207452317,0.9360543035423636,5.168606224627865,75.80811907983762,80.97672530446549,14.036365811643044,14.036365811643046,21.763650650254053,21.763650650254053
00000602,rademacher,3.0,0.027221377207452317,0.928576361075049,0.35512531121123914,75.80811907983762,75.45299376862638,14.036365811643044,16.91669320765941,21.763650650254053,25.085355964463457
00000602,gaussian,3.0,0.027221377207452317,0.930851229031579,0.12014508200446983,75.80811907983762,75.68797399783315,14.036365811643044,18.46609242631869,21.763650650254053,27.409547155096718
00000609,constant,1.0,0.02418436625855695,0.9765453056294012,2.0,83.3720703125,85.3720703125,4.0972605067780234,4.0972605067780234,5.890418389872503,5.890418389872503
00000609,rademacher,1.0,0.02418436625855695,0.9762715395030725,0.033203125,83.3720703125,83.4052734375,4.0972605067780234,5.091005198078848,5.890418389872503,7.230515451735522
00000609,gaussian,1.0,0.02418436625855695,0.9772815731919784,0.0419921875,83.3720703125,83.330078125,4.0972605067780234,5.571984901055048,5.890418389872503,8.071483310303753
00000609,constant,2.0,0.02418436625855695,0.954178439858364,4.0,83.3720703125,87.3720703125,4.0972605067780234,4.097260506778023,5.890418389872503,5.890418389872503
00000609,rademacher,2.0,0.02418436625855695,0.9531029498207967,0.04296875,83.3720703125,83.4150390625,4.0972605067780234,7.264316471813311,5.890418389872503,10.380658990161088
00000609,gaussian,2.0,0.02418436625855695,0.9524857610414781,0.1123046875,83.3720703125,83.484375,4.0972605067780234,8.739719835149682,5.890418389872503,12.056012235992565
00000609,constant,3.0,0.02418436625855695,0.9328234098582777,6.0,83.3720703125,89.3720703125,4.0972605067780234,4.0972605067780234,5.890418389872503,5.890418389872503
00000609,rademacher,3.0,0.02418436625855695,0.9304858530233567,0.052734375,83.3720703125,83.4248046875,4.0972605067780234,9.831759705858726,5.890418389872503,13.629121176522043
00000609,gaussian,3.0,0.02418436625855695,0.9308543345178996,0.08535156249999432,83.3720703125,83.457421875,4.0972605067780234,12.003814309504088,5.890418389872503,17.071571775329314
00000617,constant,1.0,0.02713684085651581,0.9760291320872689,1.6948770491803202,69.10040983606558,70.7952868852459,6.098965643986868,6.020175910912593,10.69805832501973,10.754722021409174
00000617,rademacher,1.0,0.02713684085651581,0.9735607563446274,0.17233606557377357,69.10040983606558,68.9280737704918,6.098965643986868,6.89262279635766,10.69805832501973,11.721117565686683
00000617,gaussian,1.0,0.02713684085651581,0.9743728050374939,0.1756147540983619,69.10040983606558,68.92479508196722,6.098965643986868,7.308424534961498,10.69805832501973,12.268581419782198
00000617,constant,2.0,0.02713684085651581,0.9538357958579798,3.340368852459008,69.10040983606558,72.44077868852459,6.098965643986868,5.926148743399158,10.69805832501973,10.785921997662667
00000617,rademacher,2.0,0.02713684085651581,0.9480921467909035,0.30639466902314894,69.10040983606558,68.79401516704243,6.098965643986868,8.452412901590678,10.69805832501973,13.61631334184931
00000617,gaussian,2.0,0.02713684085651581,0.947681693371798,0.393237704918036,69.10040983606558,68.70717213114754,6.098965643986868,9.743040521257862,10.69805832501973,15.639106952996547
00000617,constant,3.0,0.02713684085651581,0.9330448065173116,4.953688524590163,69.10040983606558,74.05409836065574,6.098965643986868,5.8435048363893705,10.69805832501973,10.802122651883476
00000617,rademacher,3.0,0.02713684085651581,0.9229946646712939,0.7370901639344396,69.10040983606558,68.36331967213114,6.098965643986868,10.659602480710697,10.69805832501973,16.77151108325077
00000617,gaussian,3.0,0.02713684085651581,0.9224083583595057,0.7194672131147541,69.10040983606558,68.38094262295083,6.098965643986868,12.587607894075022,10.69805832501973,19.459619300589555
00000619,constant,1.0,0.025416116817240816,0.976423573723075,1.9150390625,79.370361328125,81.285400390625,4.07963500141666,4.015519977737894,5.5352799943599225,5.516705476216712
00000619,rademacher,1.0,0.025416116817240816,0.9756329522579665,0.00537109375,79.370361328125,79.375732421875,4.07963500141666,5.001406691700012,5.5352799943599225,6.872602485505971
00000619,gaussian,1.0,0.025416116817240816,0.9770569355501133,0.0753173828125,79.370361328125,79.2950439453125,4.07963500141666,5.459505095546813,5.5352799943599225,7.503257310625832
00000619,constant,2.0,0.025416116817240816,0.9542132390926595,3.8062744140625,79.370361328125,83.1766357421875,4.07963500141666,3.968804753696435,5.5352799943599225,5.502102872169857
00000619,rademacher,2.0,0.025416116817240816,0.9519099847008858,0.1903076171875,79.370361328125,79.1800537109375,4.07963500141666,7.142058750350594,5.5352799943599225,9.969238983447273
00000619,gaussian,2.0,0.025416116817240816,0.9534207985392099,0.06298828125,79.370361328125,79.433349609375,4.07963500141666,8.290793677971525,5.5352799943599225,11.938606556847311
00000619,constant,3.0,0.025416116817240816,0.9331368063309633,5.6846923828125,79.370361328125,85.0550537109375,4.07963500141666,3.9435748382701723,5.5352799943599225,5.49976610818245
00000619,rademacher,3.0,0.025416116817240816,0.9291119152849049,0.0428466796875,79.370361328125,79.4132080078125,4.07963500141666,9.683423065007702,5.5352799943599225,13.750524433683193
00000619,gaussian,3.0,0.025416116817240816,0.9295163155438366,0.267578125,79.370361328125,79.102783203125,4.07963500141666,11.708857206256418,5.5352799943599225,16.3911858367566
00000659,constant,1.0,0.0241315158251916,0.9765732124248131,1.6666666666666572,69.55436197916667,71.22102864583333,3.7841906920034982,3.7841906920034964,5.176861442853157,5.176861442853157
00000659,rademacher,1.0,0.0241315158251916,0.9739958620849082,0.1183268229166714,69.55436197916667,69.43603515625,3.7841906920034982,4.7967197923341915,5.176861442853157,6.534569876681613
00000659,gaussian,1.0,0.0241315158251916,0.974684657171678,0.1865234375,69.55436197916667,69.36783854166667,3.7841906920034982,5.375471430447981,5.176861442853157,7.322479050336388
00000659,constant,2.0,0.0241315158251916,0.954231713117518,3.3333333333333286,69.55436197916667,72.8876953125,3.7841906920034982,3.784190692003497,5.176861442853157,5.176861442853157
00000659,rademacher,2.0,0.0241315158251916,0.948474010763623,0.3297526041666714,69.55436197916667,69.224609375,3.7841906920034982,6.744960349244304,5.176861442853157,9.349153240743584
00000659,gaussian,2.0,0.0241315158251916,0.9476605433281823,0.4290364583333428,69.55436197916667,69.12532552083333,3.7841906920034982,8.298926365328779,5.176861442853157,11.599949776941772
00000659,constant,3.0,0.0241315158251916,0.9328977300016155,5.0,69.55436197916667,74.55436197916667,3.7841906920034982,3.784190692003497,5.176861442853157,5.176861442853157
00000659,rademacher,3.0,0.0241315158251916,0.9237637688259557,0.4150390625,69.55436197916667,69.13932291666667,3.7841906920034982,9.17702842788461,5.176861442853157,13.028795217586529
00000659,gaussian,3.0,0.0241315158251916,0.9220448396436878,0.6990559895833428,69.55436197916667,68.85530598958333,3.7841906920034982,11.448537201797796,5.176861442853157,15.98776072283045
00000662,constant,1.0,0.026655658239952525,0.9758082155136466,1.875,75.7042236328125,77.5792236328125,4.099688891138966,4.099688891138967,5.365147924985406,5.365147924985406
00000662,rademacher,1.0,0.026655658239952525,0.9746523336768451,0.063232421875,75.7042236328125,75.6409912109375,4.099688891138966,5.081877005882562,5.365147924985406,6.813079635027798
00000662,gaussian,1.0,0.026655658239952525,0.975170487695236,0.144775390625,75.7042236328125,75.5594482421875,4.099688891138966,5.6368788685983935,5.365147924985406,7.735278672204109
00000662,constant,2.0,0.026655658239952525,0.9527651238717112,3.75,75.7042236328125,79.4542236328125,4.099688891138966,4.099688891138966,5.365147924985406,5.365147924985406
00000662,rademacher,2.0,0.026655658239952525,0.9500088073579185,0.04541015625,75.7042236328125,75.6588134765625,4.099688891138966,7.132108300592756,5.365147924985406,9.672567886358344
00000662,gaussian,2.0,0.026655658239952525,0.9481983751591055,0.059326171875,75.7042236328125,75.6448974609375,4.099688891138966,8.666836040848267,5.365147924985406,11.975185325105958
00000662,constant,3.0,0.026655658239952525,0.930792207012488,5.625,75.7042236328125,81.3292236328125,4.099688891138966,4.099688891138965,5.365147924985406,5.365147924985406
00000662,rademacher,3.0,0.026655658239952525,0.9259835149200702,0.19921875,75.7042236328125,75.5050048828125,4.099688891138966,9.635620488274405,5.365147924985406,13.592377018273442
00000662,gaussian,3.0,0.026655658239952525,0.926481207981774,0.0277099609375,75.7042236328125,75.73193359375,4.099688891138966,11.797724288708952,5.365147924985406,16.54286224802211
00000691,constant,1.0,0.028189268857877967,0.9744648985752213,1.875,71.6461181640625,73.5211181640625,3.6769619572066374,3.6769619572066365,5.2464578723280955,5.2464578723280955
00000691,rademacher,1.0,0.028189268857877967,0.9732123779608634,0.11376953125,71.6461181640625,71.5323486328125,3.6769619572066374,4.719009387599303,5.2464578723280955,6.700743104805464
00000691,gaussian,1.0,0.028189268857877967,0.9732827766263829,0.0909423828125,71.6461181640625,71.55517578125,3.6769619572066374,5.389820396255947,5.2464578723280955,7.619285831784729
00000691,constant,2.0,0.028189268857877967,0.950212178271844,3.75,71.6461181640625,75.3961181640625,3.6769619572066374,3.676961957206637,5.2464578723280955,5.2464578723280955
00000691,rademacher,2.0,0.028189268857877967,0.9472143197599201,0.156005859375,71.6461181640625,71.4901123046875,3.6769619572066374,6.953739009542951,5.2464578723280955,9.8489409660814
00000691,gaussian,2.0,0.028189268857877967,0.9467885890956499,0.00634765625,71.6461181640625,71.6397705078125,3.6769619572066374,8.35080663961179,5.2464578723280955,11.984362323500207
00000691,constant,3.0,0.028189268857877967,0.9271505393330848,5.625,71.6461181640625,77.2711181640625,3.6769619572066374,3.676961957206637,5.2464578723280955,5.2464578723280955
00000691,rademacher,3.0,0.028189268857877967,0.9218823483144042,0.1153564453125,71.6461181640625,71.53076171875,3.6769619572066374,9.484709216462882,5.2464578723280955,13.83329199817607
00000691,gaussian,3.0,0.028189268857877967,0.9212952102223047,0.3193359375,71.6461181640625,71.3267822265625,3.6769619572066374,11.730959090357484,5.2464578723280955,16.63826183275234
00000696,constant,1.0,0.024507688104128966,0.976220067302061,2.0,82.20963541666667,84.20963541666667,3.659186763399513,3.659186763399512,5.287048010034392,5.287048010034392
00000696,rademacher,1.0,0.024507688104128966,0.9759129059534621,0.10546875,82.20963541666667,82.10416666666667,3.659186763399513,4.7893636426996045,5.287048010034392,6.807653594516469
00000696,gaussian,1.0,0.024507688104128966,0.9765303208696299,0.0751953125,82.20963541666667,82.28483072916667,3.659186763399513,5.334646311557655,5.287048010034392,7.550823478410926
00000696,constant,2.0,0.024507688104128966,0.9535628381873723,3.9993489583333286,82.20963541666667,86.208984375,3.659186763399513,3.6575972685871077,5.287048010034392,5.286454304441003
00000696,rademacher,2.0,0.024507688104128966,0.9523978122031393,0.1604817708333428,82.20963541666667,82.04915364583333,3.659186763399513,7.046036329511803,5.287048010034392,10.183626365929612
00000696,gaussian,2.0,0.024507688104128966,0.9531384516791556,0.2810872395833286,82.20963541666667,82.49072265625,3.659186763399513,8.343314487710433,5.287048010034392,11.813549823748184
00000696,constant,3.0,0.024507688104128966,0.9323601134930876,5.959147135416657,82.20963541666667,88.16878255208333,3.659186763399513,3.6024465146936833,5.287048010034392,5.214865046188709
00000696,rademacher,3.0,0.024507688104128966,0.9296738043667354,0.1201171875,82.20963541666667,82.08951822916667,3.659186763399513,9.671447832726857,5.287048010034392,13.628913027833983
00000696,gaussian,3.0,0.024507688104128966,0.931906439777449,0.1202799479166714,82.20963541666667,82.08935546875,3.659186763399513,11.536314693313045,5.287048010034392,16.145384152277497
00000702,constant,1.0,0.025721947485335624,0.9758077081710279,2.0,80.82956917821218,82.82956917821218,8.55000783895986,8.55000783895986,13.114775051551135,13.114775051551135
00000702,rademacher,1.0,0.025721947485335624,0.9755035573195882,0.006106763633596302,80.82956917821218,80.82346241457859,8.55000783895986,9.119737427245813,13.114775051551135,13.88733023435792
00000702,gaussian,1.0,0.025721947485335624,0.9766696972789431,0.10096792560258905,80.82956917821218,80.93053710381477,8.55000783895986,9.668718426403661,13.114775051551135,14.669551561998823
00000702,constant,2.0,0.025721947485335624,0.9527838806531146,4.0,80.82956917821218,84.82956917821218,8.55000783895986,8.55000783895986,13.114775051551135,13.114775051551135
00000702,rademacher,2.0,0.025721947485335624,0.9516000724439991,0.04035535367742682,80.82956917821218,80.78921382453476,8.55000783895986,10.767644063126912,13.114775051551135,15.969445073107105
00000702,gaussian,2.0,0.025721947485335624,0.9519906108452073,0.034351869424938286,80.82956917821218,80.79521730878724,8.55000783895986,12.012497224704456,13.114775051551135,17.93470033465038
00000702,constant,3.0,0.025721947485335624,0.9308357285712724,6.0,80.82956917821218,86.82956917821218,8.55000783895986,8.55000783895986,13.114775051551135,13.114775051551135
00000702,rademacher,3.0,0.025721947485335624,0.9282815534200575,0.10391890291315065,80.82956917821218,80.72565027529903,8.55000783895986,12.87140259415878,13.114775051551135,18.801101709182262
00000702,gaussian,3.0,0.025721947485335624,0.9294310610408731,0.20378599993232172,80.82956917821218,80.62578317827986,8.55000783895986,14.66254571856567,13.114775051551135,21.395733209288757
00000750,constant,1.0,0.02514254138095597,0.9765907344115387,2.0,83.88041188860285,85.88041188860285,8.734377168216726,8.734377168216726,9.444051436928321,9.444051436928321
00000750,rademacher,1.0,0.02514254138095597,0.9763069372449542,0.04561807394397022,83.88041188860285,83.92602996254682,8.734377168216726,9.45376988382163,9.444051436928321,10.547679549787983
00000750,gaussian,1.0,0.02514254138095597,0.977850346295371,0.011029866130940036,83.88041188860285,83.86938202247191,8.734377168216726,9.778617280809366,9.444051436928321,11.020651406432917
00000750,constant,2.0,0.02514254138095597,0.9542981327751101,4.0,83.88041188860285,87.88041188860285,8.734377168216726,8.734377168216726,9.444051436928321,9.444051436928321
00000750,rademacher,2.0,0.02514254138095597,0.9531713035536593,0.04516732974489912,83.88041188860285,83.83524455885795,8.734377168216726,11.176058973720897,9.444051436928321,13.402839483473894
00000750,gaussian,2.0,0.02514254138095597,0.9545344163799431,0.055271439164641833,83.88041188860285,83.82514044943821,8.734377168216726,12.138335166115722,9.444051436928321,14.782959174899391
00000750,constant,3.0,0.02514254138095597,0.9330345750636663,6.0,83.88041188860285,89.88041188860285,8.734377168216726,8.734377168216726,9.444051436928321,9.444051436928321
00000750,rademacher,3.0,0.02514254138095597,0.9305819728964827,0.22178393262063878,83.88041188860285,83.65862795598221,8.734377168216726,13.326064049612855,9.444051436928321,16.90226564399009
00000750,gaussian,3.0,0.02514254138095597,0.9297038604197958,0.10623916526131438,83.88041188860285,83.98665105386416,8.734377168216726,15.277878938174535,9.444051436928321,19.772257038585373
00000788,constant,1.0,0.028850907020986562,0.9764470561562737,1.7249529948965971,71.73113080848778,73.45608380338437,6.733490976101038,6.733490976101038,12.978845813281506,12.978845813281506
00000788,rademacher,1.0,0.028850907020986562,0.9742913474663105,0.07234520934753164,71.73113080848778,71.65878559914024,6.733490976101038,7.531264206299525,12.978845813281506,13.893641168811909
00000788,gaussian,1.0,0.028850907020986562,0.9743274927331494,0.035537041695732796,71.73113080848778,71.69559376679204,6.733490976101038,8.169277949694678,12.978845813281506,14.706917815456915
00000788,constant,2.0,0.028850907020986562,0.954022372515604,3.44990598979318,71.73113080848778,75.18103679828096,6.733490976101038,6.733490976101036,12.978845813281506,12.978845813281506
00000788,rademacher,2.0,0.028850907020986562,0.9492131381257882,0.1922971616186544,71.73113080848778,71.53883364686912,6.733490976101038,9.31653714347039,12.978845813281506,16.264771326813907
00000788,gaussian,2.0,0.028850907020986562,0.9490686270927573,0.11715231386412484,71.73113080848778,71.61397849462365,6.733490976101038,10.419511994042736,12.978845813281506,17.311856965446086
00000788,constant,3.0,0.028850907020986562,0.9326175865549505,5.174858984689763,71.73113080848778,76.90598979317754,6.733490976101038,6.733490976101039,12.978845813281506,12.978845813281506
00000788,rademacher,3.0,0.028850907020986562,0.9244597029180022,0.5446719154195279,71.73113080848778,71.18645889306825,6.733490976101038,11.458658179020409,12.978845813281506,19.208286196994862
00000788,gaussian,3.0,0.028850907020986562,0.9255784503500551,0.4440340342942335,71.73113080848778,71.28709677419354,6.733490976101038,13.251295450026175,12.978845813281506,21.379647521201438
00000791,constant,1.0,0.03253586471479976,0.969339252682205,1.8448168285943467,58.38889384080578,60.233710669400125,5.668071920699161,5.668071920699162,8.008844781012199,8.008844781012199
00000791,rademacher,1.0,0.03253586471479976,0.9675239755884917,0.10348515910509093,58.38889384080578,58.28540868170069,5.668071920699161,6.6086534228894,8.008844781012199,9.234187749168418
00000791,gaussian,1.0,0.03253586471479976,0.9684558288371198,0.08301882966198093,58.38889384080578,58.3058750111438,5.668071920699161,7.102586480667278,8.008844781012199,9.91529149056825
00000791,constant,2.0,0.03253586471479976,0.9405216417428262,3.6896336571886934,58.38889384080578,62.07852749799447,5.668071920699161,5.668071920699161,8.008844781012199,8.008844781012199
00000791,rademacher,2.0,0.03253586471479976,0.9360387557761297,0.15348423880684692,58.38889384080578,58.23540960199893,5.668071920699161,8.511617106277125,8.008844781012199,11.759102660261352
00000791,gaussian,2.0,0.03253586471479976,0.9348128484047635,0.27838772637214504,58.38889384080578,58.11050611443363,5.668071920699161,9.783434963050027,8.008844781012199,13.446572034028712
00000791,constant,3.0,0.03253586471479976,0.9133743751350824,5.534450485783047,58.38889384080578,63.923344326588825,5.668071920699161,5.668071920699162,8.008844781012199,8.008844781012199
00000791,rademacher,3.0,0.03253586471479976,0.9057251224334867,0.11245003111194762,58.38889384080578,58.27644380969383,5.668071920699161,10.80176080707067,8.008844781012199,15.274533094333469
00000791,gaussian,3.0,0.03253586471479976,0.9047005916747473,0.264265745056413,58.38889384080578,58.65315958586219,5.668071920699161,12.939590184760007,8.008844781012199,18.304445313343315
00000794,constant,1.0,0.02544596235322086,0.9768489208235304,1.8999317716624944,80.36547646122357,82.26540823288606,7.197694456370397,7.137973243921882,14.925091206984902,15.22233315433095
00000794,rademacher,1.0,0.02544596235322086,0.9759703992907465,0.03343188537640174,80.36547646122357,80.33204457584716,7.197694456370397,7.969326683028193,14.925091206984902,16.197533273840868
00000794,gaussian,1.0,0.02544596235322086,0.9763054928938869,0.08879841799262067,80.36547646122357,80.27667804323094,7.197694456370397,8.330176676919962,14.925091206984902,16.441085573924536
00000794,constant,2.0,0.02544596235322086,0.9547790700188071,3.7996361155333176,80.36547646122357,84.16511257675688,7.197694456370397,7.086230064007637,14.925091206984902,15.522471528842011
00000794,rademacher,2.0,0.02544596235322086,0.9525544418706221,0.05246463228816367,80.36547646122357,80.3130118289354,7.197694456370397,9.702613518897143,14.925091206984902,18.431129138546744
00000794,gaussian,2.0,0.02544596235322086,0.9520018569229791,0.06140550375256737,80.36547646122357,80.304070957471,7.197694456370397,10.883062488683823,14.925091206984902,20.14399879705245
00000794,constant,3.0,0.02544596235322086,0.9337855980041861,5.691380486695465,80.36547646122357,86.05685694791903,7.197694456370397,7.031121590306922,14.925091206984902,15.806481565478332
00000794,rademacher,3.0,0.02544596235322086,0.9296838736805316,0.06988994751561961,80.36547646122357,80.43536640873918,7.197694456370397,11.812689067535489,14.925091206984902,21.14084737252057
00000794,gaussian,3.0,0.02544596235322086,0.931725174156536,0.14817852284562605,80.36547646122357,80.51365498406919,7.197694456370397,13.556999572902912,14.925091206984902,23.342130762586276
00000799,constant,1.0,0.02908610021720386,0.9765083519549624,1.8045055364643048,75.51870943108057,77.32321496754487,15.962068933118688,15.962068933118685,32.81459878801348,32.81459878801348
00000799,rademacher,1.0,0.02908610021720386,0.9749389776222134,0.060344266833055826,75.51870943108057,75.45836516424751,15.962068933118688,16.427153897438078,32.81459878801348,33.299583411075716
00000799,gaussian,1.0,0.02908610021720386,0.9757009018737377,0.11206567392135014,75.51870943108057,75.40664375715922,15.962068933118688,16.796880921032233,32.81459878801348,33.76767708799998
00000799,constant,2.0,0.02908610021720386,0.9541894669793567,3.6090110729285954,75.51870943108057,79.12772050400916,15.962068933118688,15.962068933118685,32.81459878801348,32.81459878801348
00000799,rademacher,2.0,0.02908610021720386,0.9506792435130578,0.0516859174120583,75.51870943108057,75.46702351366851,15.962068933118688,17.418092528862164,32.81459878801348,34.277512199124686
00000799,gaussian,2.0,0.02908610021720386,0.9503239740820735,0.4409337765802803,75.51870943108057,75.07777565450029,15.962068933118688,18.172633310909838,32.81459878801348,35.25923828631246
00000799,constant,3.0,0.02908610021720386,0.932907627092656,5.4135166093929,75.51870943108057,80.93222604047347,15.962068933118688,15.962068933118688,32.81459878801348,32.81459878801348
00000799,rademacher,3.0,0.02908610021720386,0.9265159803078846,0.29982202905418376,75.51870943108057,75.21888740202638,15.962068933118688,18.906412194238392,32.81459878801348,36.088264108419594
00000799,gaussian,3.0,0.02908610021720386,0.9254871627194245,0.11870943108056053,75.51870943108057,75.4,15.962068933118688,19.948542488995074,32.81459878801348,37.220979539442894
00000808,constant,1.0,0.030534561751098834,0.9728297518997534,1.8926315789473733,67.83099415204678,69.72362573099416,18.856271466670123,18.81635964038152,21.890881090195712,21.892031476295333
00000808,rademacher,1.0,0.030534561751098834,0.9717169244577717,0.0023391812865440897,67.83099415204678,67.83333333333333,18.856271466670123,19.128085672088037,21.890881090195712,22.279085213933623
00000808,gaussian,1.0,0.030534561751098834,0.9730173280250065,0.03228070175438802,67.83099415204678,67.86327485380117,18.856271466670123,19.33423192787136,21.890881090195712,22.550477937326125
00000808,constant,2.0,0.030534561751098834,0.9471402043772732,3.783040935672517,67.83099415204678,71.6140350877193,18.856271466670123,18.780593744949172,21.890881090195712,21.89623028183821
00000808,rademacher,2.0,0.030534561751098834,0.9441691421520965,0.008558779488595292,67.83099415204678,67.82243537255819,18.856271466670123,19.934376181595994,21.890881090195712,23.59098079561504
00000808,gaussian,2.0,0.030534561751098834,0.9451288659360819,0.22933294474682953,67.83099415204678,67.60166120729995,18.856271466670123,20.499101659112224,21.890881090195712,24.17305677511439
00000808,constant,3.0,0.030534561751098834,0.9228356605800215,5.6690058479532155,67.83099415204678,73.5,18.856271466670123,18.752117922307356,21.890881090195712,21.900217809293068
00000808,rademacher,3.0,0.030534561751098834,0.9173057211034514,0.2216118403949423,67.83099415204678,67.60938231165184,18.856271466670123,21.09105447502042,21.890881090195712,25.26624054865417
00000808,gaussian,3.0,0.030534561751098834,0.9184033354638089,0.10393422695315735,67.83099415204678,67.72705992509363,18.856271466670123,22.23579705509468,21.890881090195712,27.036517205529655
00000814,constant,1.0,0.028553291671288936,0.97385427717017,1.8888888888889,70.42719184027777,72.31608072916667,3.4162198537510666,3.416219853751067,4.958499849012924,4.958499849012924
00000814,rademacher,1.0,0.028553291671288936,0.9727167900889006,0.13791232638888573,70.42719184027777,70.28927951388889,3.4162198537510666,4.5355824908483,4.958499849012924,6.515535224346462
00000814,gaussian,1.0,0.028553291671288936,0.972878279823556,0.013888888888885731,70.42719184027777,70.41330295138889,3.4162198537510666,5.199938851056101,4.958499849012924,7.32344848906007
00000814,constant,2.0,0.028553291671288936,0.9490534061148781,3.7777777777777857,70.42719184027777,74.20496961805556,3.4162198537510666,3.416219853751067,4.958499849012924,4.958499849012924
00000814,rademacher,2.0,0.028553291671288936,0.9461447137558967,0.15321180555554292,70.42719184027777,70.27398003472223,3.4162198537510666,6.791359320747529,4.958499849012924,9.675368320053117
00000814,gaussian,2.0,0.028553291671288936,0.9475580506457247,0.1389973958333286,70.42719184027777,70.28819444444444,3.4162198537510666,8.050302426013836,4.958499849012924,11.261535788082679
00000814,constant,3.0,0.028553291671288936,0.9254949157327804,5.666666666666671,70.42719184027777,76.09385850694444,3.4162198537510666,3.416219853751069,4.958499849012924,4.958499849012924
00000814,rademacher,3.0,0.028553291671288936,0.9202224613004473,0.2405598958333286,70.42719184027777,70.18663194444444,3.4162198537510666,9.379384005578716,4.958499849012924,13.587240739689369
00000814,gaussian,3.0,0.028553291671288936,0.9203814113760295,0.07248263888888573,70.42719184027777,70.35470920138889,3.4162198537510666,11.541514017113363,4.958499849012924,16.368416743965323
00000816,constant,1.0,0.02669434394187772,0.9757389523896659,1.875,75.5130615234375,77.3880615234375,3.924263707354158,3.9242637073541573,5.479191961315785,5.479191961315785
00000816,rademacher,1.0,0.02669434394187772,0.9746047867948724,0.080810546875,75.5130615234375,75.4322509765625,3.924263707354158,4.921834067131346,5.479191961315785,6.897246366639677
00000816,gaussian,1.0,0.02669434394187772,0.9755889567417022,0.00390625,75.5130615234375,75.5091552734375,3.924263707354158,5.452954388995244,5.479191961315785,7.662632996294004
00000816,constant,2.0,0.02669434394187772,0.9526389551985954,3.75,75.5130615234375,79.2630615234375,3.924263707354158,3.9242637073541586,5.479191961315785,5.479191961315785
00000816,rademacher,2.0,0.02669434394187772,0.949782555181751,0.1787109375,75.5130615234375,75.3343505859375,3.924263707354158,7.037082811756127,5.479191961315785,9.848786305641218
00000816,gaussian,2.0,0.02669434394187772,0.9507712840641259,0.067138671875,75.5130615234375,75.4459228515625,3.924263707354158,8.409877108146024,5.479191961315785,11.739587292357287
00000816,constant,3.0,0.02669434394187772,0.9306144187327078,5.625,75.5130615234375,81.1380615234375,3.924263707354158,3.9242637073541573,5.479191961315785,5.479191961315785
00000816,rademacher,3.0,0.02669434394187772,0.9257198085706714,0.216552734375,75.5130615234375,75.2965087890625,3.924263707354158,9.697413327038664,5.479191961315785,13.880644283553222
00000816,gaussian,3.0,0.02669434394187772,0.9243849465282747,0.356201171875,75.5130615234375,75.1568603515625,3.924263707354158,11.98448608348816,5.479191961315785,16.86641701936459
00000817,constant,1.0,0.02488510473610372,0.9758296747391776,2.0,80.74609375,82.74609375,4.147384194964535,4.147384194964536,5.3985574903591935,5.3985574903591935
00000817,rademacher,1.0,0.02488510473610372,0.9755363371398538,0.015625,80.74609375,80.76171875,4.147384194964535,5.139370299177,5.3985574903591935,6.811861199942191
00000817,gaussian,1.0,0.02488510473610372,0.9762885982201517,0.0751953125,80.74609375,80.8212890625,4.147384194964535,5.673872827397739,5.3985574903591935,7.681497175831632
00000817,constant,2.0,0.02488510473610372,0.9528001843742798,4.0,80.74609375,84.74609375,4.147384194964535,4.147384194964536,5.3985574903591935,5.3985574903591935
00000817,rademacher,2.0,0.02488510473610372,0.9517038085131471,0.15234375,80.74609375,80.8984375,4.147384194964535,7.284605832537359,5.3985574903591935,10.117789747199543
00000817,gaussian,2.0,0.02488510473610372,0.9513574126534466,0.0478515625,80.74609375,80.6982421875,4.147384194964535,8.650346563956978,5.3985574903591935,11.954987868022148
00000817,constant,3.0,0.02488510473610372,0.9308326203449363,6.0,80.74609375,86.74609375,4.147384194964535,4.147384194964536,5.3985574903591935,5.3985574903591935
00000817,rademacher,3.0,0.02488510473610372,0.9282544724181419,0.234375,80.74609375,80.51171875,4.147384194964535,9.932883926831813,5.3985574903591935,14.127995555351095
00000817,gaussian,3.0,0.02488510473610372,0.9294009281067089,0.1064453125,80.74609375,80.8525390625,4.147384194964535,12.004625529900608,5.3985574903591935,16.55570354608586
00000001,constant,1.0,0.0245962990094595,0.9761117350567186,2.0,81.76497395833333,83.76497395833333,3.8527622786110673,3.8527622786110673,5.383210989911099,5.383210989911099
00000001,rademacher,1.0,0.0245962990094595,0.9758115599340601,0.05078125,81.76497395833333,81.71419270833333,3.8527622786110673,4.866814521328452,5.383210989911099,6.926109086328023
00000001,gaussian,1.0,0.0245962990094595,0.9774105399105399,0.0498046875,81.76497395833333,81.71516927083333,3.8527622786110673,5.362775567700901,5.383210989911099,7.576323009190051
00000001,constant,2.0,0.0245962990094595,0.9533417593720703,4.0,81.76497395833333,85.76497395833333,3.8527622786110673,3.8527622786110705,5.383210989911099,5.383210989911099
00000001,rademacher,2.0,0.0245962990094595,0.9522448012369036,0.0625,81.76497395833333,81.82747395833333,3.8527622786110673,7.142481975610239,5.383210989911099,10.140178980997538
00000001,gaussian,2.0,0.0245962990094595,0.9530757803202949,0.0458984375,81.76497395833333,81.71907552083333,3.8527622786110673,8.400771146968166,5.383210989911099,11.893748899449896
00000001,constant,3.0,0.0245962990094595,0.9316133435207371,6.0,81.76497395833333,87.76497395833333,3.8527622786110673,3.852762278611069,5.383210989911099,5.383210989911099
00000001,rademacher,3.0,0.0245962990094595,0.9290867418357458,0.234375,81.76497395833333,81.53059895833333,3.8527622786110673,9.758913327668962,5.383210989911099,14.170406678302477
00000001,gaussian,3.0,0.0245962990094595,0.9274428346202976,0.0400390625,81.76497395833333,81.80501302083333,3.8527622786110673,12.207417475638286,5.383210989911099,17.241495646244584
00000002,constant,1.0,0.023872384695410934,0.9768474397134611,2.0,84.488671875,86.488671875,3.8717797171446073,3.8717797171446073,5.511773342916618,5.511773342916618
00000002,rademacher,1.0,0.023872384695410934,0.9765738715950195,0.017578125,84.488671875,84.47109375,3.8717797171446073,4.919484426863413,5.511773342916618,6.982296534797484
00000002,gaussian,1.0,0.023872384695410934,0.9781342307657135,0.0234375,84.488671875,84.512109375,3.8717797171446073,5.437223553075567,5.511773342916618,7.712339092477666
00000002,constant,2.0,0.023872384695410934,0.954749023840583,4.0,84.488671875,88.488671875,3.8717797171446073,3.8717797171446073,5.511773342916618,5.511773342916618
00000002,rademacher,2.0,0.023872384695410934,0.9536400182690525,0.20703125,84.488671875,84.281640625,3.8717797171446073,7.15854016105555,5.511773342916618,10.231787042323525
00000002,gaussian,2.0,0.023872384695410934,0.9546863912279037,0.03515625,84.488671875,84.453515625,3.8717797171446073,8.451666665084444,5.511773342916618,11.938152863297509
00000002,constant,3.0,0.023872384695410934,0.9336343641335904,6.0,84.488671875,90.488671875,3.8717797171446073,3.8717797171446073,5.511773342916618,5.511773342916618
00000002,rademacher,3.0,0.023872384695410934,0.9314012183343482,0.15234375,84.488671875,84.641015625,3.8717797171446073,9.806220322290788,5.511773342916618,13.665280016179143
00000002,gaussian,3.0,0.023872384695410934,0.9310073036379753,0.05859375,84.488671875,84.430078125,3.8717797171446073,11.926359481378185,5.511773342916618,17.171302964846056
00000003,constant,1.0,0.02705653174354147,0.973870085720379,1.7777777777777715,66.4033203125,68.18109809027777,3.7617848560815315,3.7617848560815315,5.301628504139696,5.301628504139696
00000003,rademacher,1.0,0.02705653174354147,0.9720011793725802,0.014322916666671404,66.4033203125,66.41764322916667,3.7617848560815315,4.794840865339577,5.301628504139696,6.734977734002412
00000003,gaussian,1.0,0.02705653174354147,0.9730557929237534,0.25607638888888573,66.4033203125,66.14724392361111,3.7617848560815315,5.3116966290524745,5.301628504139696,7.402154383917213
00000003,constant,2.0,0.02705653174354147,0.949094496249558,3.555555555555557,66.4033203125,69.95887586805556,3.7617848560815315,3.761784856081531,5.301628504139696,5.301628504139696
00000003,rademacher,2.0,0.02705653174354147,0.9445345153750814,0.17795138888888573,66.4033203125,66.22536892361111,3.7617848560815315,6.880102495690486,5.301628504139696,9.750946198856719
00000003,gaussian,2.0,0.02705653174354147,0.945071035845707,0.47092013888888573,66.4033203125,65.93240017361111,3.7617848560815315,8.166056034385038,5.301628504139696,11.45331313121075
00000003,constant,3.0,0.02705653174354147,0.925560831138815,5.333333333333329,66.4033203125,71.73665364583333,3.7617848560815315,3.7617848560815323,5.301628504139696,5.301628504139696
00000003,rademacher,3.0,0.02705653174354147,0.9179186503699424,0.2574869791666714,66.4033203125,66.14583333333333,3.7617848560815315,9.362497469858184,5.301628504139696,13.138050879804602
00000003,gaussian,3.0,0.02705653174354147,0.9187906035176203,0.44232933129821106,66.4033203125,65.96099098120179,3.7617848560815315,11.391528287791632,5.301628504139696,16.355053553436296
00000005,constant,1.0,0.02752134298010437,0.9749788004212246,1.875,73.1263427734375,75.0013427734375,3.7896032831868602,3.7896032831868594,5.328575365141991,5.328575365141991
00000005,rademacher,1.0,0.02752134298010437,0.9737436411411164,0.0885009765625,73.1263427734375,73.037841796875,3.7896032831868602,4.841543373136735,5.328575365141991,6.769418097470191
00000005,gaussian,1.0,0.02752134298010437,0.9748819033957411,0.034912109375,73.1263427734375,73.0914306640625,3.7896032831868602,5.40408935493306,5.328575365141991,7.532510585789388
00000005,constant,2.0,0.02752134298010437,0.9511867087351353,3.75,73.1263427734375,76.8763427734375,3.7896032831868602,3.7896032831868602,5.328575365141991,5.328575365141991
00000005,rademacher,2.0,0.02752134298010437,0.9483440475221743,0.109619140625,73.1263427734375,73.0167236328125,3.7896032831868602,6.899152381957896,5.328575365141991,9.636923873338436
00000005,gaussian,2.0,0.02752134298010437,0.9482241954287443,0.014892578125,73.1263427734375,73.1412353515625,3.7896032831868602,8.38804150070186,5.328575365141991,11.719051461949697
00000005,constant,3.0,0.02752134298010437,0.9285353339636973,5.625,73.1263427734375,78.7513427734375,3.7896032831868602,3.7896032831868594,5.328575365141991,5.328575365141991
00000005,rademacher,3.0,0.02752134298010437,0.9233729042756235,0.227783203125,73.1263427734375,72.8985595703125,3.7896032831868602,9.52950036176274,5.328575365141991,13.40588339497718
00000005,gaussian,3.0,0.02752134298010437,0.9223538108016904,0.2117919921875,73.1263427734375,72.91455078125,3.7896032831868602,11.77078592522432,5.328575365141991,16.62191026946926
00000006,constant,1.0,0.024711165865642884,0.9761190064462602,2.0,81.806640625,83.806640625,4.233836587072925,4.233836587072925,6.299526825781049,6.299526825781049
00000006,rademacher,1.0,0.024711165865642884,0.9758349191078162,0.046875,81.806640625,81.853515625,4.233836587072925,5.1951279404627275,6.299526825781049,7.691950958461122
00000006,gaussian,1.0,0.024711165865642884,0.9760354596879586,0.0009765625,81.806640625,81.8056640625,4.233836587072925,5.7922871509210685,6.299526825781049,8.410772868799262
00000006,constant,2.0,0.024711165865642884,0.9533585232057906,4.0,81.806640625,85.806640625,4.233836587072925,4.233836587072925,6.299526825781049,6.299526825781049
00000006,rademacher,2.0,0.024711165865642884,0.95228081451673,0.125,81.806640625,81.931640625,4.233836587072925,7.372584482899211,6.299526825781049,10.377378333701856
00000006,gaussian,2.0,0.024711165865642884,0.95272931645239,0.064453125,81.806640625,81.7421875,4.233836587072925,8.703973784190595,6.299526825781049,12.275511638503271
00000006,constant,3.0,0.024711165865642884,0.9316435705229441,6.0,81.806640625,87.806640625,4.233836587072925,4.233836587072925,6.299526825781049,6.299526825781049
00000006,rademacher,3.0,0.024711165865642884,0.929169403062459,0.09375,81.806640625,81.712890625,4.233836587072925,9.911139830087876,6.299526825781049,14.12900904242261
00000006,gaussian,3.0,0.024711165865642884,0.9266959983816985,0.095703125,81.806640625,81.90234375,4.233836587072925,12.566946023554504,6.299526825781049,17.692972663827327
00000008,constant,1.0,0.025101379738665563,0.9756538037125981,2.0,80.194580078125,82.194580078125,4.353651628370436,4.353651628370438,5.4954914817463685,5.4954914817463685
00000008,rademacher,1.0,0.025101379738665563,0.9753532984545071,0.0078125,80.194580078125,80.202392578125,4.353651628370436,5.307352118229632,5.4954914817463685,6.972921866866442
00000008,gaussian,1.0,0.025101379738665563,0.9752903240354477,0.01171875,80.194580078125,80.206298828125,4.353651628370436,5.933675256049614,5.4954914817463685,7.793084155670008
00000008,constant,2.0,0.025101379738665563,0.9524662870928969,4.0,80.194580078125,84.194580078125,4.353651628370436,4.353651628370438,5.4954914817463685,5.4954914817463685
00000008,rademacher,2.0,0.025101379738665563,0.9512682357662552,0.1328125,80.194580078125,80.061767578125,4.353651628370436,7.4246709054941675,5.4954914817463685,10.09704509464611
00000008,gaussian,2.0,0.025101379738665563,0.9519433389705074,0.0482177734375,80.194580078125,80.1463623046875,4.353651628370436,8.683069257559108,5.4954914817463685,11.55789679082099
00000008,constant,3.0,0.025101379738665563,0.9303645628276774,6.0,80.194580078125,86.194580078125,4.353651628370436,4.353651628370437,5.4954914817463685,5.4954914817463685
00000008,rademacher,3.0,0.025101379738665563,0.9278437793907701,0.005859375,80.194580078125,80.200439453125,4.353651628370436,10.025340448651711,5.4954914817463685,13.527428009833795
00000008,gaussian,3.0,0.025101379738665563,0.926312962625984,0.147216796875,80.194580078125,80.04736328125,4.353651628370436,12.415561935857244,5.4954914817463685,17.17066291371432
00000009,constant,1.0,0.027795225070070578,0.9785992346483546,1.7203549341220707,79.65770368378597,81.37805861790804,22.170722226712904,22.120077424660945,49.32449855604102,49.24359497968115
00000009,rademacher,1.0,0.027795225070070578,0.9765528204408911,0.09207700277467268,79.65770368378597,79.5656266810113,22.170722226712904,22.336701057185405,49.32449855604102,49.35117660192573
00000009,gaussian,1.0,0.027795225070070578,0.9768050017033044,0.022608732050287017,79.65770368378597,79.68031241583626,22.170722226712904,22.434224154514492,49.32449855604102,49.097755668519696
00000009,constant,2.0,0.027795225070070578,0.9582719844672761,3.4390965313256174,79.65770368378597,83.09680021511159,22.170722226712904,22.07400921278264,49.32449855604102,49.17776622917953
00000009,rademacher,2.0,0.027795225070070578,0.9537341016765355,0.17603252475632303,79.65770368378597,79.48167115902964,22.170722226712904,22.448118101766774,49.32449855604102,48.76001582580571
00000009,gaussian,2.0,0.027795225070070578,0.9548833674750545,0.0577763593639844,79.65770368378597,79.71548004314995,22.170722226712904,22.871509851709035,49.32449855604102,48.89588099821233
00000009,constant,3.0,0.027795225070070578,0.9388345174575095,5.157300349556323,79.65770368378597,84.81500403334229,22.170722226712904,22.031204528825487,49.32449855604102,49.11985349934347
00000009,rademacher,3.0,0.027795225070070578,0.931686388983428,0.34387246243250047,79.65770368378597,79.31383122135347,22.170722226712904,23.565420599893887,49.32449855604102,49.74775034481044
00000009,gaussian,3.0,0.027795225070070578,0.9336550691372314,0.13635037026809016,79.65770368378597,79.79405405405406,22.170722226712904,24.050595041907883,49.32449855604102,49.33708437595994
00000010,constant,1.0,0.027650216728314202,0.9749173098125689,1.875,72.972412109375,74.847412109375,4.040414600346027,4.040414600346027,5.619971949335202,5.619971949335202
00000010,rademacher,1.0,0.027650216728314202,0.9737607547705842,0.065185546875,72.972412109375,72.9072265625,4.040414600346027,5.0088631174322735,5.619971949335202,6.970080295575402
00000010,gaussian,1.0,0.027650216728314202,0.97432896611688,0.1375732421875,72.972412109375,72.8348388671875,4.040414600346027,5.590384266440124,5.619971949335202,7.729839093696522
00000010,constant,2.0,0.027650216728314202,0.9510772457004841,3.75,72.972412109375,76.722412109375,4.040414600346027,4.040414600346027,5.619971949335202,5.619971949335202
00000010,rademacher,2.0,0.027650216728314202,0.9483110657013286,0.01220703125,72.972412109375,72.984619140625,4.040414600346027,7.113054716347506,5.619971949335202,10.010918700802325
00000010,gaussian,2.0,0.027650216728314202,0.9497556864948198,0.1944580078125,72.972412109375,72.7779541015625,4.040414600346027,8.333721877156611,5.619971949335202,11.611905319360567
00000010,constant,3.0,0.027650216728314202,0.9283781768934005,5.625,72.972412109375,78.597412109375,4.040414600346027,4.040414600346027,5.619971949335202,5.619971949335202
00000010,rademacher,3.0,0.027650216728314202,0.9231769490564092,0.233642578125,72.972412109375,72.73876953125,4.040414600346027,9.685113211654775,5.619971949335202,13.532931303120144
00000010,gaussian,3.0,0.027650216728314202,0.9243080010388655,0.311279296875,72.972412109375,72.6611328125,4.040414600346027,11.619930751362041,5.619971949335202,16.586886117922628
00000011,constant,1.0,0.025258053109266338,0.9782401001515451,2.0,90.3689615823507,92.3689615823507,14.313204835112927,14.313204835112927,31.298818940582184,31.298818940582184
00000011,rademacher,1.0,0.025258053109266338,0.9779782822310678,0.014219543981099037,90.3689615823507,90.3831811263318,14.313204835112927,14.634329616235217,31.298818940582184,31.590640501844057
00000011,gaussian,1.0,0.025258053109266338,0.9778332097911999,0.026115311422245213,90.3689615823507,90.34284627092846,14.313204835112927,14.843685743897318,31.298818940582184,31.756703477059094
00000011,constant,2.0,0.025258053109266338,0.9574841996646459,4.0,90.3689615823507,94.3689615823507,14.313204835112927,14.313204835112924,31.298818940582184,31.298818940582184
00000011,rademacher,2.0,0.025258053109266338,0.9566033232653263,0.2088838687341763,90.3689615823507,90.57784545108488,14.313204835112927,15.22465982705766,31.298818940582184,31.87657175966255
00000011,gaussian,2.0,0.025258053109266338,0.9568735484508574,0.2987225076912665,90.3689615823507,90.66768409004197,14.313204835112927,15.739918710790862,31.298818940582184,31.67334434600569
00000011,constant,3.0,0.025258053109266338,0.9376129842039203,6.0,90.3689615823507,96.3689615823507,14.313204835112927,14.313204835112924,31.298818940582184,31.298818940582184
00000011,rademacher,3.0,0.025258053109266338,0.9355059670639273,0.012517076185872611,90.3689615823507,90.38147865853658,14.313204835112927,16.781021178744357,31.298818940582184,33.24216729803131
00000011,gaussian,3.0,0.025258053109266338,0.9351400482587714,0.04033719813709524,90.3689615823507,90.4092987804878,14.313204835112927,17.835127503280805,31.298818940582184,34.01772466996148
00000014,constant,1.0,0.023810764190370346,0.9768341296542365,2.0,84.35498046875,86.35498046875,4.086284813063732,4.086284813063733,5.63708160489692,5.63708160489692
00000014,rademacher,1.0,0.023810764190370346,0.9765634608509117,0.005859375,84.35498046875,84.36083984375,4.086284813063732,5.059670573515223,5.63708160489692,7.108983752090037
00000014,gaussian,1.0,0.023810764190370346,0.9771668980123352,0.048828125,84.35498046875,84.30615234375,4.086284813063732,5.648698077885889,5.63708160489692,7.809065490181368
00000014,constant,2.0,0.023810764190370346,0.9547225491984018,4.0,84.35498046875,88.35498046875,4.086284813063732,4.08628481306373,5.63708160489692,5.63708160489692
00000014,rademacher,2.0,0.023810764190370346,0.9536596124916583,0.03125,84.35498046875,84.32373046875,4.086284813063732,7.259425263199659,5.63708160489692,10.098003009423213
00000014,gaussian,2.0,0.023810764190370346,0.9539844238434576,0.078125,84.35498046875,84.27685546875,4.086284813063732,8.56042554127447,5.63708160489692,11.518242355650642
00000014,constant,3.0,0.023810764190370346,0.9335898447421466,6.0,84.35498046875,90.35498046875,4.086284813063732,4.086284813063731,5.63708160489692,5.63708160489692
00000014,rademacher,3.0,0.023810764190370346,0.931356504934624,0.134765625,84.35498046875,84.48974609375,4.086284813063732,9.868448112067622,5.63708160489692,13.824152217227137
00000014,gaussian,3.0,0.023810764190370346,0.9311051336667889,0.2705078125,84.35498046875,84.08447265625,4.086284813063732,12.278654807892805,5.63708160489692,17.44461061411661
00000015,constant,1.0,0.0260713769563628,0.9759373761970642,1.7352412346418902,70.50599340725202,72.24123464189391,6.562823255275209,6.556754906989846,11.357267550702387,11.351097812434407
00000015,rademacher,1.0,0.0260713769563628,0.9738675665692892,0.05410491804339301,70.50599340725202,70.45188848920863,6.562823255275209,7.430421677376306,11.357267550702387,12.5344634034342
00000015,gaussian,1.0,0.0260713769563628,0.9737622431665071,0.14307930142081204,70.50599340725202,70.36291410583121,6.562823255275209,7.910008936175033,11.357267550702387,13.07567628632863
00000015,constant,2.0,0.0260713769563628,0.9530267952449529,3.4704824692837946,70.50599340725202,73.97647587653582,6.562823255275209,6.551078312516733,11.357267550702387,11.345458891236378
00000015,rademacher,2.0,0.0260713769563628,0.9481254616833911,0.25370602162129785,70.50599340725202,70.25228738563072,6.562823255275209,9.134074714410529,11.357267550702387,14.826287384209003
00000015,gaussian,2.0,0.0260713769563628,0.9483373721753154,0.015569327533853539,70.50599340725202,70.52156273478587,6.562823255275209,10.263767958960146,11.357267550702387,16.27217212228748
00000015,constant,3.0,0.0260713769563628,0.931176428678863,5.205573868744381,70.50599340725202,75.7115672759964,6.562823255275209,6.545753919744843,11.357267550702387,11.340804711502004
00000015,rademacher,3.0,0.0260713769563628,0.9232473580218573,0.2421003462727498,70.50599340725202,70.26389306097927,6.562823255275209,11.267394418434453,11.357267550702387,17.93945543396541
00000015,gaussian,3.0,0.0260713769563628,0.9251613247621961,0.2881641829585817,70.50599340725202,70.21782922429344,6.562823255275209,12.979363829131412,11.357267550702387,20.1054516027186
00000016,constant,1.0,0.02514446900968209,0.975610118914802,2.0,80.0631103515625,82.0631103515625,4.411835671384948,4.411835671384947,5.386820964294311,5.386820964294311
00000016,rademacher,1.0,0.02514446900968209,0.9753136979165098,0.03125,80.0631103515625,80.0943603515625,4.411835671384948,5.32703527616194,5.386820964294311,6.870847073617938
00000016,gaussian,1.0,0.02514446900968209,0.9761542249671319,0.0618896484375,80.0631103515625,80.125,4.411835671384948,5.826368425131205,5.386820964294311,7.724072682386604
00000016,constant,2.0,0.02514446900968209,0.9524106874463601,3.9979248046875,80.0631103515625,84.06103515625,4.411835671384948,4.406159680662384,5.386820964294311,5.381061841786516
00000016,rademacher,2.0,0.02514446900968209,0.9512537863410674,0.057373046875,80.0631103515625,80.1204833984375,4.411835671384948,7.44335057651902,5.386820964294311,9.979360483477576
00000016,gaussian,2.0,0.02514446900968209,0.9524928660363757,0.086181640625,80.0631103515625,79.9769287109375,4.411835671384948,8.71222063813832,5.386820964294311,11.557074193270482
00000016,constant,3.0,0.02514446900968209,0.9303800251657264,5.9879150390625,80.0631103515625,86.051025390625,4.411835671384948,4.38682956130585,5.386820964294311,5.370563367083215
00000016,rademacher,3.0,0.02514446900968209,0.9277085215119409,0.1578369140625,80.0631103515625,79.9052734375,4.411835671384948,10.030906298457895,5.386820964294311,14.040936652247707
00000016,gaussian,3.0,0.02514446900968209,0.9293548576805457,0.0689697265625,80.0631103515625,80.132080078125,4.411835671384948,11.955731729299924,5.386820964294311,16.755365080652133
00000017,constant,1.0,0.017649508428237766,0.9846414404777822,1.904155495978543,123.43386952636283,125.33802502234137,22.58340643234892,22.556317353355674,53.58752814018866,53.515110464760795
00000017,rademacher,1.0,0.017649508428237766,0.9841129839171806,0.08379594769799326,123.43386952636283,123.51766547406082,22.58340643234892,22.346181363405613,53.58752814018866,52.87301949285357
00000017,gaussian,1.0,0.017649508428237766,0.9844382588819626,0.046160029156126825,123.43386952636283,123.3877094972067,22.58340643234892,22.732443869913297,53.58752814018866,53.549792716016476
00000017,constant,2.0,0.017649508428237766,0.9698326572898558,3.806747095621091,123.43386952636283,127.24061662198392,22.58340643234892,22.52946723378336,53.58752814018866,53.44316634895848
00000017,rademacher,2.0,0.017649508428237766,0.9685165630952975,0.14972018587545222,123.43386952636283,123.28414934048737,22.58340643234892,23.038099030649935,53.58752814018866,53.4515511859576
00000017,gaussian,2.0,0.017649508428237766,0.9689217672348516,0.16282173230025876,123.43386952636283,123.59669125866309,22.58340643234892,23.554304753195677,53.58752814018866,53.91392369929918
00000017,constant,3.0,0.017649508428237766,0.9555106517699896,5.707774798927602,123.43386952636283,129.14164432529043,22.58340643234892,22.5019209722946,53.58752814018866,53.37330526960564
00000017,rademacher,3.0,0.017649508428237766,0.9534914544943651,0.2633576650504068,123.43386952636283,123.69722719141323,22.58340643234892,23.74349420070311,53.58752814018866,53.95329406647506
00000017,gaussian,3.0,0.017649508428237766,0.9514300971079787,0.12640083226622778,123.43386952636283,123.3074686940966,22.58340643234892,25.08151299941708,53.58752814018866,55.726081687832846
00000018,constant,1.0,0.024183949292570377,0.9765184828913014,2.0,83.279052734375,85.279052734375,4.274674468303881,4.274674468303882,6.161236734690274,6.161236734690274
00000018,rademacher,1.0,0.024183949292570377,0.9762408810914599,0.048828125,83.279052734375,83.327880859375,4.274674468303881,5.218743307576853,6.161236734690274,7.60344478492789
00000018,gaussian,1.0,0.024183949292570377,0.977236691450353,0.0166015625,83.279052734375,83.262451171875,4.274674468303881,5.725692196897455,6.161236734690274,8.292244763211698
00000018,constant,2.0,0.024183949292570377,0.9541304420798228,4.0,83.279052734375,87.279052734375,4.274674468303881,4.274674468303881,6.161236734690274,6.161236734690274
00000018,rademacher,2.0,0.024183949292570377,0.9530412678056154,0.015625,83.279052734375,83.294677734375,4.274674468303881,7.361574426599627,6.161236734690274,10.408988321283637
00000018,gaussian,2.0,0.024183949292570377,0.9521041797701413,0.1533203125,83.279052734375,83.432373046875,4.274674468303881,8.861323401195875,6.161236734690274,12.498287689360358
00000018,constant,3.0,0.024183949292570377,0.932751048713924,6.0,83.279052734375,89.279052734375,4.274674468303881,4.274674468303881,6.161236734690274,6.161236734690274
00000018,rademacher,3.0,0.024183949292570377,0.9303564855452049,0.111328125,83.279052734375,83.167724609375,4.274674468303881,9.94041869603058,6.161236734690274,14.266749237312757
00000018,gaussian,3.0,0.024183949292570377,0.9314195931886704,0.0107421875,83.279052734375,83.289794921875,4.274674468303881,12.016462266555006,6.161236734690274,16.98836642698624
00000019,constant,1.0,0.027684067458023084,0.9748692570730249,1.875,72.8438720703125,74.7188720703125,3.8741049469519835,3.8741049469519817,5.485650923677262,5.485650923677262
00000019,rademacher,1.0,0.027684067458023084,0.973747348425933,0.064453125,72.8438720703125,72.7794189453125,3.8741049469519835,4.9204970973469235,5.485650923677262,6.867358097679912
00000019,gaussian,1.0,0.027684067458023084,0.9748919800129889,0.1666259765625,72.8438720703125,72.67724609375,3.8741049469519835,5.405305359984551,5.485650923677262,7.638319825553954
00000019,constant,2.0,0.027684067458023084,0.9509858140316934,3.75,72.8438720703125,76.5938720703125,3.8741049469519835,3.8741049469519835,5.485650923677262,5.485650923677262
00000019,rademacher,2.0,0.027684067458023084,0.9479847779463305,0.2109375,72.8438720703125,72.6329345703125,3.8741049469519835,7.054606520311027,5.485650923677262,9.897826518329698
00000019,gaussian,2.0,0.027684067458023084,0.9492112740455273,0.0316162109375,72.8438720703125,72.87548828125,3.8741049469519835,8.219962448981581,5.485650923677262,11.621300099492329
00000019,constant,3.0,0.027684067458023084,0.9282532975948053,5.625,72.8438720703125,78.4688720703125,3.8741049469519835,3.874104946951983,5.485650923677262,5.485650923677262
00000019,rademacher,3.0,0.027684067458023084,0.9232150919058368,0.0723876953125,72.8438720703125,72.771484375,3.8741049469519835,9.588103188087947,5.485650923677262,13.495126956827285
00000019,gaussian,3.0,0.027684067458023084,0.9232223005873078,0.2119140625,72.8438720703125,72.6319580078125,3.8741049469519835,11.710001853632388,5.485650923677262,16.63309844505065
00000020,constant,1.0,0.025222610907934487,0.975543401252586,2.0,79.8433837890625,81.8433837890625,4.299285388374763,4.299285388374763,5.566834318408832,5.566834318408832
00000020,rademacher,1.0,0.025222610907934487,0.9752520000784788,0.083984375,79.8433837890625,79.9273681640625,4.299285388374763,5.213292824121975,5.566834318408832,6.985324713577683
00000020,gaussian,1.0,0.025222610907934487,0.9754354285438207,0.037109375,79.8433837890625,79.8804931640625,4.299285388374763,5.837703426312608,5.566834318408832,7.9329897311089645
00000020,constant,2.0,0.025222610907934487,0.9522642001156014,4.0,79.8433837890625,83.8433837890625,4.299285388374763,4.299285388374765,5.566834318408832,5.566834318408832
00000020,rademacher,2.0,0.025222610907934487,0.9510454854850073,0.125,79.8433837890625,79.7183837890625,4.299285388374763,7.409171092995983,5.566834318408832,10.15288533947935
00000020,gaussian,2.0,0.025222610907934487,0.9512464836550587,0.0771484375,79.8433837890625,79.7662353515625,4.299285388374763,8.766505797734801,5.566834318408832,12.232882578976978
00000020,constant,3.0,0.025222610907934487,0.9300754092905725,6.0,79.8433837890625,85.8433837890625,4.299285388374763,4.299285388374765,5.566834318408832,5.566834318408832
00000020,rademacher,3.0,0.025222610907934487,0.9275339044854842,0.0234375,79.8433837890625,79.8668212890625,4.299285388374763,9.96150958506518,5.566834318408832,13.976469609711884
00000020,gaussian,3.0,0.025222610907934487,0.9278669802606923,0.1834716796875,79.8433837890625,79.659912109375,4.299285388374763,12.109854676739268,5.566834318408832,17.35168490214668
00000021,constant,1.0,0.025208530660881787,0.975555230989803,2.0,79.909912109375,81.909912109375,4.378832093114651,4.378832093114651,5.483163229424568,5.483163229424568
00000021,rademacher,1.0,0.025208530660881787,0.9752533801622719,0.013671875,79.909912109375,79.923583984375,4.378832093114651,5.319346177661191,5.483163229424568,7.028283396632279
00000021,gaussian,1.0,0.025208530660881787,0.9757134879789915,0.0087890625,79.909912109375,79.901123046875,4.378832093114651,5.871744121316864,5.483163229424568,7.739462083996637
00000021,constant,2.0,0.025208530660881787,0.9522881217848747,4.0,79.909912109375,83.909912109375,4.378832093114651,4.378832093114651,5.483163229424568,5.483163229424568
00000021,rademacher,2.0,0.025208530660881787,0.9510836984434231,0.1015625,79.909912109375,79.808349609375,4.378832093114651,7.435722091388834,5.483163229424568,10.039231767672383
00000021,gaussian,2.0,0.025208530660881787,0.9501337167291175,0.02880859375,79.909912109375,79.881103515625,4.378832093114651,8.830929864083494,5.483163229424568,12.405944556158026
00000021,constant,3.0,0.025208530660881787,0.930107649111639,6.0,79.909912109375,85.909912109375,4.378832093114651,4.378832093114651,5.483163229424568,5.483163229424568
00000021,rademacher,3.0,0.025208530660881787,0.9275297202539664,0.087890625,79.909912109375,79.822021484375,4.378832093114651,10.026241476294047,5.483163229424568,13.550245244894423
00000021,gaussian,3.0,0.025208530660881787,0.9277940634897253,0.0604248046875,79.909912109375,79.8494873046875,4.378832093114651,12.137162486943708,5.483163229424568,17.131173713085836
00000022,constant,1.0,0.0252423953792236,0.9755664625574801,2.0,79.9775390625,81.9775390625,4.074012046751884,4.074012046751883,5.285181960829162,5.285181960829162
00000022,rademacher,1.0,0.0252423953792236,0.9752726428841602,0.0625,79.9775390625,80.0400390625,4.074012046751884,5.079289888974159,5.285181960829162,6.803662337831865
00000022,gaussian,1.0,0.0252423953792236,0.976234618651163,0.0283203125,79.9775390625,79.94921875,4.074012046751884,5.588763625818206,5.285181960829162,7.63844870828913
00000022,constant,2.0,0.0252423953792236,0.9523109014659815,4.0,79.9775390625,83.9775390625,4.074012046751884,4.074012046751885,5.285181960829162,5.285181960829162
00000022,rademacher,2.0,0.0252423953792236,0.9511434062653988,0.046875,79.9775390625,80.0244140625,4.074012046751884,7.227283061124418,5.285181960829162,9.972806338991278
00000022,gaussian,2.0,0.0252423953792236,0.9522956453829255,0.0369873046875,79.9775390625,79.9405517578125,4.074012046751884,8.62563865550982,5.285181960829162,12.144405416165405
00000022,constant,3.0,0.0252423953792236,0.9301501437546588,6.0,79.9775390625,85.9775390625,4.074012046751884,4.074012046751887,5.285181960829162,5.285181960829162
00000022,rademacher,3.0,0.0252423953792236,0.9275676725812718,0.0703125,79.9775390625,79.9072265625,4.074012046751884,9.876216032037123,5.285181960829162,13.649694514043093
00000022,gaussian,3.0,0.0252423953792236,0.9286556907701439,0.0904541015625,79.9775390625,79.8870849609375,4.074012046751884,11.989439896450271,5.285181960829162,16.675069249340538
00000023,constant,1.0,0.02513360753291995,0.9756203808739375,2.0,80.10693359375,82.10693359375,4.2365047626742935,4.2365047626742935,5.331716305595457,5.331716305595457
00000023,rademacher,1.0,0.02513360753291995,0.9753206063907591,0.02734375,80.10693359375,80.13427734375,4.2365047626742935,5.198968891291825,5.331716305595457,6.801867809365174
00000023,gaussian,1.0,0.02513360753291995,0.9765814801323407,0.0869140625,80.10693359375,80.19384765625,4.2365047626742935,5.718362947983733,5.331716305595457,7.628777364446957
00000023,constant,2.0,0.02513360753291995,0.9524094960399302,4.0,80.10693359375,84.10693359375,4.2365047626742935,4.236504762674294,5.331716305595457,5.331716305595457
00000023,rademacher,2.0,0.02513360753291995,0.951281757992326,0.140625,80.10693359375,80.24755859375,4.2365047626742935,7.352607667556429,5.331716305595457,9.812788122575645
00000023,gaussian,2.0,0.02513360753291995,0.9509608727047965,0.0750732421875,80.10693359375,80.1820068359375,4.2365047626742935,8.771931545984563,5.331716305595457,12.074311271418434
00000023,constant,3.0,0.02513360753291995,0.9302865940446959,6.0,80.10693359375,86.10693359375,4.2365047626742935,4.2365047626742935,5.331716305595457,5.331716305595457
00000023,rademacher,3.0,0.02513360753291995,0.9278528485584503,0.244873046875,80.10693359375,80.351806640625,4.2365047626742935,9.970287593154886,5.331716305595457,13.854641381680619
00000023,gaussian,3.0,0.02513360753291995,0.9265566618749026,0.2059326171875,80.10693359375,79.9010009765625,4.2365047626742935,12.265674224323277,5.331716305595457,16.727311688407227
00000024,constant,1.0,0.02689133727822229,0.9739505086662241,1.7779947916666714,66.5478515625,68.32584635416667,3.779258808043772,3.7721556471579,5.318988081330792,5.317855219407719
00000024,rademacher,1.0,0.02689133727822229,0.9719273796956668,0.1259765625,66.5478515625,66.421875,3.779258808043772,4.819591868615671,5.318988081330792,6.699731513891104
00000024,gaussian,1.0,0.02689133727822229,0.9727061836597459,0.03461371527777146,66.5478515625,66.51323784722223,3.779258808043772,5.307273759863172,5.318988081330792,7.370191572899789
00000024,constant,2.0,0.02689133727822229,0.9492457520345966,3.5559895833333286,66.5478515625,70.10384114583333,3.779258808043772,3.7657485411955114,5.318988081330792,5.317107160489305
00000024,rademacher,2.0,0.02689133727822229,0.9446649982214543,0.21115451388888573,66.5478515625,66.33669704861111,3.779258808043772,6.8770976545156035,5.318988081330792,9.808176782325567
00000024,gaussian,2.0,0.02689133727822229,0.9444628665626918,0.10828993055555713,66.5478515625,66.43956163194444,3.779258808043772,8.286450983478405,5.318988081330792,11.533383284786531
00000024,constant,3.0,0.02689133727822229,0.9257646865249426,5.333875868055557,66.5478515625,71.88172743055556,3.779258808043772,3.760550375426014,5.318988081330792,5.316732471697339
00000024,rademacher,3.0,0.02689133727822229,0.9183379832727432,0.140625,66.5478515625,66.4072265625,3.779258808043772,9.36108705240066,5.318988081330792,12.96655391969921
00000024,gaussian,3.0,0.02689133727822229,0.9190806904228134,0.22798185565960694,66.5478515625,66.3198697068404,3.779258808043772,11.411426647452474,5.318988081330792,15.688635195128084
00000025,constant,1.0,0.01790876647327392,0.9866020825905755,1.6799999999999926,125.43375,127.11375,18.17259514127074,18.17259514127074,39.31145026618911,39.31145026618911
00000025,rademacher,1.0,0.01790876647327392,0.9851881376366872,0.12449421513446168,125.43375,125.30925578486554,18.17259514127074,18.586130611367487,39.31145026618911,39.552411144580944
00000025,gaussian,1.0,0.01790876647327392,0.9856428999460185,0.0074589201878012545,125.43375,125.4262910798122,18.17259514127074,18.69337590701081,39.31145026618911,39.47532238766466
00000025,constant,2.0,0.01790876647327392,0.9736529212790636,3.359999999999985,125.43375,128.79375,18.17259514127074,18.17259514127074,39.31145026618911,39.31145026618911
00000025,rademacher,2.0,0.01790876647327392,0.970669237124759,0.20346214017521902,125.43375,125.23028785982478,18.17259514127074,19.28290430040931,39.31145026618911,40.284546144696385
00000025,gaussian,2.0,0.01790876647327392,0.9705475531227504,0.11307117131224231,125.43375,125.54682117131225,18.17259514127074,20.023984423324425,39.31145026618911,41.239699126679454
00000025,constant,3.0,0.01790876647327392,0.9610784036636599,5.039999999999992,125.43375,130.47375,18.17259514127074,18.172595141270737,39.31145026618911,39.31145026618911
00000025,rademacher,3.0,0.01790876647327392,0.956639189106674,0.10188579277864562,125.43375,125.53563579277865,18.17259514127074,20.29137782363908,39.31145026618911,41.08969044656815
00000025,gaussian,3.0,0.01790876647327392,0.9557451066529995,0.10280475368685416,125.43375,125.53655475368686,18.17259514127074,21.48854916759241,39.31145026618911,42.7400870420706
00000026,constant,1.0,0.025463617674249747,0.975787283998929,2.0,80.73147043789402,82.73147043789402,14.095583618950121,14.095583618950117,14.370766077579711,14.370766077579711
00000026,rademacher,1.0,0.025463617674249747,0.9754900734589055,0.026239563809852484,80.73147043789402,80.75771000170387,14.095583618950121,14.65119890688114,14.370766077579711,15.325307543660617
00000026,gaussian,1.0,0.025463617674249747,0.9766406399893224,0.06028143667994357,80.73147043789402,80.79175187457396,14.095583618950121,14.905670717739536,14.370766077579711,15.685012343339759
00000026,constant,2.0,0.025463617674249747,0.9527346876395095,4.0,80.73147043789402,84.73147043789402,14.095583618950121,14.095583618950121,14.370766077579711,14.370766077579711
00000026,rademacher,2.0,0.025463617674249747,0.9515567369310338,0.06190670237936047,80.73147043789402,80.66956373551466,14.095583618950121,15.89432142072461,14.370766077579711,17.320298715053717
00000026,gaussian,2.0,0.025463617674249747,0.9520874702349074,0.033526153789694035,80.73147043789402,80.76499659168371,14.095583618950121,16.713403591261198,14.370766077579711,18.837352337815442
00000026,constant,3.0,0.025463617674249747,0.9307571411732348,6.0,80.73147043789402,86.73147043789402,14.095583618950121,14.095583618950121,14.370766077579711,14.370766077579711
00000026,rademacher,3.0,0.025463617674249747,0.9283133424290423,0.1509426500405482,80.73147043789402,80.88241308793457,14.095583618950121,17.677275137838524,14.370766077579711,20.463230434009166
00000026,gaussian,3.0,0.025463617674249747,0.9276540565149967,0.1918162992351995,80.73147043789402,80.92328673712922,14.095583618950121,19.155425392682144,14.370766077579711,22.247714176866644
00000029,constant,1.0,0.027453101369149566,0.9749943849666841,1.875,73.1280517578125,75.0030517578125,3.826902206803255,3.8269022068032545,5.448748188447373,5.448748188447373
00000029,rademacher,1.0,0.027453101369149566,0.9738710256693285,0.0,73.1280517578125,73.1280517578125,3.826902206803255,4.84416443136962,5.448748188447373,6.808734414199929
00000029,gaussian,1.0,0.027453101369149566,0.9749207459284355,0.0933837890625,73.1280517578125,73.03466796875,3.826902206803255,5.313323196818727,5.448748188447373,7.450839682585043
00000029,constant,2.0,0.027453101369149566,0.9512118440608208,3.75,73.1280517578125,76.8780517578125,3.826902206803255,3.826902206803255,5.448748188447373,5.448748188447373
00000029,rademacher,2.0,0.027453101369149566,0.9484020611849211,0.03076171875,73.1280517578125,73.0972900390625,3.826902206803255,7.004585952468945,5.448748188447373,10.036935494478449
00000029,gaussian,2.0,0.027453101369149566,0.9479614510002162,0.036376953125,73.1280517578125,73.1644287109375,3.826902206803255,8.470695752155237,5.448748188447373,11.872778767022595
00000029,constant,3.0,0.027453101369149566,0.9285633462244922,5.625,73.1280517578125,78.7530517578125,3.826902206803255,3.8269022068032545,5.448748188447373,5.448748188447373
00000029,rademacher,3.0,0.027453101369149566,0.9231858310152711,0.501708984375,73.1280517578125,72.6263427734375,3.826902206803255,9.521065446655586,5.448748188447373,13.63805064623343
00000029,gaussian,3.0,0.027453101369149566,0.9237272024231488,0.4998779296875,73.1280517578125,72.628173828125,3.826902206803255,11.625571970216276,5.448748188447373,16.408533100928153
00000031,constant,1.0,0.029817984243412116,0.9746759023894255,1.75,67.40283203125,69.15283203125,3.4743870187277945,3.4743870187277954,5.330425433626217,5.330425433626217
00000031,rademacher,1.0,0.029817984243412116,0.9726020541309625,0.08740234375,67.40283203125,67.3154296875,3.4743870187277945,4.556785431801883,5.330425433626217,6.764117850532284
00000031,gaussian,1.0,0.029817984243412116,0.9732248589511042,0.149658203125,67.40283203125,67.253173828125,3.4743870187277945,5.12587895026019,5.330425433626217,7.524464461858257
00000031,constant,2.0,0.029817984243412116,0.9506125653368593,3.5,67.40283203125,70.90283203125,3.4743870187277945,3.4743870187277954,5.330425433626217,5.330425433626217
00000031,rademacher,2.0,0.029817984243412116,0.9457485249696524,0.18603515625,67.40283203125,67.216796875,3.4743870187277945,6.7092863733977985,5.330425433626217,9.639510766781028
00000031,gaussian,2.0,0.029817984243412116,0.9448965775016397,0.14501953125,67.40283203125,67.2578125,3.4743870187277945,8.152471754735277,5.330425433626217,11.77450656919582
00000031,constant,3.0,0.029817984243412116,0.9277150134750963,5.25,67.40283203125,72.65283203125,3.4743870187277945,3.4743870187277954,5.330425433626217,5.330425433626217
00000031,rademacher,3.0,0.029817984243412116,0.9196695021614838,0.3662109375,67.40283203125,67.03662109375,3.4743870187277945,9.099243865780675,5.330425433626217,13.087971739711278
00000031,gaussian,3.0,0.029817984243412116,0.9198758045350163,0.27706890548687113,67.40283203125,67.12576312576313,3.4743870187277945,11.298849363961127,5.330425433626217,15.996511045262075
00000032,constant,1.0,0.027504751108592004,0.9750047948923831,1.875,73.229248046875,75.104248046875,3.7438451849643863,3.7438451849643863,5.25824105709528,5.25824105709528
00000032,rademacher,1.0,0.027504751108592004,0.9738670053667734,0.0050048828125,73.229248046875,73.2342529296875,3.7438451849643863,4.785257464591592,5.25824105709528,6.750711842956349
00000032,gaussian,1.0,0.027504751108592004,0.9746772755242731,0.057373046875,73.229248046875,73.28662109375,3.7438451849643863,5.351297314197074,5.25824105709528,7.602140391547996
00000032,constant,2.0,0.027504751108592004,0.9512407073808135,3.75,73.229248046875,76.979248046875,3.7438451849643863,3.7438451849643863,5.25824105709528,5.25824105709528
00000032,rademacher,2.0,0.027504751108592004,0.9482599928448304,0.20556640625,73.229248046875,73.023681640625,3.7438451849643863,6.924932351021191,5.25824105709528,9.81663793155029
00000032,gaussian,2.0,0.027504751108592004,0.9486586238293444,0.1468505859375,73.229248046875,73.0823974609375,3.7438451849643863,8.442470712456988,5.25824105709528,11.955343498960293
00000032,constant,3.0,0.027504751108592004,0.9286146634611663,5.625,73.229248046875,78.854248046875,3.7438451849643863,3.7438451849643863,5.25824105709528,5.25824105709528
00000032,rademacher,3.0,0.027504751108592004,0.9233421665462138,0.2618408203125,73.229248046875,72.9674072265625,3.7438451849643863,9.455050743666948,5.25824105709528,13.035967132980511
00000032,gaussian,3.0,0.027504751108592004,0.9234806993226876,0.0859375,73.229248046875,73.143310546875,3.7438451849643863,11.710038767715218,5.25824105709528,16.408526559103297
00000034,constant,1.0,0.02498664138584849,0.9758440129787338,2.0,80.943359375,82.943359375,4.527337207907427,4.527337207907428,6.104497489266332,6.104497489266332
00000034,rademacher,1.0,0.02498664138584849,0.9755442277635329,0.005859375,80.943359375,80.94921875,4.527337207907427,5.447016426105271,6.104497489266332,7.415643432274507
00000034,gaussian,1.0,0.02498664138584849,0.9761764811113894,0.056640625,80.943359375,80.88671875,4.527337207907427,5.971932828767796,6.104497489266332,8.256772173773545
00000034,constant,2.0,0.02498664138584849,0.9528431730014355,4.0,80.943359375,84.943359375,4.527337207907427,4.527337207907427,6.104497489266332,6.104497489266332
00000034,rademacher,2.0,0.02498664138584849,0.9517158812124922,0.0546875,80.943359375,80.998046875,4.527337207907427,7.530877979087143,6.104497489266332,10.552933932854916
00000034,gaussian,2.0,0.02498664138584849,0.9541162184784787,0.0009765625,80.943359375,80.9423828125,4.527337207907427,8.539353598555897,6.104497489266332,12.005318148612597
00000034,constant,3.0,0.02498664138584849,0.9309120900633178,6.0,80.943359375,86.943359375,4.527337207907427,4.527337207907428,6.104497489266332,6.104497489266332
00000034,rademacher,3.0,0.02498664138584849,0.9284036875948366,0.0,80.943359375,80.943359375,4.527337207907427,10.155762924787334,6.104497489266332,14.396671897164339
00000034,gaussian,3.0,0.02498664138584849,0.9293308276058373,0.1802455357142918,80.943359375,80.76311383928571,4.527337207907427,12.22835475032114,6.104497489266332,17.714440291514553
00000037,constant,1.0,0.01611413043478261,0.9857947587558168,2.0,139.39816067081418,141.39816067081418,14.177414330477456,14.177414330477456,28.809582764454287,28.809582764454287
00000037,rademacher,1.0,0.01611413043478261,0.9856778311869032,0.0014605413070398754,139.39816067081418,139.39962121212122,14.177414330477456,14.227166587565401,28.809582764454287,28.571383183599288
00000037,gaussian,1.0,0.01611413043478261,0.9857402106025638,0.09548282391128282,139.39816067081418,139.49364349472546,14.177414330477456,14.718604855750842,28.809582764454287,29.339403636094136
00000037,constant,2.0,0.01611413043478261,0.9720222855730536,4.0,139.39816067081418,143.39816067081418,14.177414330477456,14.177414330477456,28.809582764454287,28.809582764454287
00000037,rademacher,2.0,0.01611413043478261,0.9716165478281836,0.034081687855035625,139.39816067081418,139.36407898295914,14.177414330477456,15.474814080992816,28.809582764454287,30.04247059232323
00000037,gaussian,2.0,0.01611413043478261,0.9714008548938271,0.020129372475878426,139.39816067081418,139.41829004329006,14.177414330477456,15.862442723208034,28.809582764454287,30.227438241570095
00000037,constant,3.0,0.01611413043478261,0.9586311223910702,6.0,139.39816067081418,145.39816067081418,14.177414330477456,14.177414330477456,28.809582764454287,28.809582764454287
00000037,rademacher,3.0,0.01611413043478261,0.9577388247589188,0.04947126423317627,139.39816067081418,139.44763193504735,14.177414330477456,16.097820826562682,28.809582764454287,29.863577776522774
00000037,gaussian,3.0,0.01611413043478261,0.9587855960737317,0.08007729236263117,139.39816067081418,139.31808337845155,14.177414330477456,16.93138895727228,28.809582764454287,30.58790370714185
00000038,constant,1.0,0.018133071278266164,0.984474538200586,1.6377198842128706,104.24226230238254,105.87998218659541,14.178988177441923,14.138332651321152,29.28522948474456,29.171513074006654
00000038,rademacher,1.0,0.018133071278266164,0.982566261561193,0.1928190952555866,104.24226230238254,104.04944320712696,14.178988177441923,14.584233111593244,29.28522948474456,29.590696290765095
00000038,gaussian,1.0,0.018133071278266164,0.9829184616656036,0.09864172790024384,104.24226230238254,104.1436205744823,14.178988177441923,14.921017893994408,29.28522948474456,29.988683800308497
00000038,constant,2.0,0.018133071278266164,0.9694418556487522,3.2747717657537265,104.24226230238254,107.51703406813627,14.178988177441923,14.09918474219849,29.28522948474456,29.06056853921226
00000038,rademacher,2.0,0.018133071278266164,0.9655661230550496,0.2117092247732586,104.24226230238254,104.03055307760928,14.178988177441923,15.350180959614164,29.28522948474456,30.214651616885977
00000038,gaussian,2.0,0.018133071278266164,0.9665896629932127,0.22041656007313293,104.24226230238254,104.02184574230941,14.178988177441923,16.229402760000283,29.28522948474456,31.25185352189562
00000038,constant,3.0,0.018133071278266164,0.9548964208851399,4.910710309507905,104.24226230238254,109.15297261189045,14.178988177441923,14.06114467261009,29.28522948474456,28.953836792826014
00000038,rademacher,3.0,0.018133071278266164,0.9489762084993776,0.20189655751188695,104.24226230238254,104.04036574487066,14.178988177441923,16.64121767699973,29.28522948474456,31.492040315029307
00000038,gaussian,3.0,0.018133071278266164,0.9486676502688907,0.34199456476540036,104.24226230238254,103.90026773761714,14.178988177441923,18.334254960332327,29.28522948474456,33.61140444541746
00000040,constant,1.0,0.018186749679130355,0.983765288166571,1.6710431654676228,101.45953237410072,103.13057553956834,14.20643587917589,14.175293730420973,30.57762204868452,30.537575344293444
00000040,rademacher,1.0,0.018186749679130355,0.9819640617882576,0.2291366906474792,101.45953237410072,101.23039568345324,14.20643587917589,14.562738958389058,30.57762204868452,30.777890378786022
00000040,gaussian,1.0,0.018186749679130355,0.9822944406724806,0.21744604316546656,101.45953237410072,101.24208633093525,14.20643587917589,14.865999156420147,30.57762204868452,31.0403275718549
00000040,constant,2.0,0.018186749679130355,0.9680742069178558,3.3419064748201492,101.45953237410072,104.80143884892087,14.20643587917589,14.148056362356542,30.57762204868452,30.501334444248478
00000040,rademacher,2.0,0.018186749679130355,0.9642745614570704,0.3706514816933719,101.45953237410072,101.08888089240735,14.20643587917589,15.304537719120935,30.57762204868452,31.07197220163244
00000040,gaussian,2.0,0.018186749679130355,0.9643580453444093,0.32618704388657704,101.45953237410072,101.13334533021414,14.20643587917589,16.004593065615843,30.57762204868452,31.987699355492413
00000040,constant,3.0,0.018186749679130355,0.9528854713733333,5.012230215827344,101.45953237410072,106.47176258992806,14.20643587917589,14.125709180675393,30.57762204868452,30.476615785428724
00000040,rademacher,3.0,0.018186749679130355,0.9470049510945344,0.4892086330935257,101.45953237410072,100.97032374100719,14.20643587917589,16.78394576290868,30.57762204868452,33.018534280879244
00000040,gaussian,3.0,0.018186749679130355,0.9468784673358571,0.6221223021582745,101.45953237410072,100.83741007194244,14.20643587917589,18.058576560898743,30.57762204868452,34.303319840787815
00000041,constant,1.0,0.02575775576389819,0.97598336227994,2.0,81.46098414659255,83.46098414659255,12.882460769821334,12.882460769821334,15.018043744427622,15.018043744427622
00000041,rademacher,1.0,0.02575775576389819,0.975680953284657,0.005353098620545893,81.46098414659255,81.455631047972,12.882460769821334,13.312370857590064,15.018043744427622,15.709447772367694
00000041,gaussian,1.0,0.02575775576389819,0.9758890025703092,0.15158022003979,81.46098414659255,81.61256436663234,12.882460769821334,13.427485332460845,15.018043744427622,15.911892193164197
00000041,constant,2.0,0.02575775576389819,0.9531070438212074,4.0,81.46098414659255,85.46098414659255,12.882460769821334,12.882460769821332,15.018043744427622,15.018043744427622
00000041,rademacher,2.0,0.02575775576389819,0.9519298912761655,0.15812229771464104,81.46098414659255,81.30286184887791,12.882460769821334,14.532995165409073,15.018043744427622,17.760317528933356
00000041,gaussian,2.0,0.02575775576389819,0.9509474380426359,0.08850783839312726,81.46098414659255,81.37247630819942,12.882460769821334,15.164062468559235,15.018043744427622,19.05241845966271
00000041,constant,3.0,0.02575775576389819,0.9313136496965531,5.998558781140616,81.46098414659255,87.45954292773317,12.882460769821334,12.88029235615468,15.018043744427622,15.015250146835212
00000041,rademacher,3.0,0.02575775576389819,0.9289188050527362,0.17315215153386987,81.46098414659255,81.63413629812642,12.882460769821334,15.955747833550355,15.018043744427622,20.179416175570754
00000041,gaussian,3.0,0.02575775576389819,0.9277493497027038,0.0767172602663635,81.46098414659255,81.38426688632619,12.882460769821334,17.659596490218696,15.018043744427622,22.479913358411295
00000042,constant,1.0,0.0268669284168682,0.973959839919133,1.7777777777777715,66.49283854166667,68.27061631944444,3.5638870360494033,3.563887036049403,5.339309393409597,5.339309393409597
00000042,rademacher,1.0,0.0268669284168682,0.971898309999839,0.17567274305555713,66.49283854166667,66.31716579861111,3.5638870360494033,4.606590392061002,5.339309393409597,6.663680489920321
00000042,gaussian,1.0,0.0268669284168682,0.9718593660907858,0.14919704861111427,66.49283854166667,66.34364149305556,3.5638870360494033,5.305326563447201,5.339309393409597,7.76028214570787
00000042,constant,2.0,0.0268669284168682,0.9492414408441585,3.555555555555557,66.49283854166667,70.04839409722223,3.5638870360494033,3.5638870360494033,5.339309393409597,5.339309393409597
00000042,rademacher,2.0,0.0268669284168682,0.9448799398032175,0.048828125,66.49283854166667,66.44401041666667,3.5638870360494033,6.773990768375572,5.339309393409597,9.535126311862975
00000042,gaussian,2.0,0.0268669284168682,0.9442648895499052,0.2174479166666714,66.49283854166667,66.275390625,3.5638870360494033,8.229309595823745,5.339309393409597,11.94906416410695
00000042,constant,3.0,0.0268669284168682,0.9257466576025379,5.333333333333329,66.49283854166667,71.826171875,3.5638870360494033,3.5638870360494033,5.339309393409597,5.339309393409597
00000042,rademacher,3.0,0.0268669284168682,0.9182273099244683,0.2171223958333428,66.49283854166667,66.27571614583333,3.5638870360494033,9.317513279383272,5.339309393409597,13.482056060497145
00000042,gaussian,3.0,0.0268669284168682,0.9182080317278035,0.3061863441625974,66.49283854166667,66.18665219750407,3.5638870360494033,11.43527276581473,5.339309393409597,16.275040803956696
00000043,constant,1.0,0.024370180920819367,0.9763515306770058,2.0,82.631640625,84.631640625,4.273493658075955,4.273493658075957,5.875943660862262,5.875943660862262
00000043,rademacher,1.0,0.024370180920819367,0.9760599901885205,0.04296875,82.631640625,82.588671875,4.273493658075955,5.203916273543325,5.875943660862262,7.280991410942046
00000043,gaussian,1.0,0.024370180920819367,0.9759132700148366,0.0849609375,82.631640625,82.5466796875,4.273493658075955,5.783946411815522,5.875943660862262,7.993844860764947
00000043,constant,2.0,0.024370180920819367,0.9538000225453726,4.0,82.631640625,86.631640625,4.273493658075955,4.273493658075955,5.875943660862262,5.875943660862262
00000043,rademacher,2.0,0.024370180920819367,0.952688211760306,0.0546875,82.631640625,82.576953125,4.273493658075955,7.379252682894358,5.875943660862262,10.353639808467054
00000043,gaussian,2.0,0.024370180920819367,0.953109411373462,0.07929687499999716,82.631640625,82.55234375,4.273493658075955,8.699795259401082,5.875943660862262,12.379031426888218
00000043,constant,3.0,0.024370180920819367,0.9322729356180806,6.0,82.631640625,88.631640625,4.273493658075955,4.273493658075957,5.875943660862262,5.875943660862262
00000043,rademacher,3.0,0.024370180920819367,0.929842659497259,0.10546875,82.631640625,82.526171875,4.273493658075955,9.900240963808775,5.875943660862262,13.9273081496592
00000043,gaussian,3.0,0.024370180920819367,0.9316109109624292,0.32636718749999716,82.631640625,82.3052734375,4.273493658075955,11.662397227068553,5.875943660862262,16.53983548365814
00000044,constant,1.0,0.02719528351182025,0.9762410214660387,1.7999999999999972,74.01328125,75.81328125,3.649527438728891,3.64952743872889,5.584879372781571,5.584879372781571
00000044,rademacher,1.0,0.02719528351182025,0.9747008680691327,0.06660156250001137,74.01328125,73.9466796875,3.649527438728891,4.68346742761949,5.584879372781571,6.827939266770324
00000044,gaussian,1.0,0.02719528351182025,0.9751852238338725,0.14121093750000568,74.01328125,73.8720703125,3.649527438728891,5.316567746772173,5.584879372781571,7.782786289483253
00000044,constant,2.0,0.02719528351182025,0.9535896196976102,3.5999999999999943,74.01328125,77.61328125,3.649527438728891,3.64952743872889,5.584879372781571,5.584879372781571
00000044,rademacher,2.0,0.02719528351182025,0.9499260892182969,0.13398437500001137,74.01328125,73.879296875,3.649527438728891,6.835968060273591,5.584879372781571,9.742123573681823
00000044,gaussian,2.0,0.02719528351182025,0.9508752642051393,0.3785156250000057,74.01328125,73.634765625,3.649527438728891,8.086287936368668,5.584879372781571,11.549831659818508
00000044,constant,3.0,0.02719528351182025,0.9319655277578286,5.3999999999999915,74.01328125,79.41328125,3.649527438728891,3.64952743872889,5.584879372781571,5.584879372781571
00000044,rademacher,3.0,0.02719528351182025,0.9257260586551489,0.3324218750000085,74.01328125,73.680859375,3.649527438728891,9.331509914382323,5.584879372781571,13.35969656506019
00000044,gaussian,3.0,0.02719528351182025,0.9251521778424988,0.32539062500001137,74.01328125,73.687890625,3.649527438728891,11.573763864415968,5.584879372781571,16.62611689530691
00000045,constant,1.0,0.026830407795501568,0.9740188904515538,1.7777777777777857,66.65668402777777,68.43446180555556,3.759875456831002,3.7598754568310033,5.114620922060614,5.114620922060614
00000045,rademacher,1.0,0.026830407795501568,0.9720673262238212,0.07790798611110006,66.65668402777777,66.57877604166667,3.759875456831002,4.804083344548838,5.114620922060614,6.511302225322407
00000045,gaussian,1.0,0.026830407795501568,0.9729927417993586,0.1402994791666572,66.65668402777777,66.51638454861111,3.759875456831002,5.319721527423927,5.114620922060614,7.346468023033777
00000045,constant,2.0,0.026830407795501568,0.9493536297956188,3.555555555555557,66.65668402777777,70.21223958333333,3.759875456831002,3.7598754568310024,5.114620922060614,5.114620922060614
00000045,rademacher,2.0,0.026830407795501568,0.9450097156259254,0.04513888888888573,66.65668402777777,66.61154513888889,3.759875456831002,6.872506444752029,5.114620922060614,9.585150308262268
00000045,gaussian,2.0,0.026830407795501568,0.9444181019786452,0.26963975694444287,66.65668402777777,66.38704427083333,3.759875456831002,8.329713174101581,5.114620922060614,11.44991961880184
00000045,constant,3.0,0.026830407795501568,0.9259081180478099,5.333333333333343,66.65668402777777,71.99001736111111,3.759875456831002,3.7598754568310024,5.114620922060614,5.114620922060614
00000045,rademacher,3.0,0.026830407795501568,0.9181874831687261,0.3776041666666572,66.65668402777777,66.27907986111111,3.759875456831002,9.343490623617914,5.114620922060614,13.207444571345892
00000045,gaussian,3.0,0.026830407795501568,0.9188580179391818,0.0564018484853932,66.65668402777777,66.60028217929238,3.759875456831002,11.397510108047285,5.114620922060614,15.823289548528557
00000046,constant,1.0,0.02688879647071295,0.9739684183606203,1.7777777777777857,66.53255208333333,68.31032986111111,3.57938683381422,3.57938683381422,5.040208835957157,5.040208835957157
00000046,rademacher,1.0,0.02688879647071295,0.9719555164238012,0.13140190972221433,66.53255208333333,66.40115017361111,3.57938683381422,4.6308461553419935,5.040208835957157,6.4714747250994185
00000046,gaussian,1.0,0.02688879647071295,0.972248372639422,0.08062065972221433,66.53255208333333,66.45193142361111,3.57938683381422,5.266469960968784,5.040208835957157,7.24892666689432
00000046,constant,2.0,0.02688879647071295,0.9492577380556128,3.555555555555557,66.53255208333333,70.08810763888889,3.57938683381422,3.57938683381422,5.040208835957157,5.040208835957157
00000046,rademacher,2.0,0.02688879647071295,0.9446924969542753,0.21484375,66.53255208333333,66.31770833333333,3.57938683381422,6.745348110956986,5.040208835957157,9.53378884150142
00000046,gaussian,2.0,0.02688879647071295,0.9459016419507527,0.2639973958333286,66.53255208333333,66.2685546875,3.57938683381422,8.075073586824153,5.040208835957157,11.253105974426676
00000046,constant,3.0,0.02688879647071295,0.9257741017882702,5.333333333333343,66.53255208333333,71.86588541666667,3.57938683381422,3.57938683381422,5.040208835957157,5.040208835957157
00000046,rademacher,3.0,0.02688879647071295,0.9180908564896485,0.3333333333333286,66.53255208333333,66.19921875,3.57938683381422,9.252328602670003,5.040208835957157,13.3852752520318
00000046,gaussian,3.0,0.02688879647071295,0.9179921730265393,0.16152658143424503,66.53255208333333,66.37102550189908,3.57938683381422,11.355746438404331,5.040208835957157,16.144539855553006
00000047,constant,1.0,0.02743788529796376,0.9750201660118134,1.875,73.185546875,75.060546875,3.952154145436239,3.95215414543624,5.635298808959687,5.635298808959687
00000047,rademacher,1.0,0.02743788529796376,0.9738682443004576,0.076904296875,73.185546875,73.108642578125,3.952154145436239,4.9783002103690395,5.635298808959687,6.979795122832783
00000047,gaussian,1.0,0.02743788529796376,0.9752275683776819,0.1287841796875,73.185546875,73.0567626953125,3.952154145436239,5.484530967059637,5.635298808959687,7.7234198233899285
00000047,constant,2.0,0.02743788529796376,0.9512579015511158,3.75,73.185546875,76.935546875,3.952154145436239,3.9521541454362397,5.635298808959687,5.635298808959687
00000047,rademacher,2.0,0.02743788529796376,0.9483118142101035,0.152099609375,73.185546875,73.033447265625,3.952154145436239,7.065011274905667,5.635298808959687,10.066478713826946
00000047,gaussian,2.0,0.02743788529796376,0.9492254102565355,0.2584228515625,73.185546875,72.9271240234375,3.952154145436239,8.299757603360655,5.635298808959687,11.66730396210377
00000047,constant,3.0,0.02743788529796376,0.9286263041808134,5.625,73.185546875,78.810546875,3.952154145436239,3.95215414543624,5.635298808959687,5.635298808959687
00000047,rademacher,3.0,0.02743788529796376,0.9236328626444159,0.0322265625,73.185546875,73.1533203125,3.952154145436239,9.610925540802075,5.635298808959687,13.798403239218523
00000047,gaussian,3.0,0.02743788529796376,0.9240910105198606,0.0638427734375,73.185546875,73.1217041015625,3.952154145436239,11.783676733004626,5.635298808959687,16.98366019043644
00000048,constant,1.0,0.02602751620109086,0.9763136681909887,1.875,77.327392578125,79.202392578125,4.015218655104632,4.015218655104631,5.402576610727896,5.402576610727896
00000048,rademacher,1.0,0.02602751620109086,0.9752110214844055,0.1123046875,77.327392578125,77.215087890625,4.015218655104632,5.0513755931274495,5.402576610727896,6.939915468759066
00000048,gaussian,1.0,0.02602751620109086,0.9757377479060853,0.134765625,77.327392578125,77.192626953125,4.015218655104632,5.571169901237411,5.402576610727896,7.477460202692978
00000048,constant,2.0,0.02602751620109086,0.9537263297996473,3.75,77.327392578125,81.077392578125,4.015218655104632,4.015218655104632,5.402576610727896,5.402576610727896
00000048,rademacher,2.0,0.02602751620109086,0.9510857924751878,0.083984375,77.327392578125,77.243408203125,4.015218655104632,7.103874760689807,5.402576610727896,9.742704317621785
00000048,gaussian,2.0,0.02602751620109086,0.9524441877773626,0.299072265625,77.327392578125,77.0283203125,4.015218655104632,8.308044760104414,5.402576610727896,11.775023108857443
00000048,constant,3.0,0.02602751620109086,0.932165976740182,5.625,77.327392578125,82.952392578125,4.015218655104632,4.015218655104633,5.402576610727896,5.402576610727896
00000048,rademacher,3.0,0.02602751620109086,0.9274550410379011,0.1358642578125,77.327392578125,77.1915283203125,4.015218655104632,9.662153176161112,5.402576610727896,13.502087987407219
00000048,gaussian,3.0,0.02602751620109086,0.930240687259206,0.2867431640625,77.327392578125,77.0406494140625,4.015218655104632,11.351202306441545,5.402576610727896,15.938775225854092
00000050,constant,1.0,0.025161450231360044,0.9756601620974454,2.0,80.2845458984375,82.2845458984375,4.1528638125947275,4.152863812594729,5.460035672179389,5.460035672179389
00000050,rademacher,1.0,0.025161450231360044,0.9753576497623178,0.0078125,80.2845458984375,80.2767333984375,4.1528638125947275,5.140420581980475,5.460035672179389,6.98021287798322
00000050,gaussian,1.0,0.025161450231360044,0.9759136948707511,0.0185546875,80.2845458984375,80.3031005859375,4.1528638125947275,5.699123746642098,5.460035672179389,7.879075246866707
00000050,constant,2.0,0.025161450231360044,0.952481164239719,4.0,80.2845458984375,84.2845458984375,4.1528638125947275,4.152863812594731,5.460035672179389,5.460035672179389
00000050,rademacher,2.0,0.025161450231360044,0.9513353414994802,0.05078125,80.2845458984375,80.3353271484375,4.1528638125947275,7.310846397579626,5.460035672179389,10.0490089326673
00000050,gaussian,2.0,0.025161450231360044,0.9500048186340284,0.009521484375,80.2845458984375,80.2750244140625,4.1528638125947275,8.838031036603724,5.460035672179389,12.284700869184954
00000050,constant,3.0,0.025161450231360044,0.9303937422276549,6.0,80.2845458984375,86.2845458984375,4.1528638125947275,4.152863812594729,5.460035672179389,5.460035672179389
00000050,rademacher,3.0,0.025161450231360044,0.9279077707103431,0.052734375,80.2845458984375,80.3372802734375,4.1528638125947275,9.967566967829157,5.460035672179389,13.518817091029515
00000050,gaussian,3.0,0.025161450231360044,0.9294429264729823,0.032470703125,80.2845458984375,80.3170166015625,4.1528638125947275,11.897699990962359,5.460035672179389,16.913121907233915
00000052,constant,1.0,0.02814176294067141,0.974707793983365,1.8741705578766243,72.27709510936349,74.15126566724011,6.9270088058199075,6.927008805819907,8.156112911111373,8.156112911111373
00000052,rademacher,1.0,0.02814176294067141,0.9735186385138879,0.0874907839764063,72.27709510936349,72.18960432538708,6.9270088058199075,7.774183766316526,8.156112911111373,9.288812536681064
00000052,gaussian,1.0,0.02814176294067141,0.9741043643104591,0.049152125829436955,72.27709510936349,72.32624723519292,6.9270088058199075,8.26138277515839,8.156112911111373,9.932132275180074
00000052,constant,2.0,0.02814176294067141,0.9506664921034385,3.7483411157532487,72.27709510936349,76.02543622511674,6.9270088058199075,6.9270088058199075,8.156112911111373,8.156112911111373
00000052,rademacher,2.0,0.02814176294067141,0.9475705127673514,0.2617350700417802,72.27709510936349,72.0153600393217,6.9270088058199075,9.550792480625748,8.156112911111373,12.027494142480435
00000052,gaussian,2.0,0.02814176294067141,0.9473760099440647,0.16429098058492286,72.27709510936349,72.11280412877856,6.9270088058199075,10.753185242978166,8.156112911111373,13.687012827329365
00000052,constant,3.0,0.02814176294067141,0.9277884604767306,5.622511673629873,72.27709510936349,77.89960678299336,6.9270088058199075,6.9270088058199075,8.156112911111373,8.156112911111373
00000052,rademacher,3.0,0.02814176294067141,0.9224503762303617,0.2584173015482918,72.27709510936349,72.0186778078152,6.9270088058199075,11.787613940834754,8.156112911111373,15.367422512196057
00000052,gaussian,3.0,0.02814176294067141,0.9214943584747121,0.11427869255345513,72.27709510936349,72.16281641681003,6.9270088058199075,13.904096058957075,8.156112911111373,18.32406822376562
00000053,constant,1.0,0.026567921860943325,0.9743239774356535,1.7777777777777857,67.54904513888889,69.32682291666667,3.474255498185899,3.4742554981858986,5.014662970057949,5.014662970057949
00000053,rademacher,1.0,0.026567921860943325,0.9723555938933041,0.1184895833333286,67.54904513888889,67.43055555555556,3.474255498185899,4.554804216541944,5.014662970057949,6.396922017104111
00000053,gaussian,1.0,0.026567921860943325,0.9732894104510872,0.08713107638888573,67.54904513888889,67.4619140625,3.474255498185899,5.144267741916414,5.014662970057949,7.27003897848812
00000053,constant,2.0,0.026567921860943325,0.9499421623056944,3.555555555555557,67.54904513888889,71.10460069444444,3.474255498185899,3.474255498185898,5.014662970057949,5.014662970057949
00000053,rademacher,2.0,0.026567921860943325,0.9454581310394696,0.212890625,67.54904513888889,67.33615451388889,3.474255498185899,6.7218329851891205,5.014662970057949,9.820516826564027
00000053,gaussian,2.0,0.026567921860943325,0.9457165537033645,0.24359809027777146,67.54904513888889,67.30544704861111,3.474255498185899,7.970834670984606,5.014662970057949,11.289350366277235
00000053,constant,3.0,0.026567921860943325,0.9267618718660299,5.333333333333343,67.54904513888889,72.88237847222223,3.474255498185899,3.4742554981858977,5.014662970057949,5.014662970057949
00000053,rademacher,3.0,0.026567921860943325,0.9193457712979551,0.2447916666666572,67.54904513888889,67.30425347222223,3.474255498185899,9.187251345766407,5.014662970057949,13.214593676045837
00000053,gaussian,3.0,0.026567921860943325,0.9178781525245653,0.20258246527777146,67.54904513888889,67.34646267361111,3.474255498185899,11.566343489823906,5.014662970057949,16.236374519363
00000054,constant,1.0,0.027045356760002238,0.9769038419981525,1.8093819806403673,76.581347728965,78.39072970960537,7.209290499024067,7.209290499024066,13.598931130129179,13.598931130129179
00000054,rademacher,1.0,0.027045356760002238,0.9754328318056916,0.048486064470495194,76.581347728965,76.5328616644945,7.209290499024067,7.821025031272404,13.598931130129179,14.183330821417373
00000054,gaussian,1.0,0.027045356760002238,0.9761339497688367,0.07259865971704471,76.581347728965,76.50874906924795,7.209290499024067,8.33294123647966,13.598931130129179,14.844441933703173
00000054,constant,2.0,0.027045356760002238,0.9548548973732282,3.6187639612807203,76.581347728965,80.20011169024572,7.209290499024067,7.209290499024067,13.598931130129179,13.598931130129179
00000054,rademacher,2.0,0.027045356760002238,0.951380459543497,0.2369694713328272,76.581347728965,76.34437825763217,7.209290499024067,9.539879834893748,13.598931130129179,16.443685734556585
00000054,gaussian,2.0,0.027045356760002238,0.9517342749336898,0.14102004324539053,76.581347728965,76.44032768571961,7.209290499024067,10.587789761198529,13.598931130129179,17.693411979763404
00000054,constant,3.0,0.027045356760002238,0.9337835230561451,5.428145941921073,76.581347728965,82.00949367088607,7.209290499024067,7.209290499024067,13.598931130129179,13.598931130129179
00000054,rademacher,3.0,0.027045356760002238,0.9280253970041671,0.18384260887563642,76.581347728965,76.39750512008936,7.209290499024067,11.364407907909007,13.598931130129179,18.578667912480636
00000054,gaussian,3.0,0.027045356760002238,0.9271040673001089,0.31454452658182674,76.581347728965,76.26680320238317,7.209290499024067,13.463548217858417,13.598931130129179,21.716449021169574
00000055,constant,1.0,0.01861258558057711,0.9832694651358268,1.6768476621417818,99.0418552036199,100.71870286576168,15.67698837832341,15.660340379156539,37.86966995538995,37.84771181669277
00000055,rademacher,1.0,0.01861258558057711,0.9814753631013852,0.1608444549870569,99.0418552036199,98.88101074863285,15.67698837832341,16.128455910481076,37.86966995538995,38.19481004852675
00000055,gaussian,1.0,0.01861258558057711,0.9815986578777031,0.06278675180017501,99.0418552036199,98.97906845181973,15.67698837832341,16.320922883201337,37.86966995538995,38.180323539475566
00000055,constant,2.0,0.01861258558057711,0.9671358390230609,3.352941176470594,99.0418552036199,102.3947963800905,15.67698837832341,15.652029323999749,37.86966995538995,37.83588101065144
00000055,rademacher,2.0,0.01861258558057711,0.9634655336989275,0.21804837471970018,99.0418552036199,98.8238068289002,15.67698837832341,16.92511201611729,37.86966995538995,38.61687374211295
00000055,gaussian,2.0,0.01861258558057711,0.9646649198283629,0.2397423947159183,99.0418552036199,98.80211280890398,15.67698837832341,17.547696564793487,37.86966995538995,39.28335642337616
00000055,constant,3.0,0.01861258558057711,0.95154552141193,5.0286576168929145,99.0418552036199,104.07051282051282,15.67698837832341,15.644103320580992,37.86966995538995,37.82794928427826
00000055,rademacher,3.0,0.01861258558057711,0.9457248436189869,0.2527588067136577,99.0418552036199,98.78909639690625,15.67698837832341,18.16530940215999,37.86966995538995,40.08126361528681
00000055,gaussian,3.0,0.01861258558057711,0.9463770647794347,0.44261063327051886,99.0418552036199,98.59924457034938,15.67698837832341,19.067878739725042,37.86966995538995,40.16472139596706
00000056,constant,1.0,0.02511338960958163,0.9758803137573134,1.9849853515625,80.4520263671875,82.43701171875,4.038315659000265,4.007968170381078,5.688482426469717,5.641791814165525
00000056,rademacher,1.0,0.02511338960958163,0.975507983399206,0.0068359375,80.4520263671875,80.4588623046875,4.038315659000265,5.012358423790164,5.688482426469717,7.042083130936593
00000056,gaussian,1.0,0.02511338960958163,0.9767335527055491,0.0693359375,80.4520263671875,80.5213623046875,4.038315659000265,5.504387650169062,5.688482426469717,7.733029776573482
00000056,constant,2.0,0.02511338960958163,0.95324960113173,3.9404296875,80.4520263671875,84.3924560546875,4.038315659000265,3.946651968850676,5.688482426469717,5.5529571990354105
00000056,rademacher,2.0,0.02511338960958163,0.9517861873702189,0.0872802734375,80.4520263671875,80.539306640625,4.038315659000265,7.1490502299625165,5.688482426469717,10.225554267208445
00000056,gaussian,2.0,0.02511338960958163,0.9506518684524127,0.2388916015625,80.4520263671875,80.213134765625,4.038315659000265,8.722028725487299,5.688482426469717,12.339974585797817
00000056,constant,3.0,0.02511338960958163,0.9319820055522007,5.865234375,80.4520263671875,86.3172607421875,4.038315659000265,3.878126526760684,5.688482426469717,5.48387581276988
00000056,rademacher,3.0,0.02511338960958163,0.9287808278152484,0.1048583984375,80.4520263671875,80.34716796875,4.038315659000265,9.755731096683611,5.688482426469717,13.590299690751403
00000056,gaussian,3.0,0.02511338960958163,0.9300769522404271,0.05859375,80.4520263671875,80.5106201171875,4.038315659000265,11.679404859724897,5.688482426469717,16.186620041197926
00000057,constant,1.0,0.026822059798936156,0.9740482045613974,1.7777777777777857,66.74652777777777,68.52430555555556,3.562580836818703,3.5625808368187037,4.99850764918492,4.99850764918492
00000057,rademacher,1.0,0.026822059798936156,0.9720508155321737,0.12217881944444287,66.74652777777777,66.62434895833333,3.562580836818703,4.603315470565814,4.99850764918492,6.4570423825221885
00000057,gaussian,1.0,0.026822059798936156,0.9725235773400911,0.0458984375,66.74652777777777,66.70062934027777,3.562580836818703,5.25320355714346,4.99850764918492,7.230537552248896
00000057,constant,2.0,0.026822059798936156,0.9494122586062133,3.555555555555557,66.74652777777777,70.30208333333333,3.562580836818703,3.5625808368187037,4.99850764918492,4.99850764918492
00000057,rademacher,2.0,0.026822059798936156,0.9448598338020319,0.21853298611110006,66.74652777777777,66.52799479166667,3.562580836818703,6.725598428264704,4.99850764918492,9.283071906156925
00000057,gaussian,2.0,0.026822059798936156,0.9446595161045659,0.049479166666671404,66.74652777777777,66.79600694444444,3.562580836818703,8.134720157466274,4.99850764918492,11.706823083955646
00000057,constant,3.0,0.026822059798936156,0.9259959535623103,5.333333333333343,66.74652777777777,72.07986111111111,3.562580836818703,3.5625808368187055,4.99850764918492,4.99850764918492
00000057,rademacher,3.0,0.026822059798936156,0.9181860704502754,0.4440104166666572,66.74652777777777,66.30251736111111,3.562580836818703,9.198209238359858,4.99850764918492,12.910283454706782
00000057,gaussian,3.0,0.026822059798936156,0.9190144306155597,0.022343733029217105,66.74652777777777,66.76887151080699,3.562580836818703,11.445820177601975,4.99850764918492,16.2224547953866
00000059,constant,1.0,0.012081322475435918,0.9910405913093153,1.5,166.03125,167.53125,2.5344606299667647,2.5344606299667647,4.0889199312465845,4.0889199312465845
00000059,rademacher,1.0,0.012081322475435918,0.9895185255668926,0.2568359375,166.03125,165.7744140625,2.5344606299667647,3.790421142550369,4.0889199312465845,5.630784248501405
00000059,gaussian,1.0,0.012081322475435918,0.989792452388203,0.25390625,166.03125,165.77734375,2.5344606299667647,4.496831910351581,4.0889199312465845,6.720023632075016
00000059,constant,2.0,0.012081322475435918,0.9822431364392679,3.0,166.03125,169.03125,2.5344606299667647,2.5344606299667647,4.0889199312465845,4.0889199312465845
00000059,rademacher,2.0,0.012081322475435918,0.9790113775824022,0.572265625,166.03125,165.458984375,2.5344606299667647,5.936160921780464,4.0889199312465845,8.752906272285298
00000059,gaussian,2.0,0.012081322475435918,0.979201828256947,0.52490234375,166.03125,165.50634765625,2.5344606299667647,7.443607744160616,4.0889199312465845,10.770144300598517
00000059,constant,3.0,0.012081322475435918,0.9736032847718527,4.5,166.03125,170.53125,2.5344606299667647,2.534460629966765,4.0889199312465845,4.0889199312465845
00000059,rademacher,3.0,0.012081322475435918,0.9686033451455338,0.85986328125,166.03125,165.17138671875,2.5344606299667647,8.260575924036933,4.0889199312465845,12.357115133525113
00000059,gaussian,3.0,0.012081322475435918,0.9696478254184231,0.56103515625,166.03125,165.47021484375,2.5344606299667647,10.275748220378363,4.0889199312465845,14.951641894550612
00000060,constant,1.0,0.007473777165133861,0.9944933625830681,1.5,272.0634765625,273.5634765625,2.6718453912759386,2.671845391275938,4.480092973611933,4.480092973611933
00000060,rademacher,1.0,0.007473777165133861,0.9935467702524905,0.30517578125,272.0634765625,271.75830078125,2.6718453912759386,3.860777910831838,4.480092973611933,5.790172638841048
00000060,gaussian,1.0,0.007473777165133861,0.9938285084249452,0.171875,272.0634765625,271.8916015625,2.6718453912759386,4.4587710615520875,4.480092973611933,6.677324442617748
00000060,constant,2.0,0.007473777165133861,0.9890505506678312,3.0,272.0634765625,275.0634765625,2.6718453912759386,2.6718453912759386,4.480092973611933,4.480092973611933
00000060,rademacher,2.0,0.007473777165133861,0.9872106099280653,0.498046875,272.0634765625,271.5654296875,2.6718453912759386,6.035067549965891,4.480092973611933,8.833764028018368
00000060,gaussian,2.0,0.007473777165133861,0.9869334356622076,0.5224609375,272.0634765625,271.541015625,2.6718453912759386,7.644658140809742,4.480092973611933,11.029176053219404
00000060,constant,3.0,0.007473777165133861,0.9836791480105651,4.5,272.0634765625,276.5634765625,2.6718453912759386,2.6718453912759395,4.480092973611933,4.480092973611933
00000060,rademacher,3.0,0.007473777165133861,0.9807776189314727,0.83935546875,272.0634765625,271.22412109375,2.6718453912759386,8.404090483457301,4.480092973611933,12.29270083760526
00000060,gaussian,3.0,0.007473777165133861,0.9807247658901869,0.75341796875,272.0634765625,271.31005859375,2.6718453912759386,10.712665689737495,4.480092973611933,15.017333874050005
00000061,constant,1.0,0.022594731866555487,0.9805583721022705,1.7297716692529406,87.48370649523387,89.21347816448682,4.966170414532055,4.938292113364928,8.298504401326552,8.280364438679378
00000061,rademacher,1.0,0.022594731866555487,0.9788591041840207,0.09111061848814472,87.48370649523387,87.39259587674573,4.966170414532055,5.8955761862511595,8.298504401326552,9.524473685152195
00000061,gaussian,1.0,0.022594731866555487,0.9787361628245401,0.10529816005320924,87.48370649523387,87.37840833518067,4.966170414532055,6.543706522144281,8.298504401326552,10.428659042883604
00000061,constant,2.0,0.022594731866555487,0.9618981447621834,3.4579915761471938,87.48370649523387,90.94169807138107,4.966170414532055,4.9161119681972645,8.298504401326552,8.271503657300189
00000061,rademacher,2.0,0.022594731866555487,0.9580803966180167,0.17911771225892892,87.48370649523387,87.30458878297495,4.966170414532055,7.866902395200574,8.298504401326552,12.273937066937052
00000061,gaussian,2.0,0.022594731866555487,0.9590252505806516,0.09191048636469645,87.48370649523387,87.39179600886918,4.966170414532055,9.121621586471388,8.298504401326552,13.873387027178781
00000061,constant,3.0,0.022594731866555487,0.9439416449557768,5.185989802704498,87.48370649523387,92.66969629793837,4.966170414532055,4.900126814793449,8.298504401326552,8.267348991852277
00000061,rademacher,3.0,0.022594731866555487,0.9380496360563713,0.24729043845853482,87.48370649523387,87.23641605677534,4.966170414532055,10.297057490419201,8.298504401326552,15.553778755136229
00000061,gaussian,3.0,0.022594731866555487,0.9377628964095686,0.6512236907075817,87.48370649523387,86.8324828045263,4.966170414532055,12.239074348845609,8.298504401326552,18.17758941050917
00000064,constant,1.0,0.02192028749625656,0.9839375566509405,1.7464635473340593,111.90895901342039,113.65542256075445,26.743475939856186,26.717152890505165,60.55558684089013,60.531556421888915
00000064,rademacher,1.0,0.02192028749625656,0.9825674148231874,0.13255247984507434,111.90895901342039,111.77640653357531,26.743475939856186,26.878746569082182,60.55558684089013,60.662754434416485
00000064,gaussian,1.0,0.02192028749625656,0.98353482570183,0.19742055188191898,111.90895901342039,111.71153846153847,26.743475939856186,27.153834166512294,60.55558684089013,60.858813881321026
00000064,constant,2.0,0.02192028749625656,0.9686027960474458,3.4929270946681186,111.90895901342039,115.4018861080885,26.743475939856186,26.6915709597148,60.55558684089013,60.50800018749149
00000064,rademacher,2.0,0.02192028749625656,0.9657285330632808,0.19129912969945906,111.90895901342039,111.71765988372093,26.743475939856186,27.111042887135678,60.55558684089013,60.39968533972071
00000064,gaussian,2.0,0.02192028749625656,0.9665521506995943,0.22111872303925395,111.90895901342039,111.68784029038113,26.743475939856186,27.901825416359916,60.55558684089013,61.11700260490542
00000064,constant,3.0,0.02192028749625656,0.9538127173373075,5.239390642002178,111.90895901342039,117.14834965542256,26.743475939856186,26.66854748051036,60.55558684089013,60.48492502490534
00000064,rademacher,3.0,0.02192028749625656,0.9495354837069798,0.29443995715904236,111.90895901342039,111.61451905626134,26.743475939856186,28.546642380530102,60.55558684089013,62.53636018576446
00000064,gaussian,3.0,0.02192028749625656,0.9500693965832108,0.12268885853305278,111.90895901342039,112.03164787195344,26.743475939856186,28.494047263916567,60.55558684089013,59.93790780763997
00000065,constant,1.0,0.028614642521358785,0.9761265377294873,2.0,83.0410447761194,85.0410447761194,26.220352504653707,26.2203525046537,55.78356878872703,55.78356878872703
00000065,rademacher,1.0,0.028614642521358785,0.9758202265339498,0.04992603175567467,83.0410447761194,83.09097080787508,26.220352504653707,26.26955457654321,55.78356878872703,55.6987523528297
00000065,gaussian,1.0,0.028614642521358785,0.9761827831045986,0.12341325989825691,83.0410447761194,83.16445803601766,26.220352504653707,26.27670125672648,55.78356878872703,55.48340946045117
00000065,constant,2.0,0.028614642521358785,0.9535373221594231,4.0,83.0410447761194,87.0410447761194,26.220352504653707,26.220352504653707,55.78356878872703,55.78356878872703
00000065,rademacher,2.0,0.028614642521358785,0.9524123095833882,0.18616610823433177,83.0410447761194,83.22721088435374,26.220352504653707,26.572045375374895,55.78356878872703,55.61267782106328
00000065,gaussian,2.0,0.028614642521358785,0.9511098701661315,0.18284089928039293,83.0410447761194,83.2238856753998,26.220352504653707,26.889879351760694,55.78356878872703,55.91358339514949
00000065,constant,3.0,0.028614642521358785,0.9320338782865786,6.0,83.0410447761194,89.0410447761194,26.220352504653707,26.220352504653707,55.78356878872703,55.78356878872703
00000065,rademacher,3.0,0.028614642521358785,0.929716350909829,0.33459319597994863,83.0410447761194,83.37563797209936,26.220352504653707,27.34483077939223,55.78356878872703,56.11314178943328
00000065,gaussian,3.0,0.028614642521358785,0.9305356444676137,0.09544263027950706,83.0410447761194,83.13648740639891,26.220352504653707,27.94732872996994,55.78356878872703,56.43330472696865
00000066,constant,1.0,0.02761059107785572,0.9733243557966913,1.6000000000000014,58.4474609375,60.0474609375,3.30169487585068,3.30169487585068,5.196785399529216,5.196785399529216
00000066,rademacher,1.0,0.02761059107785572,0.9695701913154711,0.20703125,58.4474609375,58.2404296875,3.30169487585068,4.363888109736209,5.196785399529216,6.496773425371478
00000066,gaussian,1.0,0.02761059107785572,0.970481713109563,0.21054687499999858,58.4474609375,58.2369140625,3.30169487585068,5.03304844264341,5.196785399529216,7.318806994507083
00000066,constant,2.0,0.02761059107785572,0.9480439245703858,3.200000000000003,58.4474609375,61.6474609375,3.30169487585068,3.30169487585068,5.196785399529216,5.196785399529216
00000066,rademacher,2.0,0.02761059107785572,0.9403146566849924,0.255859375,58.4474609375,58.1916015625,3.30169487585068,6.4061731626185106,5.196785399529216,9.326585965435285
00000066,gaussian,2.0,0.02761059107785572,0.9390713056938541,0.42753906249999574,58.4474609375,58.019921875,3.30169487585068,7.7979400084857815,5.196785399529216,11.13300748094975
00000066,constant,3.0,0.02761059107785572,0.9240520401325399,4.800000000000004,58.4474609375,63.2474609375,3.30169487585068,3.301694875850681,5.196785399529216,5.196785399529216
00000066,rademacher,3.0,0.02761059107785572,0.9116115795210464,0.42597656249999716,58.4474609375,58.021484375,3.30169487585068,8.861494759455812,5.196785399529216,12.830917237173011
00000066,gaussian,3.0,0.02761059107785572,0.9095499013984082,0.7679687499999943,58.4474609375,57.6794921875,3.30169487585068,11.028889773035727,5.196785399529216,15.607814460545509
00000067,constant,1.0,0.02762884872824632,0.974909458709909,1.875,72.9539794921875,74.8289794921875,3.930277660636112,3.9302776606361127,5.522556717446124,5.522556717446124
00000067,rademacher,1.0,0.02762884872824632,0.9737787190178212,0.04541015625,72.9539794921875,72.9085693359375,3.930277660636112,4.938295693294503,5.522556717446124,6.898793464650652
00000067,gaussian,1.0,0.02762884872824632,0.9745572095067949,0.053955078125,72.9539794921875,72.9000244140625,3.930277660636112,5.500417720656718,5.522556717446124,7.704079161531919
00000067,constant,2.0,0.02762884872824632,0.9510623060396276,3.75,72.9539794921875,76.7039794921875,3.930277660636112,3.9302776606361123,5.522556717446124,5.522556717446124
00000067,rademacher,2.0,0.02762884872824632,0.9480392220908431,0.29296875,72.9539794921875,72.6610107421875,3.930277660636112,7.016863954906173,5.522556717446124,9.89907614821017
00000067,gaussian,2.0,0.02762884872824632,0.9496682147258793,0.1026611328125,72.9539794921875,72.851318359375,3.930277660636112,8.313875117859272,5.522556717446124,11.69073630185942
00000067,constant,3.0,0.02762884872824632,0.9283611536161189,5.625,72.9539794921875,78.5789794921875,3.930277660636112,3.9302776606361114,5.522556717446124,5.522556717446124
00000067,rademacher,3.0,0.02762884872824632,0.9231200671758579,0.24169921875,72.9539794921875,72.7122802734375,3.930277660636112,9.53275686054342,5.522556717446124,13.257155445735403
00000067,gaussian,3.0,0.02762884872824632,0.922583255032854,0.2734375,72.9539794921875,72.6805419921875,3.930277660636112,11.921729107116262,5.522556717446124,16.584295075752422
00000068,constant,1.0,0.02687546981523726,0.973960922325857,1.7777777777777715,66.54763454861111,68.32541232638889,3.8460301942421458,3.846030194242145,5.510974518937924,5.510974518937924
00000068,rademacher,1.0,0.02687546981523726,0.9719765862825736,0.10188802083334281,66.54763454861111,66.44574652777777,3.8460301942421458,4.848327130521689,5.510974518937924,6.829673115350491
00000068,gaussian,1.0,0.02687546981523726,0.9731280392633768,0.16981336805555713,66.54763454861111,66.37782118055556,3.8460301942421458,5.41482074720209,5.510974518937924,7.535249567293976
00000068,constant,2.0,0.02687546981523726,0.9492493742850907,3.555555555555557,66.54763454861111,70.10319010416667,3.8460301942421458,3.846030194242145,5.510974518937924,5.510974518937924
00000068,rademacher,2.0,0.02687546981523726,0.9447166450211639,0.181640625,66.54763454861111,66.36599392361111,3.8460301942421458,6.953894300263087,5.510974518937924,9.670801250123391
00000068,gaussian,2.0,0.02687546981523726,0.9447650545090059,0.2447916666666714,66.54763454861111,66.30284288194444,3.8460301942421458,8.231387881838563,5.510974518937924,11.527080432616284
00000068,constant,3.0,0.02687546981523726,0.9257649633934637,5.333333333333329,66.54763454861111,71.88096788194444,3.8460301942421458,3.8460301942421466,5.510974518937924,5.510974518937924
00000068,rademacher,3.0,0.02687546981523726,0.9182538600951454,0.2119140625,66.54763454861111,66.33572048611111,3.8460301942421458,9.398582130818788,5.510974518937924,13.409707225893134
00000068,gaussian,3.0,0.02687546981523726,0.9199130226056507,0.22835155024066012,66.54763454861111,66.31928299837045,3.8460301942421458,11.367295819664179,5.510974518937924,16.175105934214372
00000069,constant,1.0,0.024571843712037602,0.9761592894290165,2.0,82.00113932291667,84.00113932291667,3.948013027439787,3.9480130274397873,5.527820270467628,5.527820270467628
00000069,rademacher,1.0,0.024571843712037602,0.9758756068829395,0.08203125,82.00113932291667,82.08317057291667,3.948013027439787,5.002099473677919,5.527820270467628,7.021411422864453
00000069,gaussian,1.0,0.024571843712037602,0.9767153520947158,0.0068359375,82.00113932291667,82.00797526041667,3.948013027439787,5.439746113391474,5.527820270467628,7.722343377542006
00000069,constant,2.0,0.024571843712037602,0.9534451074685789,4.0,82.00113932291667,86.00113932291667,3.948013027439787,3.9480130274397864,5.527820270467628,5.527820270467628
00000069,rademacher,2.0,0.024571843712037602,0.9523185788580331,0.0,82.00113932291667,82.00113932291667,3.948013027439787,7.179292189266441,5.527820270467628,10.103587931744768
00000069,gaussian,2.0,0.024571843712037602,0.9521633735023805,0.020833333333342807,82.00113932291667,81.98030598958333,3.948013027439787,8.63740595138839,5.527820270467628,12.014639228665574
00000069,constant,3.0,0.024571843712037602,0.9317691273380324,6.0,82.00113932291667,88.00113932291667,3.948013027439787,3.9480130274397873,5.527820270467628,5.527820270467628
00000069,rademacher,3.0,0.024571843712037602,0.9293860295454502,0.087890625,82.00113932291667,82.08902994791667,3.948013027439787,9.878288242884432,5.527820270467628,14.111995979088617
00000069,gaussian,3.0,0.024571843712037602,0.929872392567561,0.06803385416665719,82.00113932291667,82.06917317708333,3.948013027439787,11.839567337732268,5.527820270467628,17.08687875576042
00000070,constant,1.0,0.0250712289926087,0.9763744607652094,2.0,82.9517694063927,84.9517694063927,7.357008676780488,7.357008676780488,13.407992285515693,13.407992285515693
00000070,rademacher,1.0,0.0250712289926087,0.9760765387506335,0.0587899543379109,82.9517694063927,82.89297945205479,7.357008676780488,8.11999343309551,13.407992285515693,14.321301524887396
00000070,gaussian,1.0,0.0250712289926087,0.9768989353925038,0.05051369863012667,82.9517694063927,83.00228310502283,7.357008676780488,8.530902889847658,13.407992285515693,14.895577668585716
00000070,constant,2.0,0.0250712289926087,0.9538676653526638,4.0,82.9517694063927,86.9517694063927,7.357008676780488,7.357008676780491,13.407992285515693,13.407992285515693
00000070,rademacher,2.0,0.0250712289926087,0.9526891341421984,0.176433979615652,82.9517694063927,82.77533542677705,7.357008676780488,9.6049623417624,13.407992285515693,16.154522946688573
00000070,gaussian,2.0,0.0250712289926087,0.953010461530192,0.05593827273946772,82.9517694063927,83.00770767913217,7.357008676780488,10.643058767341785,13.407992285515693,17.5705886865855
00000070,constant,3.0,0.0250712289926087,0.9324050308008214,6.0,82.9517694063927,88.9517694063927,7.357008676780488,7.357008676780488,13.407992285515693,13.407992285515693
00000070,rademacher,3.0,0.0250712289926087,0.9299442466313596,0.16850270165255665,82.9517694063927,82.78326670474014,7.357008676780488,11.97018488324492,13.407992285515693,19.069446464371868
00000070,gaussian,3.0,0.0250712289926087,0.9300799257122011,0.20861872146117832,82.9517694063927,83.16038812785388,7.357008676780488,13.992501397744604,13.407992285515693,22.346510445370075
00000071,constant,1.0,0.02408349568085514,0.9766232225596054,2.0,83.6150390625,85.6150390625,4.044219695356721,4.0442196953567215,5.859648783234637,5.859648783234637
00000071,rademacher,1.0,0.02408349568085514,0.9763438874331952,0.01953125,83.6150390625,83.5955078125,4.044219695356721,5.031537573064464,5.859648783234637,7.218395785296375
00000071,gaussian,1.0,0.02408349568085514,0.9772681604116769,0.0224609375,83.6150390625,83.592578125,4.044219695356721,5.543629939072728,5.859648783234637,7.909908956977311
00000071,constant,2.0,0.02408349568085514,0.9543186813676753,4.0,83.6150390625,87.6150390625,4.044219695356721,4.044219695356723,5.859648783234637,5.859648783234637
00000071,rademacher,2.0,0.02408349568085514,0.9532359243395456,0.046875,83.6150390625,83.5681640625,4.044219695356721,7.257738882044414,5.859648783234637,10.200425232976704
00000071,gaussian,2.0,0.02408349568085514,0.9520438065983347,0.083984375,83.6150390625,83.6990234375,4.044219695356721,8.789806048231029,5.859648783234637,12.441605090365385
00000071,constant,3.0,0.02408349568085514,0.9330142602145898,6.0,83.6150390625,89.6150390625,4.044219695356721,4.0442196953567215,5.859648783234637,5.859648783234637
00000071,rademacher,3.0,0.02408349568085514,0.9306877113866967,0.017578125,83.6150390625,83.6326171875,4.044219695356721,9.850813048358225,5.859648783234637,13.808896624960846
00000071,gaussian,3.0,0.02408349568085514,0.930008932438285,0.1103515625,83.6150390625,83.5046875,4.044219695356721,11.955270060917467,5.859648783234637,17.05750559502789
00000072,constant,1.0,0.02416513821717899,0.9765369833395174,2.0,83.2748046875,85.2748046875,4.210169818446897,4.210169818446897,6.027125927754729,6.027125927754729
00000072,rademacher,1.0,0.02416513821717899,0.9762619252310893,0.025390625,83.2748046875,83.3001953125,4.210169818446897,5.186701276707069,6.027125927754729,7.29514702796566
00000072,gaussian,1.0,0.02416513821717899,0.9764923824561159,0.0478515625,83.2748046875,83.226953125,4.210169818446897,5.78347777658874,6.027125927754729,8.245924546779918
00000072,constant,2.0,0.02416513821717899,0.9541497518160619,4.0,83.2748046875,87.2748046875,4.210169818446897,4.210169818446897,6.027125927754729,6.027125927754729
00000072,rademacher,2.0,0.02416513821717899,0.953082563513037,0.03125,83.2748046875,83.3060546875,4.210169818446897,7.360018697014387,6.027125927754729,10.438322423653048
00000072,gaussian,2.0,0.02416513821717899,0.9529307891835511,0.208984375,83.2748046875,83.4837890625,4.210169818446897,8.710970383813924,6.027125927754729,12.680173264714233
00000072,constant,3.0,0.02416513821717899,0.9327720980907355,6.0,83.2748046875,89.2748046875,4.210169818446897,4.2101698184468965,6.027125927754729,6.027125927754729
00000072,rademacher,3.0,0.02416513821717899,0.9303609303337382,0.1640625,83.2748046875,83.1107421875,4.210169818446897,9.985088691938394,6.027125927754729,13.805277276176716
00000072,gaussian,3.0,0.02416513821717899,0.9303418909720793,0.177734375,83.2748046875,83.4525390625,4.210169818446897,12.068368772027162,6.027125927754729,17.229341125399262
00000074,constant,1.0,0.028238072878871957,0.9766350205107112,1.7820812938923183,74.79399872313257,76.57608001702489,10.248659865340196,10.248659865340196,19.770329544593903,19.770329544593903
00000074,rademacher,1.0,0.028238072878871957,0.9749269005847954,0.06368795259191984,74.79399872313257,74.73031077054065,10.248659865340196,10.98453084912126,19.770329544593903,20.66934942654082
00000074,gaussian,1.0,0.028238072878871957,0.975660432528481,0.026388593317719256,74.79399872313257,74.76761012981486,10.248659865340196,11.400805241577036,19.770329544593903,21.2499518998294
00000074,constant,2.0,0.028238072878871957,0.9543939793099889,3.5641625877846366,74.79399872313257,78.35816131091721,10.248659865340196,10.248659865340194,19.770329544593903,19.770329544593903
00000074,rademacher,2.0,0.028238072878871957,0.9504922706696716,0.1799076205357295,74.79399872313257,74.61409110259684,10.248659865340196,12.529331505598915,19.770329544593903,22.714371847040177
00000074,gaussian,2.0,0.028238072878871957,0.9520414379779513,0.23515641625877493,74.79399872313257,74.5588423068738,10.248659865340196,13.42495812754747,19.770329544593903,23.90330322718921
00000074,constant,3.0,0.028238072878871957,0.9331557689396857,5.346243881676955,74.79399872313257,80.14024260480953,10.248659865340196,10.248659865340194,19.770329544593903,19.770329544593903
00000074,rademacher,3.0,0.028238072878871957,0.9265247657590288,0.4197172668839073,74.79399872313257,74.37428145624867,10.248659865340196,14.308923382096523,19.770329544593903,25.273134168747728
00000074,gaussian,3.0,0.028238072878871957,0.9273645485686592,0.5601329084360884,74.79399872313257,74.23386581469649,10.248659865340196,16.016799982435696,19.770329544593903,27.42511312328253
00000076,constant,1.0,0.026943505552873007,0.9757514841222477,2.0,80.74530753681779,82.74530753681779,22.055027184804967,22.05502718480497,26.280886561404817,26.280886561404817
00000076,rademacher,1.0,0.026943505552873007,0.9754262930181263,0.06881995738393698,80.74530753681779,80.67648757943385,22.055027184804967,22.208844033256792,26.280886561404817,26.524964426321
00000076,gaussian,1.0,0.026943505552873007,0.9761075759394885,0.1247473289055705,80.74530753681779,80.87005486572336,22.055027184804967,22.38015182822684,26.280886561404817,26.95246441538074
00000076,constant,2.0,0.026943505552873007,0.952693308980877,4.0,80.74530753681779,84.74530753681779,22.055027184804967,22.05502718480497,26.280886561404817,26.280886561404817
00000076,rademacher,2.0,0.026943505552873007,0.9515268027856475,0.11480807011862737,80.74530753681779,80.86011560693642,22.055027184804967,22.699483611950367,26.280886561404817,27.279298380843745
00000076,gaussian,2.0,0.026943505552873007,0.9525822940379594,0.06688547098342212,80.74530753681779,80.81219300780121,22.055027184804967,23.239595702290174,26.280886561404817,28.642436191172376
00000076,constant,3.0,0.026943505552873007,0.9307121528367271,6.0,80.74530753681779,86.74530753681779,22.055027184804967,22.05502718480497,26.280886561404817,26.280886561404817
00000076,rademacher,3.0,0.026943505552873007,0.9282112306843268,0.06845764536844001,80.74530753681779,80.81376518218623,22.055027184804967,23.40666104314926,26.280886561404817,28.741717013266733
00000076,gaussian,3.0,0.026943505552873007,0.9265889790298593,0.16103462557175874,80.74530753681779,80.58427291124603,22.055027184804967,24.725982229191185,26.280886561404817,30.790805921870216
00000081,constant,1.0,0.027152362500390284,0.9737492279184682,1.7777777777777715,66.03396267361111,67.81174045138889,3.621566553770853,3.621566553770853,5.245797994424128,5.245797994424128
00000081,rademacher,1.0,0.027152362500390284,0.9717682647087909,0.08344184027778567,66.03396267361111,65.95052083333333,3.621566553770853,4.640650848306063,5.245797994424128,6.586712759207513
00000081,gaussian,1.0,0.027152362500390284,0.972922703708088,0.044813368055557135,66.03396267361111,65.98914930555556,3.621566553770853,5.230405001471962,5.245797994424128,7.388412702921837
00000081,constant,2.0,0.027152362500390284,0.9488547237771506,3.555555555555557,66.03396267361111,69.58951822916667,3.621566553770853,3.621566553770853,5.245797994424128,5.245797994424128
00000081,rademacher,2.0,0.027152362500390284,0.944155237107329,0.2738715277777857,66.03396267361111,65.76009114583333,3.621566553770853,6.776880822802797,5.245797994424128,9.520454175113507
00000081,gaussian,2.0,0.027152362500390284,0.945509526508057,0.19032118055555713,66.03396267361111,65.84364149305556,3.621566553770853,8.065855111426371,5.245797994424128,11.493047001098622
00000081,constant,3.0,0.027152362500390284,0.9252098157270571,5.333333333333329,66.03396267361111,71.36729600694444,3.621566553770853,3.621566553770853,5.245797994424128,5.245797994424128
00000081,rademacher,3.0,0.027152362500390284,0.9172453804334939,0.4606119791666714,66.03396267361111,65.57335069444444,3.621566553770853,9.205173287074107,5.245797994424128,12.948750429494012
00000081,gaussian,3.0,0.027152362500390284,0.9176814340993446,0.3087320713322157,66.03396267361111,65.7252306022789,3.621566553770853,11.485064795810398,5.245797994424128,16.566617805094275
00000083,constant,1.0,0.018599306664589258,0.984399833588,1.8023281844638461,114.98007611372286,116.7824042981867,19.43295099444804,19.409564665416166,46.45303895614241,46.408160422348686
00000083,rademacher,1.0,0.018599306664589258,0.9834141855563348,0.042100296436700546,114.98007611372286,114.93797581728616,19.43295099444804,19.70364721765702,46.45303895614241,46.67853157660094
00000083,gaussian,1.0,0.018599306664589258,0.9835757715098273,0.007847670273804397,114.98007611372286,114.97222844344905,19.43295099444804,19.674385445533442,46.45303895614241,46.433156600493035
00000083,constant,2.0,0.018599306664589258,0.9693649268341492,3.6042086411461867,114.98007611372286,118.58428475486905,19.43295099444804,19.38765751068375,46.45303895614241,46.369743421647584
00000083,rademacher,2.0,0.018599306664589258,0.9671055911100545,0.17470097374526006,114.98007611372286,114.8053751399776,19.43295099444804,20.007771538316614,46.45303895614241,46.71685681603733
00000083,gaussian,2.0,0.018599306664589258,0.9676552551585613,0.04769814686213181,114.98007611372286,114.93237796686073,19.43295099444804,20.74369948263213,46.45303895614241,47.26376832889741
00000083,constant,3.0,0.018599306664589258,0.9548249847048738,5.405641370047007,114.98007611372286,120.38571748376987,19.43295099444804,19.366845244658556,46.45303895614241,46.338308341251064
00000083,rademacher,3.0,0.018599306664589258,0.9511872572730092,0.29564162324133747,114.98007611372286,114.68443449048152,19.43295099444804,20.903834249371943,46.45303895614241,47.42683438029289
00000083,gaussian,3.0,0.018599306664589258,0.9502120860517757,0.2854760689099578,114.98007611372286,114.6946000448129,19.43295099444804,22.25189612205955,46.45303895614241,48.343626832407445
00000084,constant,1.0,0.028391375793103676,0.9746171792426078,1.8965766634522794,72.91899710703953,74.81557377049181,7.9979478835514835,7.988773385638409,15.833023748758482,15.822597374743548
00000084,rademacher,1.0,0.028391375793103676,0.9736663468379382,0.03495660559305236,72.91899710703953,72.88404050144648,7.9979478835514835,8.627238296128539,15.833023748758482,16.40910502935518
00000084,gaussian,1.0,0.028391375793103676,0.9741355092867829,0.1152835791880733,72.91899710703953,72.80371352785146,7.9979478835514835,9.007379555959352,15.833023748758482,16.812492518090835
00000084,constant,2.0,0.028391375793103676,0.9505089582305413,3.792912246865967,72.91899710703953,76.7119093539055,7.9979478835514835,7.981300755075883,15.833023748758482,15.817276572954787
00000084,rademacher,2.0,0.028391375793103676,0.9478862116205979,0.11388374476263152,72.91899710703953,72.8051133622769,7.9979478835514835,10.098926834199807,15.833023748758482,18.02727143411003
00000084,gaussian,2.0,0.028391375793103676,0.948316300887921,0.02437448827897981,72.91899710703953,72.89462261876055,7.9979478835514835,11.197477587805292,15.833023748758482,19.259826283349263
00000084,constant,3.0,0.028391375793103676,0.9275760122183853,5.6890067502410915,72.91899710703953,78.60800385728062,7.9979478835514835,7.9813007550758845,15.833023748758482,15.817276572954787
00000084,rademacher,3.0,0.028391375793103676,0.922937792046791,0.02337086981120251,72.91899710703953,72.94236797685073,7.9979478835514835,11.991756297438238,15.833023748758482,20.324133677903603
00000084,gaussian,3.0,0.028391375793103676,0.9244906010970689,0.05542374238132197,72.91899710703953,72.97442084942085,7.9979478835514835,13.658671668974188,15.833023748758482,21.947962413415464
00000085,constant,1.0,0.009342584162073014,0.9937505260499958,1.4425694066412689,231.408818726184,232.85138813282526,13.062042697674263,13.062042697674263,26.83842861431544,26.83842861431544
00000085,rademacher,1.0,0.009342584162073014,0.9924903373484933,0.1631760246589522,231.408818726184,231.24564270152504,13.062042697674263,13.744602922838462,26.83842861431544,27.36850578509306
00000085,gaussian,1.0,0.009342584162073014,0.9928350297856372,0.0885572882754957,231.408818726184,231.3202614379085,13.062042697674263,14.114578653534695,26.83842861431544,27.868871008447837
00000085,constant,2.0,0.009342584162073014,0.9875970361145124,2.8851388132825377,231.408818726184,234.29395753946653,13.062042697674263,13.062042697674265,26.83842861431544,26.83842861431544
00000085,rademacher,2.0,0.009342584162073014,0.9852015179609006,0.3287097343583696,231.408818726184,231.08010899182563,13.062042697674263,14.867392092413462,26.83842861431544,28.614500856928426
00000085,gaussian,2.0,0.009342584162073014,0.9855185635462452,0.019986511131889984,231.408818726184,231.42880523731588,13.062042697674263,15.676512518171466,26.83842861431544,29.842454313376763
00000085,constant,3.0,0.009342584162073014,0.9815283505987872,4.327708219923778,231.408818726184,235.73652694610777,13.062042697674263,13.062042697674263,26.83842861431544,26.83842861431544
00000085,rademacher,3.0,0.009342584162073014,0.977827960447356,0.5336143665109603,231.408818726184,230.87520435967303,13.062042697674263,16.75474130433706,26.83842861431544,31.395837559291227
00000085,gaussian,3.0,0.009342584162073014,0.9786875045153592,0.3314345299987167,231.408818726184,231.07738419618528,13.062042697674263,17.94283681027201,26.83842861431544,32.71707642234076
00000087,constant,1.0,0.02662807525325615,0.9760443280294,1.9357816576359568,79.05619104956854,80.9919727072045,7.659972350511144,7.659972350511145,15.115264234782936,15.115264234782936
00000087,rademacher,1.0,0.02662807525325615,0.97534390870901,0.00942268345050934,79.05619104956854,79.04676836611803,7.659972350511144,8.348893776677599,15.115264234782936,15.817037884306067
00000087,gaussian,1.0,0.02662807525325615,0.9765528145155219,0.03170780654224359,79.05619104956854,79.0244832430263,7.659972350511144,8.80383669756554,15.115264234782936,16.471433959939205
00000087,constant,2.0,0.02662807525325615,0.953232621964501,3.8715633152719136,79.05619104956854,82.92775436484045,7.659972350511144,7.659972350511144,15.115264234782936,15.115264234782936
00000087,rademacher,2.0,0.02662807525325615,0.9512591248115528,0.13609468337701003,79.05619104956854,78.92009636619153,7.659972350511144,10.00148494427221,15.115264234782936,17.905971332369926
00000087,gaussian,2.0,0.02662807525325615,0.9523486918348558,0.17283429389698313,79.05619104956854,78.88335675567156,7.659972350511144,11.064956488770058,15.115264234782936,19.13764970000845
00000087,constant,3.0,0.02662807525325615,0.9314738699195452,5.8073449729078845,79.05619104956854,84.86353602247642,7.659972350511144,7.659972350511144,15.115264234782936,15.115264234782936
00000087,rademacher,3.0,0.02662807525325615,0.9278317960166853,0.0013717724601036707,79.05619104956854,79.05481927710844,7.659972350511144,12.140203055786452,15.115264234782936,20.484346933658735
00000087,gaussian,3.0,0.02662807525325615,0.9299407877799708,0.0935329487855654,79.05619104956854,78.96265810078297,7.659972350511144,13.849199498967673,15.115264234782936,22.541419857334713
00000089,constant,1.0,0.0244337863042899,0.9763098107906557,2.0,82.4677734375,84.4677734375,4.682855547676164,4.68285554767616,5.808083892320819,5.808083892320819
00000089,rademacher,1.0,0.0244337863042899,0.9760258345326266,0.0,82.4677734375,82.4677734375,4.682855547676164,5.590178334152302,5.808083892320819,7.250326783868259
00000089,gaussian,1.0,0.0244337863042899,0.9766083239963608,0.03125,82.4677734375,82.4990234375,4.682855547676164,6.069584487800427,5.808083892320819,7.901969082927848
00000089,constant,2.0,0.0244337863042899,0.9537160960238535,4.0,82.4677734375,86.4677734375,4.682855547676164,4.682855547676162,5.808083892320819,5.808083892320819
00000089,rademacher,2.0,0.0244337863042899,0.952673518882088,0.19140625,82.4677734375,82.6591796875,4.682855547676164,7.562179053774257,5.808083892320819,10.099245436913513
00000089,gaussian,2.0,0.0244337863042899,0.9534108228951866,0.0302734375,82.4677734375,82.4375,4.682855547676164,8.81106547163904,5.808083892320819,12.225452519990395
00000089,constant,3.0,0.0244337863042899,0.9321470262751927,6.0,82.4677734375,88.4677734375,4.682855547676164,4.682855547676161,5.808083892320819,5.808083892320819
00000089,rademacher,3.0,0.0244337863042899,0.9297700896618898,0.01171875,82.4677734375,82.4794921875,4.682855547676164,10.103816672265255,5.808083892320819,14.00411785145634
00000089,gaussian,3.0,0.0244337863042899,0.9312889139877871,0.3896484375,82.4677734375,82.857421875,4.682855547676164,12.110992982381063,5.808083892320819,16.942469887928038
00000092,constant,1.0,0.026950621445013156,0.9769455980437451,1.7951590318063637,76.58591718343669,78.38107621524306,9.661686683023731,9.661686683023731,16.369766564901784,16.369766564901784
00000092,rademacher,1.0,0.026950621445013156,0.9753562140202533,0.127825565113028,76.58591718343669,76.45809161832366,9.661686683023731,10.541268260953322,16.369766564901784,17.49375611333033
00000092,gaussian,1.0,0.026950621445013156,0.9761616359884399,0.05310405818659092,76.58591718343669,76.5328131252501,9.661686683023731,10.94439593159139,16.369766564901784,17.977917946210813
00000092,constant,2.0,0.026950621445013156,0.9549945854771018,3.590318063612713,76.58591718343669,80.1762352470494,9.661686683023731,9.66168668302373,16.369766564901784,16.369766564901784
00000092,rademacher,2.0,0.026950621445013156,0.95132369639827,0.145340952944494,76.58591718343669,76.4405762304922,9.661686683023731,12.116439309422715,16.369766564901784,19.632947357811354
00000092,gaussian,2.0,0.026950621445013156,0.9510124785556735,0.2560512102420489,76.58591718343669,76.32986597319464,9.661686683023731,13.474446267555475,16.369766564901784,21.46273909644463
00000092,constant,3.0,0.026950621445013156,0.9340448015072127,5.385477095419077,76.58591718343669,81.97139427885577,9.661686683023731,9.661686683023733,16.369766564901784,16.369766564901784
00000092,rademacher,3.0,0.026950621445013156,0.9277483186430074,0.24231101973846592,76.58591718343669,76.34360616369823,9.661686683023731,14.228192493466716,16.369766564901784,22.67644934139456
00000092,gaussian,3.0,0.026950621445013156,0.9267830801235579,0.27099121304853213,76.58591718343669,76.31492597038816,9.661686683023731,16.235203976586142,16.369766564901784,25.456496696060814
00000093,constant,1.0,0.024155997889083586,0.9766361793247984,2.0,83.7421875,85.7421875,4.323395087383406,4.323395087383407,6.126821102241535,6.126821102241535
00000093,rademacher,1.0,0.024155997889083586,0.9763558377286855,0.033203125,83.7421875,83.775390625,4.323395087383406,5.269953035474176,6.126821102241535,7.453721011513715
00000093,gaussian,1.0,0.024155997889083586,0.9777887334907497,0.0078125,83.7421875,83.75,4.323395087383406,5.7290695848328,6.126821102241535,8.142066661328146
00000093,constant,2.0,0.024155997889083586,0.9543497920057876,4.0,83.7421875,87.7421875,4.323395087383406,4.323395087383405,6.126821102241535,6.126821102241535
00000093,rademacher,2.0,0.024155997889083586,0.9532711078957188,0.046875,83.7421875,83.6953125,4.323395087383406,7.409975220756826,6.126821102241535,10.370178179380169
00000093,gaussian,2.0,0.024155997889083586,0.9539059027342459,0.0576171875,83.7421875,83.6845703125,4.323395087383406,8.703440798237466,6.126821102241535,12.371544301548795
00000093,constant,3.0,0.024155997889083586,0.9330679957125213,6.0,83.7421875,89.7421875,4.323395087383406,4.323395087383406,6.126821102241535,6.126821102241535
00000093,rademacher,3.0,0.024155997889083586,0.9307452638215352,0.005859375,83.7421875,83.748046875,4.323395087383406,10.054888835754012,6.126821102241535,14.373446600022428
00000093,gaussian,3.0,0.024155997889083586,0.9300659489318528,0.2763671875,83.7421875,83.4658203125,4.323395087383406,12.370640735460622,6.126821102241535,17.575885195183155
00000094,constant,1.0,0.02695622864772177,0.9738785695278129,1.7777777777777715,66.31890190972223,68.0966796875,3.42280678252314,3.422806782523139,4.901654144420038,4.901654144420038
00000094,rademacher,1.0,0.02695622864772177,0.9718225690787986,0.1627604166666714,66.31890190972223,66.15614149305556,3.42280678252314,4.492584903444171,4.901654144420038,6.308022471230599
00000094,gaussian,1.0,0.02695622864772177,0.9730249983851172,0.0615234375,66.31890190972223,66.25737847222223,3.42280678252314,5.106499002547042,4.901654144420038,7.283891871582572
00000094,constant,2.0,0.02695622864772177,0.9490900055904093,3.555555555555543,66.31890190972223,69.87445746527777,3.42280678252314,3.42280678252314,4.901654144420038,4.901654144420038
00000094,rademacher,2.0,0.02695622864772177,0.9443891737455677,0.3033854166666714,66.31890190972223,66.01551649305556,3.42280678252314,6.735674681353032,4.901654144420038,9.525104772894002
00000094,gaussian,2.0,0.02695622864772177,0.945722677177407,0.2236328125,66.31890190972223,66.09526909722223,3.42280678252314,7.8465082135575965,4.901654144420038,11.29304716558397
00000094,constant,3.0,0.02695622864772177,0.9255390355964903,5.333333333333329,66.31890190972223,71.65223524305556,3.42280678252314,3.4228067825231414,4.901654144420038,4.901654144420038
00000094,rademacher,3.0,0.02695622864772177,0.9178155450520239,0.3333333333333428,66.31890190972223,65.98556857638889,3.42280678252314,9.238118472800556,4.901654144420038,13.131488935347578
00000094,gaussian,3.0,0.02695622864772177,0.917015470039088,0.38347054781229417,66.31890190972223,65.93543136190993,3.42280678252314,11.461276676309566,4.901654144420038,16.045754158222145
00000095,constant,1.0,0.027675815816958785,0.9732062608059039,1.5999999999999943,58.1599609375,59.7599609375,3.4093654471646837,3.409365447164683,5.487199510323653,5.487199510323653
00000095,rademacher,1.0,0.027675815816958785,0.9694695175474917,0.18769531250000426,58.1599609375,57.972265625,3.4093654471646837,4.463814019581463,5.487199510323653,6.66735094981132
00000095,gaussian,1.0,0.027675815816958785,0.9703478142737385,0.17324218750000142,58.1599609375,57.98671875,3.4093654471646837,5.069433739753295,5.487199510323653,7.571586537349104
00000095,constant,2.0,0.027675815816958785,0.9478168975977439,3.1999999999999957,58.1599609375,61.3599609375,3.4093654471646837,3.409365447164683,5.487199510323653,5.487199510323653
00000095,rademacher,2.0,0.027675815816958785,0.939811744257089,0.35429687500000284,58.1599609375,57.8056640625,3.4093654471646837,6.452345818714956,5.487199510323653,9.576447724919024
00000095,gaussian,2.0,0.027675815816958785,0.9393630139898796,0.5132812500000057,58.1599609375,57.6466796875,3.4093654471646837,7.831035330211655,5.487199510323653,11.28389386738965
00000095,constant,3.0,0.027675815816958785,0.9237300491693939,4.799999999999997,58.1599609375,62.9599609375,3.4093654471646837,3.4093654471646837,5.487199510323653,5.487199510323653
00000095,rademacher,3.0,0.027675815816958785,0.9112584018525138,0.41015625,58.1599609375,57.7498046875,3.4093654471646837,8.849072554757457,5.487199510323653,12.842239471987805
00000095,gaussian,3.0,0.027675815816958785,0.91113075515952,0.6156250000000014,58.1599609375,57.5443359375,3.4093654471646837,11.032657492891216,5.487199510323653,15.723921259625845
00000096,constant,1.0,0.025325666532993545,0.9786428661855932,1.7769271383315726,81.63833157338965,83.41525871172122,6.6994672280746475,6.655377091388091,11.880243010307838,11.785893992741808
00000096,rademacher,1.0,0.025325666532993545,0.9770373475048872,0.13120380147834965,81.63833157338965,81.5071277719113,6.6994672280746475,7.293065733281037,11.880243010307838,12.60502496881636
00000096,gaussian,1.0,0.025325666532993545,0.9781099686050866,0.0647905118633787,81.63833157338965,81.57354106152627,6.6994672280746475,7.63000943398593,11.880243010307838,13.049266155845357
00000096,constant,2.0,0.025325666532993545,0.9582026650139448,3.553854276663145,81.63833157338965,85.1921858500528,6.6994672280746475,6.61318682130753,11.880243010307838,11.692799056084603
00000096,rademacher,2.0,0.025325666532993545,0.9545939511367342,0.2763991552270255,81.63833157338965,81.36193241816262,6.6994672280746475,8.883781339339865,11.880243010307838,14.729562587040652
00000096,gaussian,2.0,0.025325666532993545,0.9544922529909339,0.13397456256313944,81.63833157338965,81.50435701082651,6.6994672280746475,9.97118376845674,11.880243010307838,16.130262287103378
00000096,constant,3.0,0.025325666532993545,0.9386102308187326,5.330517423442458,81.63833157338965,86.96884899683211,6.6994672280746475,6.573028896888391,11.880243010307838,11.601395852880971
00000096,rademacher,3.0,0.025325666532993545,0.9322673689490846,0.5353476811266376,81.63833157338965,81.10298389226301,6.6994672280746475,10.741657190614394,11.880243010307838,16.807309496851335
00000096,gaussian,3.0,0.025325666532993545,0.9326572338367028,0.30939809926081807,81.63833157338965,81.32893347412883,6.6994672280746475,12.822978752340653,11.880243010307838,20.009158691497152
00000097,constant,1.0,0.0041758113307174055,0.9979405287451103,1.0,484.5615234375,485.5615234375,3.913660994414788,3.913660994414789,8.439647655544848,8.439647655544848
00000097,rademacher,1.0,0.0041758113307174055,0.9969136548125241,0.4951171875,484.5615234375,484.06640625,3.913660994414788,4.896232536874941,8.439647655544848,8.931125314855258
00000097,gaussian,1.0,0.0041758113307174055,0.9970163376652138,0.443359375,484.5615234375,484.1181640625,3.913660994414788,5.44261666349089,8.439647655544848,9.29813905986039
00000097,constant,2.0,0.0041758113307174055,0.9958895228996526,2.0,484.5615234375,486.5615234375,3.913660994414788,3.913660994414789,8.439647655544848,8.439647655544848
00000097,rademacher,2.0,0.0041758113307174055,0.9937855595711432,0.990234375,484.5615234375,483.5712890625,3.913660994414788,6.462238912451134,8.439647655544848,10.825911258462764
00000097,gaussian,2.0,0.0041758113307174055,0.994060130866199,1.0126953125,484.5615234375,483.548828125,3.913660994414788,7.525486024585637,8.439647655544848,11.833893794008837
00000097,constant,3.0,0.0041758113307174055,0.9938469303753733,3.0,484.5615234375,487.5615234375,3.913660994414788,3.913660994414788,8.439647655544848,8.439647655544848
00000097,rademacher,3.0,0.0041758113307174055,0.9907661336499689,1.4765625,484.5615234375,483.0849609375,3.913660994414788,8.239498193182852,8.439647655544848,13.028082483212643
00000097,gaussian,3.0,0.0041758113307174055,0.9905984142484558,1.6572265625,484.5615234375,482.904296875,3.913660994414788,10.376199086853056,8.439647655544848,15.858061517152311
00000098,constant,1.0,0.02432385560301116,0.9764610995344458,2.0,83.06103515625,85.06103515625,4.534721842291617,4.534721842291617,6.68620826680917,6.68620826680917
00000098,rademacher,1.0,0.02432385560301116,0.9761789281388953,0.009765625,83.06103515625,83.07080078125,4.534721842291617,5.41334660762565,6.68620826680917,7.9721134484736895
00000098,gaussian,1.0,0.02432385560301116,0.9766421151151907,0.0869140625,83.06103515625,82.97412109375,4.534721842291617,5.97728824433412,6.68620826680917,8.68088140403004
00000098,constant,2.0,0.02432385560301116,0.9540128996074032,4.0,83.06103515625,87.06103515625,4.534721842291617,4.534721842291617,6.68620826680917,6.68620826680917
00000098,rademacher,2.0,0.02432385560301116,0.9529400288063719,0.0625,83.06103515625,83.12353515625,4.534721842291617,7.52443863740175,6.68620826680917,10.92012442179991
00000098,gaussian,2.0,0.02432385560301116,0.9526493346157711,0.072265625,83.06103515625,82.98876953125,4.534721842291617,8.847177234659375,6.68620826680917,12.635795767058088
00000098,constant,3.0,0.02432385560301116,0.9325838692522355,6.0,83.06103515625,89.06103515625,4.534721842291617,4.534721842291617,6.68620826680917,6.68620826680917
00000098,rademacher,3.0,0.02432385560301116,0.9302586666364265,0.1171875,83.06103515625,83.17822265625,4.534721842291617,10.153556174671404,6.68620826680917,14.707135694727885
00000098,gaussian,3.0,0.02432385560301116,0.9320391656990691,0.0390625,83.06103515625,83.10009765625,4.534721842291617,11.98947825390361,6.68620826680917,17.086964374947335
00000100,constant,1.0,0.02818423867282616,0.9749771470663933,1.8333333333333286,71.52685546875,73.36018880208333,3.6918421291411536,3.6918421291411536,5.3236543088316,5.3236543088316
00000100,rademacher,1.0,0.02818423867282616,0.9734873761714423,0.0856119791666714,71.52685546875,71.44124348958333,3.6918421291411536,4.733411903173857,5.3236543088316,6.668604240350516
00000100,gaussian,1.0,0.02818423867282616,0.9745037464753924,0.00439453125,71.52685546875,71.5224609375,3.6918421291411536,5.3069187303792775,5.3236543088316,7.461478908279176
00000100,constant,2.0,0.02818423867282616,0.9511883631326031,3.6666666666666714,71.52685546875,75.19352213541667,3.6918421291411536,3.6918421291411523,5.3236543088316,5.3236543088316
00000100,rademacher,2.0,0.02818423867282616,0.947687134282406,0.126953125,71.52685546875,71.39990234375,3.6918421291411536,6.864503645576481,5.3236543088316,9.859662769055605
00000100,gaussian,2.0,0.02818423867282616,0.9475031953419016,0.1962890625,71.52685546875,71.33056640625,3.6918421291411536,8.280521594908999,5.3236543088316,11.756589557264983
00000100,constant,3.0,0.02818423867282616,0.9285386762571077,5.5,71.52685546875,77.02685546875,3.6918421291411536,3.691842129141152,5.3236543088316,5.3236543088316
00000100,rademacher,3.0,0.02818423867282616,0.9224686109954642,0.2438151041666714,71.52685546875,71.28304036458333,3.6918421291411536,9.424188952592239,5.3236543088316,13.268464528049549
00000100,gaussian,3.0,0.02818423867282616,0.9225433374419764,0.1365559895833286,71.52685546875,71.66341145833333,3.6918421291411536,11.629908146162387,5.3236543088316,16.014193257480304
00000101,constant,1.0,0.02528744096988889,0.978466665665861,1.75,79.56640625,81.31640625,3.377898055653115,3.377898055653116,5.0041544334531025,5.0041544334531025
00000101,rademacher,1.0,0.02528744096988889,0.9767124950681356,0.115966796875,79.56640625,79.450439453125,3.377898055653115,4.468768699751054,5.0041544334531025,6.470345949412709
00000101,gaussian,1.0,0.02528744096988889,0.9777260264822243,0.10205078125,79.56640625,79.46435546875,3.377898055653115,5.01926452703276,5.0041544334531025,7.1020470991516325
00000101,constant,2.0,0.02528744096988889,0.9578439671286989,3.5,79.56640625,83.06640625,3.377898055653115,3.3778980556531155,5.0041544334531025,5.0041544334531025
00000101,rademacher,2.0,0.02528744096988889,0.9539192071295943,0.09912109375,79.56640625,79.46728515625,3.377898055653115,6.575126700794227,5.0041544334531025,9.420193629902926
00000101,gaussian,2.0,0.02528744096988889,0.9546760581140845,0.184326171875,79.56640625,79.382080078125,3.377898055653115,7.898896640752417,5.0041544334531025,11.427984355229876
00000101,constant,3.0,0.02528744096988889,0.9380753354864337,5.25,79.56640625,84.81640625,3.377898055653115,3.377898055653115,5.0041544334531025,5.0041544334531025
00000101,rademacher,3.0,0.02528744096988889,0.9316488326992697,0.334228515625,79.56640625,79.232177734375,3.377898055653115,9.125257227144798,5.0041544334531025,13.044434934897954
00000101,gaussian,3.0,0.02528744096988889,0.9301539047301759,0.71044921875,79.56640625,78.85595703125,3.377898055653115,11.440029909113138,5.0041544334531025,16.72739177133029
00000102,constant,1.0,0.03116324922762165,0.9760725673978162,1.8053505535055336,74.590098400984,76.39544895448954,19.991639794416734,19.94024331452244,43.890986949253765,43.77225528229728
00000102,rademacher,1.0,0.03116324922762165,0.9744673221656731,0.08286985592094709,74.590098400984,74.50722854506306,19.991639794416734,20.204854524576035,43.890986949253765,43.85224287736374
00000102,gaussian,1.0,0.03116324922762165,0.9747116508928535,0.04042137852937344,74.590098400984,74.54967702245463,19.991639794416734,20.38554244225811,43.890986949253765,44.05159284990012
00000102,constant,2.0,0.03116324922762165,0.9534171261375345,3.6088560885608842,74.590098400984,78.19895448954489,19.991639794416734,19.895283620168858,43.890986949253765,43.65914553427409
00000102,rademacher,2.0,0.03116324922762165,0.9495853822578242,0.13275315922237496,74.590098400984,74.45734524176163,19.991639794416734,20.690191517252412,43.890986949253765,44.17973625319945
00000102,gaussian,2.0,0.03116324922762165,0.9499688335712706,0.07584987487805961,74.590098400984,74.66594827586206,19.991639794416734,21.228106599414907,43.890986949253765,44.65806768327062
00000102,constant,3.0,0.03116324922762165,0.9319041468702431,5.409286592865939,74.590098400984,79.99938499384994,19.991639794416734,19.850094899676893,43.890986949253765,43.55242892812626
00000102,rademacher,3.0,0.03116324922762165,0.9252832804755606,0.30909901788714933,74.590098400984,74.28099938309686,19.991639794416734,21.643486189309673,43.890986949253765,44.73060791199911
00000102,gaussian,3.0,0.03116324922762165,0.9267566384012103,0.21324628777412613,74.590098400984,74.80334468875813,19.991639794416734,22.49660639496979,43.890986949253765,45.77007493458301
00000103,constant,1.0,0.025143611512038727,0.9756598101218864,2.0,80.267578125,82.267578125,4.272602350866316,4.272602350866316,5.495845806951453,5.495845806951453
00000103,rademacher,1.0,0.025143611512038727,0.9753633245017993,0.021484375,80.267578125,80.2890625,4.272602350866316,5.2171848729160235,5.495845806951453,6.962791466038706
00000103,gaussian,1.0,0.025143611512038727,0.9759965619214772,0.001953125,80.267578125,80.265625,4.272602350866316,5.771082613055027,5.495845806951453,7.675208584432178
00000103,constant,2.0,0.025143611512038727,0.9524818739542666,4.0,80.267578125,84.267578125,4.272602350866316,4.272602350866315,5.495845806951453,5.495845806951453
00000103,rademacher,2.0,0.025143611512038727,0.9513297312052886,0.03125,80.267578125,80.298828125,4.272602350866316,7.337909885209352,5.495845806951453,10.279421246340776
00000103,gaussian,2.0,0.025143611512038727,0.9518121837660641,0.03955078125,80.267578125,80.22802734375,4.272602350866316,8.634504268144795,5.495845806951453,12.318752560698899
00000103,constant,3.0,0.025143611512038727,0.9303914701533194,6.0,80.267578125,86.267578125,4.272602350866316,4.272602350866315,5.495845806951453,5.495845806951453
00000103,rademacher,3.0,0.025143611512038727,0.9278010283742061,0.1556396484375,80.267578125,80.1119384765625,4.272602350866316,9.950824778762156,5.495845806951453,14.122243184626896
00000103,gaussian,3.0,0.025143611512038727,0.9286437395463482,0.06103515625,80.267578125,80.20654296875,4.272602350866316,12.08657183549771,5.495845806951453,17.185080283072537
00000106,constant,1.0,0.02558481212286226,0.9752451005748612,2.0,78.9130859375,80.9130859375,3.997949888127853,3.997949888127853,5.738493311730173,5.738493311730173
00000106,rademacher,1.0,0.02558481212286226,0.9749234801222921,0.017578125,78.9130859375,78.8955078125,3.997949888127853,4.988438908856144,5.738493311730173,7.183981328917852
00000106,gaussian,1.0,0.02558481212286226,0.975893680650661,0.0126953125,78.9130859375,78.900390625,3.997949888127853,5.540810702138174,5.738493311730173,7.871650588468087
00000106,constant,2.0,0.02558481212286226,0.9516990148322018,4.0,78.9130859375,82.9130859375,3.997949888127853,3.9979498881278523,5.738493311730173,5.738493311730173
00000106,rademacher,2.0,0.02558481212286226,0.950550236061519,0.16796875,78.9130859375,79.0810546875,3.997949888127853,7.2518777777010355,5.738493311730173,10.233956903589325
00000106,gaussian,2.0,0.02558481212286226,0.9510830200393199,0.0166015625,78.9130859375,78.9296875,3.997949888127853,8.573033116245643,5.738493311730173,11.96056550580019
00000106,constant,3.0,0.02558481212286226,0.9292753213637917,6.0,78.9130859375,84.9130859375,3.997949888127853,3.997949888127853,5.738493311730173,5.738493311730173
00000106,rademacher,3.0,0.02558481212286226,0.9266314161312083,0.029296875,78.9130859375,78.8837890625,3.997949888127853,9.918719593508708,5.738493311730173,13.82029477706112
00000106,gaussian,3.0,0.02558481212286226,0.9255555309843654,0.10546875,78.9130859375,79.0185546875,3.997949888127853,12.145008959521126,5.738493311730173,17.391524017061993
00000107,constant,1.0,0.025362184756960414,0.9753556652921895,2.0,79.16587611607143,81.16587611607143,4.049516652629149,4.049516652629145,5.640512639223219,5.640512639223219
00000107,rademacher,1.0,0.025362184756960414,0.9750497247952278,0.009765625,79.16587611607143,79.17564174107143,4.049516652629149,5.1017199019184245,5.640512639223219,7.08767124394028
00000107,gaussian,1.0,0.025362184756960414,0.9765978884501669,0.1298828125,79.16587611607143,79.29575892857143,4.049516652629149,5.574512673451854,5.640512639223219,7.722941526175812
00000107,constant,2.0,0.025362184756960414,0.9518999954708094,4.0,79.16587611607143,83.16587611607143,4.049516652629149,4.049516652629146,5.640512639223219,5.640512639223219
00000107,rademacher,2.0,0.025362184756960414,0.9507172601298922,0.01953125,79.16587611607143,79.18540736607143,4.049516652629149,7.2611095326532356,5.640512639223219,10.212398100510953
00000107,gaussian,2.0,0.025362184756960414,0.9509067232896292,0.09765625,79.16587611607143,79.26353236607143,4.049516652629149,8.686184496805113,5.640512639223219,12.243398865900485
00000107,constant,3.0,0.025362184756960414,0.9295459720313398,6.0,79.16587611607143,85.16587611607143,4.049516652629149,4.049516652629145,5.640512639223219,5.640512639223219
00000107,rademacher,3.0,0.025362184756960414,0.9269013897810814,0.146484375,79.16587611607143,79.01939174107143,4.049516652629149,9.929370667835684,5.640512639223219,13.922943175363713
00000107,gaussian,3.0,0.025362184756960414,0.9270041004351829,0.0634765625,79.16587611607143,79.10239955357143,4.049516652629149,12.139476043052118,5.640512639223219,17.074365706844507
00000108,constant,1.0,0.024093071705709887,0.976579779056676,2.0,83.43798828125,85.43798828125,4.139602795467297,4.139602795467298,6.0423323155395385,6.0423323155395385
00000108,rademacher,1.0,0.024093071705709887,0.976293545933785,0.021484375,83.43798828125,83.41650390625,4.139602795467297,5.030558491988168,6.0423323155395385,7.168087701664426
00000108,gaussian,1.0,0.024093071705709887,0.977116413593637,0.017578125,83.43798828125,83.45556640625,4.139602795467297,5.631797614952711,6.0423323155395385,8.106084637724047
00000108,constant,2.0,0.024093071705709887,0.9542421247200862,4.0,83.43798828125,87.43798828125,4.139602795467297,4.139602795467298,6.0423323155395385,6.0423323155395385
00000108,rademacher,2.0,0.024093071705709887,0.9531313454861607,0.14453125,83.43798828125,83.29345703125,4.139602795467297,7.326917082862098,6.0423323155395385,10.473000223356179
00000108,gaussian,2.0,0.024093071705709887,0.9537010035165966,0.0400390625,83.43798828125,83.39794921875,4.139602795467297,8.603661859930492,6.0423323155395385,12.10110375782677
00000108,constant,3.0,0.024093071705709887,0.9329034934950783,6.0,83.43798828125,89.43798828125,4.139602795467297,4.139602795467297,6.0423323155395385,6.0423323155395385
00000108,rademacher,3.0,0.024093071705709887,0.9305061853281417,0.0703125,83.43798828125,83.36767578125,4.139602795467297,9.973629789582887,6.0423323155395385,14.415867205708018
00000108,gaussian,3.0,0.024093071705709887,0.9334836591334226,0.18359375,83.43798828125,83.62158203125,4.139602795467297,11.60757091670552,6.0423323155395385,16.343947769487396
00000110,constant,1.0,0.024014199700692584,0.9767592067988669,2.0,84.18424479166667,86.18424479166667,4.540344171436224,4.540344171436224,6.461381132710907,6.461381132710907
00000110,rademacher,1.0,0.024014199700692584,0.976484883685385,0.01953125,84.18424479166667,84.20377604166667,4.540344171436224,5.4402303824057086,6.461381132710907,7.6860492903370075
00000110,gaussian,1.0,0.024014199700692584,0.977055522424576,0.0078125,84.18424479166667,84.17643229166667,4.540344171436224,6.034762824750614,6.461381132710907,8.609993401139404
00000110,constant,2.0,0.024014199700692584,0.9545847176079735,4.0,84.18424479166667,88.18424479166667,4.540344171436224,4.540344171436223,6.461381132710907,6.461381132710907
00000110,rademacher,2.0,0.024014199700692584,0.9535099848131106,0.02734375,84.18424479166667,84.15690104166667,4.540344171436224,7.480684321990552,6.461381132710907,10.491802582493584
00000110,gaussian,2.0,0.024014199700692584,0.9546550125811151,0.1946614583333428,84.18424479166667,83.98958333333333,4.540344171436224,8.659568041385507,6.461381132710907,12.623089842511575
00000110,constant,3.0,0.024014199700692584,0.9334081704843239,6.0,84.18424479166667,90.18424479166667,4.540344171436224,4.5403441714362245,6.461381132710907,6.461381132710907
00000110,rademacher,3.0,0.024014199700692584,0.9311864849242014,0.205078125,84.18424479166667,84.38932291666667,4.540344171436224,10.093195023955193,6.461381132710907,14.017793267182206
00000110,gaussian,3.0,0.024014199700692584,0.9306668459765478,0.12141927083334281,84.18424479166667,84.06282552083333,4.540344171436224,12.33455367466837,6.461381132710907,17.67568760083139
00000111,constant,1.0,0.02429226833548278,0.976476444330261,2.0,83.1482421875,85.1482421875,4.026947474596697,4.026947474596696,5.6490954966693305,5.6490954966693305
00000111,rademacher,1.0,0.02429226833548278,0.9761939027051117,0.001953125,83.1482421875,83.1462890625,4.026947474596697,5.089911879835332,5.6490954966693305,7.1893955423130596
00000111,gaussian,1.0,0.02429226833548278,0.9767288545953838,0.0302734375,83.1482421875,83.178515625,4.026947474596697,5.520326566756953,5.6490954966693305,7.668763153987226
00000111,constant,2.0,0.02429226833548278,0.9540512737761462,4.0,83.1482421875,87.1482421875,4.026947474596697,4.026947474596697,5.6490954966693305,5.6490954966693305
00000111,rademacher,2.0,0.02429226833548278,0.9529672658224365,0.04296875,83.1482421875,83.1912109375,4.026947474596697,7.216563734815443,5.6490954966693305,10.345686610938964
00000111,gaussian,2.0,0.02429226833548278,0.952794523816078,0.0234375,83.1482421875,83.1248046875,4.026947474596697,8.701348094923897,5.6490954966693305,11.99830763909479
00000111,constant,3.0,0.02429226833548278,0.9326432022084196,6.0,83.1482421875,89.1482421875,4.026947474596697,4.026947474596698,5.6490954966693305,5.6490954966693305
00000111,rademacher,3.0,0.02429226833548278,0.930307857189792,0.10664062499999716,83.1482421875,83.2548828125,4.026947474596697,9.941990887749682,5.6490954966693305,13.818039951345842
00000111,gaussian,3.0,0.02429226833548278,0.9286779267745546,0.046875,83.1482421875,83.1013671875,4.026947474596697,12.250598363913866,5.6490954966693305,17.464991266465955
00000112,constant,1.0,0.025270339364616642,0.9755689000793624,2.0,79.9874267578125,81.9874267578125,4.214622709060391,4.214622709060391,5.111458169890431,5.111458169890431
00000112,rademacher,1.0,0.025270339364616642,0.9752682612870212,0.009765625,79.9874267578125,79.9971923828125,4.214622709060391,5.1811606777027635,5.111458169890431,6.604945655337908
00000112,gaussian,1.0,0.025270339364616642,0.9761478678416089,0.0457763671875,79.9874267578125,80.033203125,4.214622709060391,5.701181129491971,5.111458169890431,7.406580816054076
00000112,constant,2.0,0.025270339364616642,0.9523183139534884,3.9996337890625,79.9874267578125,83.987060546875,4.214622709060391,4.213501727163602,5.111458169890431,5.109107175121963
00000112,rademacher,2.0,0.025270339364616642,0.9511743655747584,0.113037109375,79.9874267578125,80.1004638671875,4.214622709060391,7.3389159492973235,5.111458169890431,9.932946979600931
00000112,gaussian,2.0,0.025270339364616642,0.9512816466061974,0.0155029296875,79.9874267578125,80.0029296875,4.214622709060391,8.683848736818351,5.111458169890431,12.070301532275794
00000112,constant,3.0,0.025270339364616642,0.9302016872101971,5.9951171875,79.9874267578125,85.9825439453125,4.214622709060391,4.202795989838864,5.111458169890431,5.090843900821437
00000112,rademacher,3.0,0.025270339364616642,0.9275614316632559,0.1429443359375,79.9874267578125,79.844482421875,4.214622709060391,9.979383329539521,5.111458169890431,13.789478854345152
00000112,gaussian,3.0,0.025270339364616642,0.9294097545455616,0.0592041015625,79.9874267578125,79.92822265625,4.214622709060391,11.79688082959342,5.111458169890431,16.394760422499424
00000115,constant,1.0,0.024226397739964524,0.9765032318080482,2.0,83.2453125,85.2453125,3.6855296187445616,3.685529618744561,5.379685038905899,5.379685038905899
00000115,rademacher,1.0,0.024226397739964524,0.9762304237598431,0.078125,83.2453125,83.3234375,3.6855296187445616,4.724124207889724,5.379685038905899,6.794989049307986
00000115,gaussian,1.0,0.024226397739964524,0.9764740247546673,0.03515625,83.2453125,83.28046875,3.6855296187445616,5.417877036409377,5.379685038905899,7.793377818889532
00000115,constant,2.0,0.024226397739964524,0.954100261702161,4.0,83.2453125,87.2453125,3.6855296187445616,3.685529618744561,5.379685038905899,5.379685038905899
00000115,rademacher,2.0,0.024226397739964524,0.9529730609699335,0.12109375,83.2453125,83.12421875,3.6855296187445616,7.044261335751176,5.379685038905899,10.127918590668282
00000115,gaussian,2.0,0.024226397739964524,0.9533535244309226,0.0498046875,83.2453125,83.2951171875,3.6855296187445616,8.408277773021318,5.379685038905899,11.803356240636177
00000115,constant,3.0,0.024226397739964524,0.9327123829699694,6.0,83.2453125,89.2453125,3.6855296187445616,3.6855296187445603,5.379685038905899,5.379685038905899
00000115,rademacher,3.0,0.024226397739964524,0.9303533503298933,0.03515625,83.2453125,83.28046875,3.6855296187445616,9.739134452489337,5.379685038905899,13.800948821094389
00000115,gaussian,3.0,0.024226397739964524,0.9304536859863453,0.0263671875,83.2453125,83.2716796875,3.6855296187445616,11.882448687138723,5.379685038905899,16.941499821004417
00000116,constant,1.0,0.02838589300782499,0.975749331342276,2.0,81.36274509803921,83.36274509803921,23.343330527516216,23.343330527516216,49.337528061349744,49.337528061349744
00000116,rademacher,1.0,0.02838589300782499,0.9753924831645039,0.005115089514063698,81.36274509803921,81.36786018755328,23.343330527516216,23.605637374654492,49.337528061349744,49.67536658857365
00000116,gaussian,1.0,0.02838589300782499,0.9768300142026312,0.09846547314577947,81.36274509803921,81.26427962489343,23.343330527516216,23.615411759162637,49.337528061349744,49.558398585074535
00000116,constant,2.0,0.02838589300782499,0.9528135112460548,4.0,81.36274509803921,85.36274509803921,23.343330527516216,23.343330527516216,49.337528061349744,49.337528061349744
00000116,rademacher,2.0,0.02838589300782499,0.9516056453262426,0.05132739663029895,81.36274509803921,81.41407249466951,23.343330527516216,24.114325691350288,49.337528061349744,49.97272722969576
00000116,gaussian,2.0,0.02838589300782499,0.9526783704704029,0.14387035223820988,81.36274509803921,81.50661545027742,23.343330527516216,24.28541612795408,49.337528061349744,49.80714016015185
00000116,constant,3.0,0.02838589300782499,0.9309675184315945,6.0,81.36274509803921,87.36274509803921,23.343330527516216,23.343330527516216,49.337528061349744,49.337528061349744
00000116,rademacher,3.0,0.02838589300782499,0.9284526295036221,0.06253244252441448,81.36274509803921,81.42527754056363,23.343330527516216,24.97436499981147,49.337528061349744,50.739530459234416
00000116,gaussian,3.0,0.02838589300782499,0.9296974474019281,0.18546309308706554,81.36274509803921,81.54820819112628,23.343330527516216,25.549715743837286,49.337528061349744,50.971037566084505
00000117,constant,1.0,0.02530893608703354,0.9755526355778428,2.0,79.9412841796875,81.9412841796875,4.37669330053851,4.37669330053851,5.635017164592197,5.635017164592197
00000117,rademacher,1.0,0.02530893608703354,0.9752399226454997,0.029296875,79.9412841796875,79.9119873046875,4.37669330053851,5.2920226838929985,5.635017164592197,7.09568458187523
00000117,gaussian,1.0,0.02530893608703354,0.9755729567434632,0.03125,79.9412841796875,79.9100341796875,4.37669330053851,5.841314290171769,5.635017164592197,7.835116363945925
00000117,constant,2.0,0.02530893608703354,0.9522873260164884,4.0,79.9412841796875,83.9412841796875,4.37669330053851,4.37669330053851,5.635017164592197,5.635017164592197
00000117,rademacher,2.0,0.02530893608703354,0.9511227471339344,0.05859375,79.9412841796875,79.9998779296875,4.37669330053851,7.4530624932584075,5.635017164592197,10.078057568873112
00000117,gaussian,2.0,0.02530893608703354,0.950503711440521,0.15576171875,79.9412841796875,80.0970458984375,4.37669330053851,8.863918613592675,5.635017164592197,12.349050354324298
00000117,constant,3.0,0.02530893608703354,0.9301269850288344,5.9990234375,79.9412841796875,85.9403076171875,4.37669330053851,4.373611390087493,5.635017164592197,5.633285355124798
00000117,rademacher,3.0,0.02530893608703354,0.9276836008780049,0.2926025390625,79.9412841796875,80.23388671875,4.37669330053851,9.967858907745608,5.635017164592197,13.947412441772883
00000117,gaussian,3.0,0.02530893608703354,0.9280233536543134,0.1558837890625,79.9412841796875,79.785400390625,4.37669330053851,11.822953265171554,5.635017164592197,16.321563542010182
00000119,constant,1.0,0.025157894255438833,0.9756103727676181,2.0,80.07958984375,82.07958984375,4.313144806319356,4.313144806319356,5.546371759684499,5.546371759684499
00000119,rademacher,1.0,0.025157894255438833,0.9753009444376672,0.044921875,80.07958984375,80.03466796875,4.313144806319356,5.285539026646301,5.546371759684499,6.962797280464271
00000119,gaussian,1.0,0.025157894255438833,0.9759427554152522,0.0020751953125,80.07958984375,80.0775146484375,4.313144806319356,5.828972369544461,5.546371759684499,7.7899294544435325
00000119,constant,2.0,0.025157894255438833,0.9524056344899079,3.9984130859375,80.07958984375,84.0780029296875,4.313144806319356,4.307850094463284,5.546371759684499,5.545793501710314
00000119,rademacher,2.0,0.025157894255438833,0.9512576559433906,0.0731201171875,80.07958984375,80.1527099609375,4.313144806319356,7.396799355271174,5.546371759684499,10.303511353572635
00000119,gaussian,2.0,0.025157894255438833,0.9500449249641714,0.136474609375,80.07958984375,80.216064453125,4.313144806319356,8.869797425826892,5.546371759684499,12.39308628917968
00000119,constant,3.0,0.025157894255438833,0.930338465029535,5.991943359375,80.07958984375,86.071533203125,4.313144806319356,4.291059278098397,5.546371759684499,5.5478292485771465
00000119,rademacher,3.0,0.025157894255438833,0.927801386977221,0.0538330078125,80.07958984375,80.1334228515625,4.313144806319356,9.944788789870085,5.546371759684499,13.56173872533309
00000119,gaussian,3.0,0.025157894255438833,0.9285345543180799,0.370361328125,80.07958984375,80.449951171875,4.313144806319356,11.973070196411772,5.546371759684499,16.79593434073851
00000120,constant,1.0,0.03176587094928934,0.9713413488483384,1.8914334181509815,64.129877014419,66.02131043256998,8.309231410943637,8.30923141094364,10.180201668487788,10.180201668487788
00000120,rademacher,1.0,0.03176587094928934,0.9700758976497631,0.040394402035616395,64.129877014419,64.08948261238338,8.309231410943637,9.116769088520519,10.180201668487788,11.149656199896556
00000120,gaussian,1.0,0.03176587094928934,0.9706874523326836,0.047709923664115195,64.129877014419,64.08216709075488,8.309231410943637,9.56303037837226,10.180201668487788,11.8427685314674
00000120,constant,2.0,0.03176587094928934,0.94428399255642,3.782866836301949,64.129877014419,67.91274385072094,8.309231410943637,8.309231410943639,10.180201668487788,10.180201668487788
00000120,rademacher,2.0,0.03176587094928934,0.9411865651773657,0.06806615776082481,64.129877014419,64.19794317217982,8.309231410943637,10.829008338191448,10.180201668487788,13.642118904864011
00000120,gaussian,2.0,0.03176587094928934,0.9410725395848036,0.24766751484308003,64.129877014419,63.882209499575914,8.309231410943637,11.948628107736292,10.180201668487788,15.264643352518798
00000120,constant,3.0,0.03176587094928934,0.9186959764153021,5.67430025445293,64.129877014419,69.80417726887192,8.309231410943637,8.309231410943639,10.180201668487788,10.180201668487788
00000120,rademacher,3.0,0.03176587094928934,0.9129626173840709,0.009860050890580396,64.129877014419,64.12001696352841,8.309231410943637,12.963037028978881,10.180201668487788,16.553923168474697
00000120,gaussian,3.0,0.03176587094928934,0.9105682836156924,0.047921967769298135,64.129877014419,64.0819550466497,8.309231410943637,14.890888288385852,10.180201668487788,19.724727860129654
00000121,constant,1.0,0.028122084802044582,0.9750494076613412,1.8333333333333286,71.7119140625,73.54524739583333,4.285579465548191,4.2855794655481905,5.991865269384786,5.991865269384786
00000121,rademacher,1.0,0.028122084802044582,0.9736324907951263,0.0732421875,71.7119140625,71.638671875,4.285579465548191,5.241421548548941,5.991865269384786,7.285324597578889
00000121,gaussian,1.0,0.028122084802044582,0.9737797092359042,0.007649739583328596,71.7119140625,71.70426432291667,4.285579465548191,5.827666266229552,5.991865269384786,8.076945860103
00000121,constant,2.0,0.028122084802044582,0.9513258953923489,3.6666666666666714,71.7119140625,75.37858072916667,4.285579465548191,4.28557946554819,5.991865269384786,5.991865269384786
00000121,rademacher,2.0,0.028122084802044582,0.947730755263461,0.2530924479166714,71.7119140625,71.45882161458333,4.285579465548191,7.197554014576839,5.991865269384786,10.204812338613392
00000121,gaussian,2.0,0.028122084802044582,0.9495045449009644,0.1243489583333286,71.7119140625,71.58756510416667,4.285579465548191,8.30319741647252,5.991865269384786,11.680194866635253
00000121,constant,3.0,0.028122084802044582,0.9287332915952587,5.5,71.7119140625,77.2119140625,4.285579465548191,4.28557946554819,5.991865269384786,5.991865269384786
00000121,rademacher,3.0,0.028122084802044582,0.9227495979959963,0.3740234375,71.7119140625,71.337890625,4.285579465548191,9.700379152595497,5.991865269384786,13.578639352501112
00000121,gaussian,3.0,0.028122084802044582,0.9231464104953259,0.3095703125,71.7119140625,71.40234375,4.285579465548191,11.703314110144753,5.991865269384786,17.05862124366676
00000123,constant,1.0,0.027554040510690787,0.9749020902126158,1.875,72.8372802734375,74.7122802734375,3.9516651468505373,3.9516651468505377,5.468674181834293,5.468674181834293
00000123,rademacher,1.0,0.027554040510690787,0.9736905683856576,0.0789794921875,72.8372802734375,72.75830078125,3.9516651468505373,4.950404939308891,5.468674181834293,6.8148586802242015
00000123,gaussian,1.0,0.027554040510690787,0.9756249813722601,0.025390625,72.8372802734375,72.8118896484375,3.9516651468505373,5.436891370504389,5.468674181834293,7.4426506159729
00000123,constant,2.0,0.027554040510690787,0.9510346619318046,3.75,72.8372802734375,76.5872802734375,3.9516651468505373,3.9516651468505373,5.468674181834293,5.468674181834293
00000123,rademacher,2.0,0.027554040510690787,0.9481631733153031,0.0595703125,72.8372802734375,72.7777099609375,3.9516651468505373,7.080599679991216,5.468674181834293,9.940830917206402
00000123,gaussian,2.0,0.027554040510690787,0.948518961318485,0.241943359375,72.8372802734375,72.5953369140625,3.9516651468505373,8.45617763265788,5.468674181834293,11.639357251894925
00000123,constant,3.0,0.027554040510690787,0.9283079455413582,5.625,72.8372802734375,78.4622802734375,3.9516651468505373,3.9516651468505373,5.468674181834293,5.468674181834293
00000123,rademacher,3.0,0.027554040510690787,0.9230889724310777,0.3046875,72.8372802734375,72.5325927734375,3.9516651468505373,9.662287641406888,5.468674181834293,13.396514595678768
00000123,gaussian,3.0,0.027554040510690787,0.9239553737136507,0.274658203125,72.8372802734375,72.5626220703125,3.9516651468505373,11.551960388548824,5.468674181834293,16.451486705704184
00000125,constant,1.0,0.026946083325027737,0.9739066092754223,1.7777777777777857,66.41330295138889,68.19108072916667,3.8546998642134094,3.8546998642134094,5.1721615418823,5.1721615418823
00000125,rademacher,1.0,0.026946083325027737,0.9719450215912919,0.07606336805555713,66.41330295138889,66.33723958333333,3.8546998642134094,4.8678110209066725,5.1721615418823,6.636924756209576
00000125,gaussian,1.0,0.026946083325027737,0.9729795116538255,0.08756510416665719,66.41330295138889,66.32573784722223,3.8546998642134094,5.415652527899519,5.1721615418823,7.440446716242915
00000125,constant,2.0,0.026946083325027737,0.9491491516329186,3.555555555555557,66.41330295138889,69.96885850694444,3.8546998642134094,3.8546998642134094,5.1721615418823,5.1721615418823
00000125,rademacher,2.0,0.026946083325027737,0.9446267491040737,0.16319444444444287,66.41330295138889,66.25010850694444,3.8546998642134094,6.919898842704064,5.1721615418823,9.478556330993705
00000125,gaussian,2.0,0.026946083325027737,0.945267354835425,0.1569010416666572,66.41330295138889,66.25640190972223,3.8546998642134094,8.157797956895601,5.1721615418823,11.26149530881087
00000125,constant,3.0,0.026946083325027737,0.9256247967756327,5.333333333333343,66.41330295138889,71.74663628472223,3.8546998642134094,3.8546998642134094,5.1721615418823,5.1721615418823
00000125,rademacher,3.0,0.026946083325027737,0.9181609108850004,0.1451822916666572,66.41330295138889,66.26812065972223,3.8546998642134094,9.359526798632153,5.1721615418823,13.223340847394219
00000125,gaussian,3.0,0.026946083325027737,0.9157487370784965,0.3430837197848007,66.41330295138889,66.07021923160409,3.8546998642134094,11.767432124209678,5.1721615418823,16.708810445052862
00000126,constant,1.0,0.03300042554433573,0.9687064240526579,1.999524172059381,61.95060905976399,63.95013323182337,14.356309030004995,14.354278633822283,12.565649543602753,12.56499578440915
00000126,rademacher,1.0,0.03300042554433573,0.9682129454563041,0.039113056718690586,61.95060905976399,61.98972211648268,14.356309030004995,14.897262862894658,12.565649543602753,13.387325324308527
00000126,gaussian,1.0,0.03300042554433573,0.9699642124855299,0.003992634344697876,61.95060905976399,61.95460169410869,14.356309030004995,15.178175283446908,12.565649543602753,13.863631192171281
00000126,constant,2.0,0.03300042554433573,0.939325547601147,3.9986676817662783,61.95060905976399,65.94927674153027,14.356309030004995,14.350720810443796,12.565649543602753,12.56394072260903
00000126,rademacher,2.0,0.03300042554433573,0.937427666126177,0.06347812850937373,61.95060905976399,62.014087188273365,14.356309030004995,16.233138280152946,12.565649543602753,15.506028625646524
00000126,gaussian,2.0,0.03300042554433573,0.9361972603717366,0.03920725317023965,61.95060905976399,61.98981631293423,14.356309030004995,17.208402885823055,12.565649543602753,16.83359690776332
00000126,constant,3.0,0.03300042554433573,0.9116999894954305,5.9963837076513045,61.95060905976399,67.9469927674153,14.356309030004995,14.341463341530956,12.565649543602753,12.560144872580194
00000126,rademacher,3.0,0.03300042554433573,0.9075926981396637,0.00970311307316507,61.95060905976399,61.960312172837156,14.356309030004995,18.002628210449714,12.565649543602753,18.53546277131156
00000126,gaussian,3.0,0.03300042554433573,0.9077611085409645,0.26887307423053386,61.95060905976399,61.68173598553346,14.356309030004995,19.406834533969707,12.565649543602753,20.33739026592035
00000127,constant,1.0,0.02455715538992317,0.9762860632140787,2.0,82.6103515625,84.6103515625,4.716236615523803,4.716236615523803,5.657059474129338,5.657059474129338
00000127,rademacher,1.0,0.02455715538992317,0.9760073593619396,0.107421875,82.6103515625,82.7177734375,4.716236615523803,5.57121511748163,5.657059474129338,6.9861681111399365
00000127,gaussian,1.0,0.02455715538992317,0.9768303681999374,0.04960937500000284,82.6103515625,82.6599609375,4.716236615523803,6.0873542426884555,5.657059474129338,7.776907496205951
00000127,constant,2.0,0.02455715538992317,0.9536901309350376,4.0,82.6103515625,86.6103515625,4.716236615523803,4.716236615523803,5.657059474129338,5.657059474129338
00000127,rademacher,2.0,0.02455715538992317,0.9525866644513059,0.06718750000000284,82.6103515625,82.6775390625,4.716236615523803,7.624340867393867,5.657059474129338,10.290538943387439
00000127,gaussian,2.0,0.02455715538992317,0.9531095994441662,0.07167968749999432,82.6103515625,82.68203125,4.716236615523803,8.895109454098376,5.657059474129338,12.011553053144244
00000127,constant,3.0,0.02455715538992317,0.9321452581693944,6.0,82.6103515625,88.6103515625,4.716236615523803,4.716236615523803,5.657059474129338,5.657059474129338
00000127,rademacher,3.0,0.02455715538992317,0.9297379545076068,0.025195312500002842,82.6103515625,82.635546875,4.716236615523803,10.195735502940916,5.657059474129338,13.982983038556688
00000127,gaussian,3.0,0.02455715538992317,0.9300518726198412,0.080078125,82.6103515625,82.5302734375,4.716236615523803,12.426624137283621,5.657059474129338,16.903928965497435
00000128,constant,1.0,0.02635650532616076,0.9761184485217993,1.875,76.7734375,78.6484375,4.135705044385494,4.135705044385494,5.773637083787106,5.773637083787106
00000128,rademacher,1.0,0.02635650532616076,0.974973999981148,0.0745849609375,76.7734375,76.6988525390625,4.135705044385494,5.047813093991215,5.773637083787106,7.090170735013807
00000128,gaussian,1.0,0.02635650532616076,0.975612935446837,0.021484375,76.7734375,76.794921875,4.135705044385494,5.647044335207713,5.773637083787106,7.822948116675919
00000128,constant,2.0,0.02635650532616076,0.9533668466643825,3.75,76.7734375,80.5234375,4.135705044385494,4.135705044385493,5.773637083787106,5.773637083787106
00000128,rademacher,2.0,0.02635650532616076,0.9506885663079656,0.076171875,76.7734375,76.697265625,4.135705044385494,7.178216360759142,5.773637083787106,10.079460823307114
00000128,gaussian,2.0,0.02635650532616076,0.9510715089609352,0.1148681640625,76.7734375,76.6585693359375,4.135705044385494,8.560871177559958,5.773637083787106,12.309591751789922
00000128,constant,3.0,0.02635650532616076,0.9316613481954235,5.625,76.7734375,82.3984375,4.135705044385494,4.135705044385493,5.773637083787106,5.773637083787106
00000128,rademacher,3.0,0.02635650532616076,0.926625562518917,0.461181640625,76.7734375,76.312255859375,4.135705044385494,9.70843329550324,5.773637083787106,13.934454425730683
00000128,gaussian,3.0,0.02635650532616076,0.9292167312042326,0.0323486328125,76.7734375,76.8057861328125,4.135705044385494,11.402798367379475,5.773637083787106,16.189674787827112
00000129,constant,1.0,0.025203693976521748,0.9756135348605786,1.9964599609375,79.947265625,81.9437255859375,4.679294560481838,4.668035007565312,5.607334794446045,5.601074151828151
00000129,rademacher,1.0,0.025203693976521748,0.9752864016367101,0.07275390625,79.947265625,79.87451171875,4.679294560481838,5.518294375807098,5.607334794446045,7.0024005127677365
00000129,gaussian,1.0,0.025203693976521748,0.9759753822749966,0.060302734375,79.947265625,79.886962890625,4.679294560481838,6.088473506809148,5.607334794446045,7.851881211636817
00000129,constant,2.0,0.025203693976521748,0.9524864996153136,3.9852294921875,79.947265625,83.9324951171875,4.679294560481838,4.642442713723483,5.607334794446045,5.594386987012006
00000129,rademacher,2.0,0.025203693976521748,0.951197338849577,0.069091796875,79.947265625,79.878173828125,4.679294560481838,7.6164178531826074,5.607334794446045,10.152937070389005
00000129,gaussian,2.0,0.025203693976521748,0.9511218916939289,0.2322998046875,79.947265625,79.7149658203125,4.679294560481838,8.949788000655246,5.607334794446045,12.1141627638161
00000129,constant,3.0,0.025203693976521748,0.9306910150282446,5.9505615234375,79.947265625,85.8978271484375,4.679294560481838,4.587804617359234,5.607334794446045,5.57424908123555
00000129,rademacher,3.0,0.025203693976521748,0.9278087313676904,0.1470947265625,79.947265625,79.8001708984375,4.679294560481838,10.131183239697098,5.607334794446045,13.875653306673296
00000129,gaussian,3.0,0.025203693976521748,0.9299906842918293,0.058349609375,79.947265625,79.888916015625,4.679294560481838,11.872108027402152,5.607334794446045,16.36920731416379
00000130,constant,1.0,0.02496293230575122,0.9758918032915452,1.9998372395833428,81.01448567708333,83.01432291666667,5.947106464305796,5.94640622108838,7.6761256249737935,7.6745060327205366
00000130,rademacher,1.0,0.02496293230575122,0.9756020618311251,0.04280598958334281,81.01448567708333,81.05729166666667,5.947106464305796,6.8439172237295205,7.6761256249737935,8.832921509202173
00000130,gaussian,1.0,0.02496293230575122,0.9767170157723442,0.10123697916665719,81.01448567708333,80.91324869791667,5.947106464305796,7.375794327859857,7.6761256249737935,9.501075437829686
00000130,constant,2.0,0.02496293230575122,0.9529460191646804,3.997884114583343,81.01448567708333,85.01236979166667,5.947106464305796,5.938400785547732,7.6761256249737935,7.656021259955416
00000130,rademacher,2.0,0.02496293230575122,0.9518035441568855,0.01416015625,81.01448567708333,81.02864583333333,5.947106464305796,8.792812542172221,7.6761256249737935,11.643456806184945
00000130,gaussian,2.0,0.02496293230575122,0.9519320951076613,0.10693359375,81.01448567708333,80.90755208333333,5.947106464305796,10.06328372005285,7.6761256249737935,13.753141764236709
00000130,constant,3.0,0.02496293230575122,0.9310945371352463,5.992838541666671,81.01448567708333,87.00732421875,5.947106464305796,5.91871040978902,7.6761256249737935,7.613570225603034
00000130,rademacher,3.0,0.02496293230575122,0.9285197716014076,0.13232421875,81.01448567708333,80.88216145833333,5.947106464305796,11.306596843990944,7.6761256249737935,15.260341865128575
00000130,gaussian,3.0,0.02496293230575122,0.9284899385407446,0.027669270833342807,81.01448567708333,81.04215494791667,5.947106464305796,13.316577967922045,7.6761256249737935,18.23485481676167
00000131,constant,1.0,0.027229993711793993,0.9751774921149521,1.89586935638809,74.55254562920268,76.44841498559077,5.428355515103564,5.428355515103562,8.570214209008723,8.570214209008723
00000131,rademacher,1.0,0.027229993711793993,0.9742056122319179,0.011527377521602489,74.55254562920268,74.54101825168108,5.428355515103564,6.280953299465854,8.570214209008723,9.723440399244682
00000131,gaussian,1.0,0.027229993711793993,0.9750822228053325,0.14870317002880995,74.55254562920268,74.40384245917387,5.428355515103564,6.742246961506683,8.570214209008723,10.349111882490156
00000131,constant,2.0,0.027229993711793993,0.9515644503517837,3.79173871277618,74.55254562920268,78.34428434197886,5.428355515103564,5.428355515103564,8.570214209008723,8.570214209008723
00000131,rademacher,2.0,0.027229993711793993,0.948950994462779,0.059661013818072206,74.55254562920268,74.49288461538461,5.428355515103564,8.031833414284828,8.570214209008723,12.010692793726024
00000131,gaussian,2.0,0.027229993711793993,0.9481986392508348,0.05476206310500231,74.55254562920268,74.60730769230769,5.428355515103564,9.412865344292827,8.570214209008723,13.74624735694874
00000131,constant,3.0,0.027229993711793993,0.929074583981803,5.68760806916427,74.55254562920268,80.24015369836695,5.428355515103564,5.428355515103563,8.570214209008723,8.570214209008723
00000131,rademacher,3.0,0.027229993711793993,0.9247898368261396,0.17995437079731857,74.55254562920268,74.7325,5.428355515103564,10.379988378492047,8.570214209008723,15.542914447767625
00000131,gaussian,3.0,0.027229993711793993,0.9244516713627844,0.03166016240768954,74.55254562920268,74.520885466795,5.428355515103564,12.432038884618455,8.570214209008723,18.380315892615652
00000132,constant,1.0,0.029966413535978707,0.9751226872235353,1.80791596323391,71.04858375539298,72.85649971862689,13.996665588216471,13.996665588216468,22.753242850108222,22.753242850108222
00000132,rademacher,1.0,0.029966413535978707,0.9734650523270211,0.04989707621849959,71.04858375539298,70.99868667917448,13.996665588216471,14.539131212155608,22.753242850108222,23.391038452154685
00000132,gaussian,1.0,0.029966413535978707,0.9738761122857881,0.05402465595582839,71.04858375539298,70.99455909943715,13.996665588216471,14.923571644897871,22.753242850108222,23.89970210585775
00000132,constant,2.0,0.029966413535978707,0.9514841659653046,3.615831926467834,71.04858375539298,74.66441568186082,13.996665588216471,13.996665588216468,22.753242850108222,22.753242850108222
00000132,rademacher,2.0,0.029966413535978707,0.9475169009439796,0.25016033196955334,71.04858375539298,70.79842342342343,13.996665588216471,15.80805451965726,22.753242850108222,24.97378671266408
00000132,gaussian,2.0,0.029966413535978707,0.947914222580903,0.33574591755514405,71.04858375539298,70.71283783783784,13.996665588216471,16.686718640772206,22.753242850108222,26.38389632921899
00000132,constant,3.0,0.029966413535978707,0.9290192807731934,5.421121740761592,71.04858375539298,76.46970549615457,13.996665588216471,13.991926864739854,22.753242850108222,22.743688560002283
00000132,rademacher,3.0,0.029966413535978707,0.9226342824754793,0.16549124272644633,71.04858375539298,70.88309251266654,13.996665588216471,17.361018879495383,22.753242850108222,27.588321291818847
00000132,gaussian,3.0,0.029966413535978707,0.9240909716172222,0.310604792207414,71.04858375539298,70.73797896318557,13.996665588216471,18.804424951627652,22.753242850108222,28.949188520398252
00000133,constant,1.0,0.02695982115923644,0.9739427751071558,1.7777777777777715,66.552734375,68.33051215277777,3.794583914683882,3.794583914683882,5.307549199868103,5.307549199868103
00000133,rademacher,1.0,0.02695982115923644,0.9720575892153679,0.011501736111114269,66.552734375,66.54123263888889,3.794583914683882,4.806549315144762,5.307549199868103,6.719501955726893
00000133,gaussian,1.0,0.02695982115923644,0.9716737727689012,0.16916232638888573,66.552734375,66.38357204861111,3.794583914683882,5.529865954789752,5.307549199868103,7.775695287026165
00000133,constant,2.0,0.02695982115923644,0.9492178370606089,3.555555555555557,66.552734375,70.10828993055556,3.794583914683882,3.7945839146838813,5.307549199868103,5.307549199868103
00000133,rademacher,2.0,0.02695982115923644,0.9445416366747863,0.3024088541666714,66.552734375,66.25032552083333,3.794583914683882,6.940056540264389,5.307549199868103,9.729938529856671
00000133,gaussian,2.0,0.02695982115923644,0.9434079276484313,0.14561631944444287,66.552734375,66.40711805555556,3.794583914683882,8.334795887268868,5.307549199868103,11.882480660676897
00000133,constant,3.0,0.02695982115923644,0.9257255592168323,5.333333333333329,66.552734375,71.88606770833333,3.794583914683882,3.794583914683882,5.307549199868103,5.307549199868103
00000133,rademacher,3.0,0.02695982115923644,0.9180372845695939,0.34157986111111427,66.552734375,66.21115451388889,3.794583914683882,9.424249009827724,5.307549199868103,13.4084789683002
00000133,gaussian,3.0,0.02695982115923644,0.9182399708722933,0.4561527146635882,66.552734375,66.09658166033641,3.794583914683882,11.525470215249271,5.307549199868103,16.5568126343156
00000134,constant,1.0,0.024049484420664225,0.9766532267249823,2.0,83.741796875,85.741796875,3.9835599187619692,3.9835599187619706,5.90298115498967,5.90298115498967
00000134,rademacher,1.0,0.024049484420664225,0.9763806381145067,0.0390625,83.741796875,83.780859375,3.9835599187619692,5.005519144468509,5.90298115498967,7.278092960660071
00000134,gaussian,1.0,0.024049484420664225,0.9773201155098764,0.0380859375,83.741796875,83.7037109375,3.9835599187619692,5.501408175905164,5.90298115498967,7.993656087762065
00000134,constant,2.0,0.024049484420664225,0.9543802241588478,4.0,83.741796875,87.741796875,3.9835599187619692,3.9835599187619706,5.90298115498967,5.90298115498967
00000134,rademacher,2.0,0.024049484420664225,0.9533578905935379,0.20703125,83.741796875,83.948828125,3.9835599187619692,7.207042114680173,5.90298115498967,10.39711109145296
00000134,gaussian,2.0,0.024049484420664225,0.953603763617153,0.0859375,83.741796875,83.827734375,3.9835599187619692,8.511121874846669,5.90298115498967,12.09042575274842
00000134,constant,3.0,0.024049484420664225,0.9331045229586618,6.0,83.741796875,89.741796875,3.9835599187619692,3.98355991876197,5.90298115498967,5.90298115498967
00000134,rademacher,3.0,0.024049484420664225,0.9307955906589696,0.01171875,83.741796875,83.753515625,3.9835599187619692,9.804520612483316,5.90298115498967,13.842280092550993
00000134,gaussian,3.0,0.024049484420664225,0.9291721632171591,0.1025390625,83.741796875,83.6392578125,3.9835599187619692,12.224773400080648,5.90298115498967,17.815023331445904
00000135,constant,1.0,0.025896561865889706,0.9751634175731665,2.0,78.68603296154487,80.68603296154487,4.916137373624744,4.916137373624743,7.652449954959802,7.652449954959802
00000135,rademacher,1.0,0.025896561865889706,0.9748473794391587,0.0016647244880942935,78.68603296154487,78.68769768603296,4.916137373624744,5.797747682869459,7.652449954959802,8.922333819119562
00000135,gaussian,1.0,0.025896561865889706,0.9749158111913109,0.07557849175961451,78.68603296154487,78.61045446978525,4.916137373624744,6.411514819457943,7.652449954959802,9.689400190406504
00000135,constant,2.0,0.025896561865889706,0.9515478903752145,4.0,78.68603296154487,82.68603296154487,4.916137373624744,4.916137373624743,7.652449954959802,7.652449954959802
00000135,rademacher,2.0,0.025896561865889706,0.950363575620842,0.08789745297153218,78.68603296154487,78.7739304145164,4.916137373624744,7.917375629364094,7.652449954959802,11.92130984640425
00000135,gaussian,2.0,0.025896561865889706,0.9488982354044269,0.07907441318461395,78.68603296154487,78.76510737472948,4.916137373624744,9.401936735414795,7.652449954959802,13.706980540061648
00000135,constant,3.0,0.025896561865889706,0.9290545919901868,6.0,78.68603296154487,84.68603296154487,4.916137373624744,4.9161373736247445,7.652449954959802,7.652449954959802
00000135,rademacher,3.0,0.025896561865889706,0.9263232664658192,0.23648251199442427,78.68603296154487,78.44955044955044,4.916137373624744,10.399080185429785,7.652449954959802,15.354719240511049
00000135,gaussian,3.0,0.025896561865889706,0.9280568498108744,0.0779970134759509,78.68603296154487,78.76402997502082,4.916137373624744,12.257488718794914,7.652449954959802,17.955654008565208
00000138,constant,1.0,0.02452023061144246,0.9762697597839258,2.0,82.4669921875,84.4669921875,4.055826133737389,4.055826133737389,5.880235381095805,5.880235381095805
00000138,rademacher,1.0,0.02452023061144246,0.9759835085510783,0.0234375,82.4669921875,82.4904296875,4.055826133737389,5.041145466141397,5.880235381095805,7.314616846955727
00000138,gaussian,1.0,0.02452023061144246,0.9759460307205423,0.044921875,82.4669921875,82.4220703125,4.055826133737389,5.665709233269039,5.880235381095805,8.16881403900546
00000138,constant,2.0,0.02452023061144246,0.9536547405799426,4.0,82.4669921875,86.4669921875,4.055826133737389,4.055826133737389,5.880235381095805,5.880235381095805
00000138,rademacher,2.0,0.02452023061144246,0.9525472169296509,0.009765625,82.4669921875,82.4767578125,4.055826133737389,7.273827471082477,5.880235381095805,10.554234841972908
00000138,gaussian,2.0,0.02452023061144246,0.9518733753104962,0.072265625,82.4669921875,82.5392578125,4.055826133737389,8.671711231024622,5.880235381095805,12.31051945829628
00000138,constant,3.0,0.02452023061144246,0.9320760882043855,6.0,82.4669921875,88.4669921875,4.055826133737389,4.05582613373739,5.880235381095805,5.880235381095805
00000138,rademacher,3.0,0.02452023061144246,0.929636107967212,0.08613281249999716,82.4669921875,82.380859375,4.055826133737389,9.881373571167947,5.880235381095805,14.111607597336212
00000138,gaussian,3.0,0.02452023061144246,0.9336771144369744,0.019140625000005684,82.4669921875,82.4861328125,4.055826133737389,11.651355102320405,5.880235381095805,16.43841812441668
00000139,constant,1.0,0.024015050255842572,0.9774417915344128,1.5893729641693852,69.15981270358306,70.74918566775244,6.476510199736873,6.423431904784526,12.363714169486373,12.36476076886759
00000139,rademacher,1.0,0.024015050255842572,0.9742709970316047,0.19014657980456207,69.15981270358306,68.9696661237785,6.476510199736873,7.423057848984578,12.363714169486373,13.478631729187653
00000139,gaussian,1.0,0.024015050255842572,0.9755176659980845,0.14739413680781865,69.15981270358306,69.01241856677524,6.476510199736873,7.841311150947775,12.363714169486373,14.059610138257598
00000139,constant,2.0,0.024015050255842572,0.9560133975062625,3.1724348534201994,69.15981270358306,72.33224755700326,6.476510199736873,6.423431904784526,12.363714169486373,12.36476076886759
00000139,rademacher,2.0,0.024015050255842572,0.9490583202344555,0.4601588652609223,69.15981270358306,68.69965383832213,6.476510199736873,9.182744680945115,12.363714169486373,15.804908612104946
00000139,gaussian,2.0,0.024015050255842572,0.9497833877862376,0.39846063679421206,69.15981270358306,68.76135206678885,6.476510199736873,10.308922064827373,12.363714169486373,17.291993391510566
00000139,constant,3.0,0.024015050255842572,0.935525007505419,4.7554967426710135,69.15981270358306,73.91530944625407,6.476510199736873,6.4234319047845245,12.363714169486373,12.36476076886759
00000139,rademacher,3.0,0.024015050255842572,0.9247571848808827,0.5408717667195191,69.15981270358306,68.61894093686354,6.476510199736873,11.227580322085574,12.363714169486373,18.64737900091797
00000139,gaussian,3.0,0.024015050255842572,0.9217509156052086,0.6058631921824116,69.15981270358306,68.55394951140065,6.476510199736873,13.48599274721463,12.363714169486373,21.780259587993758
00000140,constant,1.0,0.025126953065466938,0.9756151233815281,2.0,80.0999755859375,82.0999755859375,4.134997758022033,4.134997758022034,5.4369785740386884,5.4369785740386884
00000140,rademacher,1.0,0.025126953065466938,0.9753186738113403,0.05078125,80.0999755859375,80.1507568359375,4.134997758022033,5.079224864325349,5.4369785740386884,6.86956684556575
00000140,gaussian,1.0,0.025126953065466938,0.975192573870133,0.0703125,80.0999755859375,80.1702880859375,4.134997758022033,5.716294001636992,5.4369785740386884,7.758200806130961
00000140,constant,2.0,0.025126953065466938,0.9524008587092363,4.0,80.0999755859375,84.0999755859375,4.134997758022033,4.134997758022033,5.4369785740386884,5.4369785740386884
00000140,rademacher,2.0,0.025126953065466938,0.9512145788126531,0.0390625,80.0999755859375,80.0609130859375,4.134997758022033,7.303660507719069,5.4369785740386884,10.109186981642365
00000140,gaussian,2.0,0.025126953065466938,0.9514600087786516,0.0914306640625,80.0999755859375,80.008544921875,4.134997758022033,8.577674319531598,5.4369785740386884,11.976057408994095
00000140,constant,3.0,0.025126953065466938,0.9302762127016444,5.9993896484375,80.0999755859375,86.099365234375,4.134997758022033,4.133224414728982,5.4369785740386884,5.434418374297932
00000140,rademacher,3.0,0.025126953065466938,0.9278852708223694,0.3453369140625,80.0999755859375,80.4453125,4.134997758022033,9.911882750270719,5.4369785740386884,13.850842316294816
00000140,gaussian,3.0,0.025126953065466938,0.9275147450322846,0.219970703125,80.0999755859375,79.8800048828125,4.134997758022033,12.049994990393394,5.4369785740386884,16.745643702834304
00000141,constant,1.0,0.02521098205889178,0.9755716868672125,2.0,79.96435546875,81.96435546875,4.259569137475056,4.259569137475056,5.68604723226734,5.68604723226734
00000141,rademacher,1.0,0.02521098205889178,0.9752767499868125,0.06640625,79.96435546875,80.03076171875,4.259569137475056,5.259160419848422,5.68604723226734,7.099210038072126
00000141,gaussian,1.0,0.02521098205889178,0.9761083970317133,0.1123046875,79.96435546875,80.07666015625,4.259569137475056,5.74968497428309,5.68604723226734,7.960324679320969
00000141,constant,2.0,0.02521098205889178,0.95231670616286,4.0,79.96435546875,83.96435546875,4.259569137475056,4.259569137475056,5.68604723226734,5.68604723226734
00000141,rademacher,2.0,0.02521098205889178,0.9511109189936889,0.13671875,79.96435546875,79.82763671875,4.259569137475056,7.321429538574659,5.68604723226734,10.267405351588312
00000141,gaussian,2.0,0.02521098205889178,0.950517936000834,0.0579833984375,79.96435546875,79.9063720703125,4.259569137475056,8.704178961403723,5.68604723226734,12.028400820119643
00000141,constant,3.0,0.02521098205889178,0.9301551508197745,5.999755859375,79.96435546875,85.964111328125,4.259569137475056,4.258647790517926,5.68604723226734,5.684413346790388
00000141,rademacher,3.0,0.02521098205889178,0.9276523713650809,0.0819091796875,79.96435546875,80.0462646484375,4.259569137475056,9.92038589180506,5.68604723226734,13.693807946150809
00000141,gaussian,3.0,0.02521098205889178,0.9287693523093068,0.17919921875,79.96435546875,79.78515625,4.259569137475056,11.962625033065311,5.68604723226734,17.044450566348416
00000142,constant,1.0,0.0282540249955316,0.9752843400441428,1.7999999999999972,71.0283203125,72.8283203125,3.4761863088422116,3.4761863088422116,5.309276469125512,5.309276469125512
00000142,rademacher,1.0,0.0282540249955316,0.9735781848984069,0.07773437500000568,71.0283203125,70.9505859375,3.4761863088422116,4.572021752535865,5.309276469125512,6.7145561899074435
00000142,gaussian,1.0,0.0282540249955316,0.9743713667427824,0.03339843749999716,71.0283203125,70.994921875,3.4761863088422116,5.1411676007179565,5.309276469125512,7.469045355744802
00000142,constant,2.0,0.0282540249955316,0.9517609402847967,3.5999999999999943,71.0283203125,74.6283203125,3.4761863088422116,3.4761863088422125,5.309276469125512,5.309276469125512
00000142,rademacher,2.0,0.0282540249955316,0.9479790007959117,0.08359375000000568,71.0283203125,70.9447265625,3.4761863088422116,6.738342110992941,5.309276469125512,9.606967675418721
00000142,gaussian,2.0,0.0282540249955316,0.9483303938544342,0.08652343750000568,71.0283203125,70.941796875,3.4761863088422116,8.052542248218865,5.309276469125512,11.552936472737732
00000142,constant,3.0,0.0282540249955316,0.9293455622481236,5.400000000000006,71.0283203125,76.4283203125,3.4761863088422116,3.4761863088422134,5.309276469125512,5.309276469125512
00000142,rademacher,3.0,0.0282540249955316,0.9227404707153984,0.3041015624999943,71.0283203125,70.72421875,3.4761863088422116,9.252473278064048,5.309276469125512,13.325932134990339
00000142,gaussian,3.0,0.0282540249955316,0.9225108867250824,0.29999999999999716,71.0283203125,70.7283203125,3.4761863088422116,11.415822023916132,5.309276469125512,16.239814258912794
00000143,constant,1.0,0.0249833530790318,0.9757853149107307,2.0,80.66629464285714,82.66629464285714,4.355759792251296,4.3557597922512965,5.7261248349984735,5.7261248349984735
00000143,rademacher,1.0,0.0249833530790318,0.9754812999627469,0.048828125,80.66629464285714,80.61746651785714,4.355759792251296,5.268562046688735,5.7261248349984735,7.062943139422393
00000143,gaussian,1.0,0.0249833530790318,0.9776341046969578,0.0595703125,80.66629464285714,80.60672433035714,4.355759792251296,5.712080683682662,5.7261248349984735,7.8112057069874625
00000143,constant,2.0,0.0249833530790318,0.9527187462410135,4.0,80.66629464285714,84.66629464285714,4.355759792251296,4.355759792251297,5.7261248349984735,5.7261248349984735
00000143,rademacher,2.0,0.0249833530790318,0.9515531033364961,0.06640625,80.66629464285714,80.59988839285714,4.355759792251296,7.414210350028122,5.7261248349984735,10.236236555314377
00000143,gaussian,2.0,0.0249833530790318,0.9510248476008195,0.0869140625,80.66629464285714,80.75320870535714,4.355759792251296,8.832109735288734,5.7261248349984735,12.503055056721875
00000143,constant,3.0,0.0249833530790318,0.930725024950903,6.0,80.66629464285714,86.66629464285714,4.355759792251296,4.3557597922512965,5.7261248349984735,5.7261248349984735
00000143,rademacher,3.0,0.0249833530790318,0.9280763549596637,0.3475167410714306,80.66629464285714,80.31877790178571,4.355759792251296,9.940940727085092,5.7261248349984735,13.840666729508376
00000143,gaussian,3.0,0.0249833530790318,0.9274357996927108,0.2087053571428612,80.66629464285714,80.875,4.355759792251296,12.249872364317499,5.7261248349984735,17.12420880667326
00000146,constant,1.0,0.024836524916493914,0.9766916502696126,2.0,84.00206664944459,86.00206664944459,9.172271420991628,9.172271420991628,16.779883910370202,16.779883910370202
00000146,rademacher,1.0,0.024836524916493914,0.9764217714351675,0.10178248514596078,84.00206664944459,84.10384913459055,9.172271420991628,9.908113840884507,16.779883910370202,17.87822834635658
00000146,gaussian,1.0,0.024836524916493914,0.9767321613236815,0.08964091965900423,84.00206664944459,83.91242572978558,9.172271420991628,10.332699511187041,16.779883910370202,18.300099173973855
00000146,constant,2.0,0.024836524916493914,0.9544591194783921,4.0,84.00206664944459,88.00206664944459,9.172271420991628,9.172271420991628,16.779883910370202,16.779883910370202
00000146,rademacher,2.0,0.024836524916493914,0.95340315551404,0.0534889061109709,84.00206664944459,84.05555555555556,9.172271420991628,11.576427726379098,16.779883910370202,19.97058019759866
00000146,gaussian,2.0,0.024836524916493914,0.9538443508911105,0.07034090162859741,84.00206664944459,84.07240755107318,9.172271420991628,12.545071081821561,16.779883910370202,21.264666793125087
00000146,constant,3.0,0.024836524916493914,0.9332349749989953,6.0,84.00206664944459,90.00206664944459,9.172271420991628,9.172271420991628,16.779883910370202,16.779883910370202
00000146,rademacher,3.0,0.024836524916493914,0.931042866927796,0.29646010165389214,84.00206664944459,84.29852675109848,9.172271420991628,13.802429007879516,16.779883910370202,23.303324790619758
00000146,gaussian,3.0,0.024836524916493914,0.9312389367367278,0.16455047868132056,84.00206664944459,83.83751617076327,9.172271420991628,15.349103514372299,16.779883910370202,24.913354708662368
00000147,constant,1.0,0.02403070590198587,0.9827603948933981,1.8488413547237172,109.42459893048128,111.273440285205,28.982317152004804,28.937584481212742,66.18957069312977,66.06209846305521
00000147,rademacher,1.0,0.02403070590198587,0.9818798151001541,0.007235473515862623,109.42459893048128,109.43183440399714,28.982317152004804,28.90188760741345,66.18957069312977,65.74091110083234
00000147,gaussian,1.0,0.02403070590198587,0.9816065871369295,0.005347593582882837,109.42459893048128,109.4192513368984,28.982317152004804,29.19191353505319,66.18957069312977,66.36518547410483
00000147,constant,2.0,0.02403070590198587,0.9663128472189285,3.6966131907308437,109.42459893048128,113.12121212121212,28.982317152004804,28.893184814737374,66.18957069312977,65.93729457222615
00000147,rademacher,2.0,0.02403070590198587,0.9643577219040514,0.08022422064412638,109.42459893048128,109.50482315112541,28.982317152004804,28.985946902098668,66.18957069312977,65.25688530058751
00000147,gaussian,2.0,0.02403070590198587,0.9645270596102284,0.08664705309601572,109.42459893048128,109.5112459835773,28.982317152004804,29.790145042836254,66.18957069312977,66.72190966427424
00000147,constant,3.0,0.02403070590198587,0.9504984060337455,5.543315508021394,109.42459893048128,114.96791443850267,28.982317152004804,28.848821597016624,66.18957069312977,65.81565844547964
00000147,rademacher,3.0,0.02403070590198587,0.9470593486189395,0.003870311292686779,109.42459893048128,109.42846924177397,28.982317152004804,30.408327487716384,66.18957069312977,66.45054597912917
00000147,gaussian,3.0,0.02403070590198587,0.9482504592305337,0.07271962511400432,109.42459893048128,109.49731855559529,28.982317152004804,30.53042290893365,66.18957069312977,66.38316513774295
00000148,constant,1.0,0.025558289614188216,0.9825641827714184,1.6630365150544435,97.1598334401025,98.82286995515695,25.83291431631234,25.775348642769302,55.84965436570962,55.76581163087843
00000148,rademacher,1.0,0.025558289614188216,0.9806012016139906,0.24474212321689492,97.1598334401025,96.91509131688561,25.83291431631234,25.948872746723918,55.84965436570962,55.79961537697682
00000148,gaussian,1.0,0.025558289614188216,0.9809624676431021,0.19285684503998368,97.1598334401025,96.96697659506252,25.83291431631234,26.15397631779508,55.84965436570962,55.96251277742276
00000148,constant,2.0,0.025558289614188216,0.9658960963250297,3.325432415118513,97.1598334401025,100.48526585522102,25.83291431631234,25.721190876067347,55.84965436570962,55.68767623803154
00000148,rademacher,2.0,0.025558289614188216,0.9619676381307243,0.1941283118973729,97.1598334401025,96.96570512820513,25.83291431631234,26.316033475321657,55.84965436570962,55.94095706699364
00000148,gaussian,2.0,0.025558289614188216,0.9610239837371888,0.2964594824373279,97.1598334401025,96.86337395766517,25.83291431631234,27.033394478592907,55.84965436570962,56.164841150924865
00000148,constant,3.0,0.025558289614188216,0.9498917950058748,4.986867392696979,97.1598334401025,102.14670083279948,25.83291431631234,25.67119660531647,55.84965436570962,55.61703076018914
00000148,rademacher,3.0,0.025558289614188216,0.9434625209508708,0.23529907915195736,97.1598334401025,96.92453436095055,25.83291431631234,26.25642606216079,55.84965436570962,54.542710690680295
00000148,gaussian,3.0,0.025558289614188216,0.9434227673562043,0.24644000803553467,97.1598334401025,96.91339343206697,25.83291431631234,27.626150346255596,55.84965436570962,56.1045488143368
00000149,constant,1.0,0.024368783113595513,0.9764419134082383,2.0,83.0234375,85.0234375,4.362367510156561,4.3623675101565595,6.1797739114822035,6.1797739114822035
00000149,rademacher,1.0,0.024368783113595513,0.9761594883284218,0.037109375,83.0234375,83.060546875,4.362367510156561,5.315707393422735,6.1797739114822035,7.5896238724276746
00000149,gaussian,1.0,0.024368783113595513,0.9768521962286607,0.0634765625,83.0234375,83.0869140625,4.362367510156561,5.853229990203641,6.1797739114822035,8.293549449647168
00000149,constant,2.0,0.024368783113595513,0.9539853755100391,4.0,83.0234375,87.0234375,4.362367510156561,4.362367510156558,6.1797739114822035,6.1797739114822035
00000149,rademacher,2.0,0.024368783113595513,0.9529374510960228,0.19140625,83.0234375,83.21484375,4.362367510156561,7.4319104789055475,6.1797739114822035,10.622672295605696
00000149,gaussian,2.0,0.024368783113595513,0.9527108032502997,0.02734375,83.0234375,83.05078125,4.362367510156561,8.871950065680476,6.1797739114822035,12.530772845701083
00000149,constant,3.0,0.024368783113595513,0.9325426339241639,6.0,83.0234375,89.0234375,4.362367510156561,4.36236751015656,6.1797739114822035,6.1797739114822035
00000149,rademacher,3.0,0.024368783113595513,0.9302381503309786,0.146484375,83.0234375,83.169921875,4.362367510156561,9.970916728325381,6.1797739114822035,14.21933202515423
00000149,gaussian,3.0,0.024368783113595513,0.9310339342403371,0.06640625,83.0234375,82.95703125,4.362367510156561,12.01076390945676,6.1797739114822035,16.792999860964542
00000150,constant,1.0,0.026364549922222376,0.9756028772649866,2.0,80.1708232178327,82.1708232178327,18.986596750120427,18.98659675012043,25.926181780116373,25.926181780116373
00000150,rademacher,1.0,0.026364549922222376,0.975292460475007,0.02789614626533421,80.1708232178327,80.19871936409804,18.986596750120427,19.11568455528112,25.926181780116373,25.988035274931246
00000150,gaussian,1.0,0.026364549922222376,0.9762606916664853,0.03209133284073573,80.1708232178327,80.20291455067344,18.986596750120427,19.25078220333814,25.926181780116373,26.2639289860604
00000150,constant,2.0,0.026364549922222376,0.9523953116396151,4.0,80.1708232178327,84.1708232178327,18.986596750120427,18.98659675012043,25.926181780116373,25.926181780116373
00000150,rademacher,2.0,0.026364549922222376,0.9512157123977952,0.02966254061286122,80.1708232178327,80.20048575844557,18.986596750120427,19.82509762016812,25.926181780116373,27.070074118647327
00000150,gaussian,2.0,0.026364549922222376,0.9509545789159767,0.02973246932309337,80.1708232178327,80.14109074850961,18.986596750120427,20.543683734234165,25.926181780116373,28.10977580640486
00000150,constant,3.0,0.026364549922222376,0.9302805069204684,6.0,80.1708232178327,86.1708232178327,18.986596750120427,18.98659675012043,25.926181780116373,25.926181780116373
00000150,rademacher,3.0,0.026364549922222376,0.9278578944438997,0.3091767821672988,80.1708232178327,80.48,18.986596750120427,20.579730753693685,25.926181780116373,27.81830274103008
00000150,gaussian,3.0,0.026364549922222376,0.9287728185032973,0.05996300124856191,80.1708232178327,80.23078621908127,18.986596750120427,22.02426246538009,25.926181780116373,30.385077321424006
00000151,constant,1.0,0.02757858153000507,0.975005040617622,1.875,73.1998291015625,75.0748291015625,4.204468871175885,4.2044688711758855,5.686005133443366,5.686005133443366
00000151,rademacher,1.0,0.02757858153000507,0.9737842583654819,0.1251220703125,73.1998291015625,73.07470703125,4.204468871175885,5.181943116010258,5.686005133443366,7.088847529619558
00000151,gaussian,1.0,0.02757858153000507,0.9745079498955609,0.077392578125,73.1998291015625,73.1224365234375,4.204468871175885,5.698186165023342,5.686005133443366,7.9019468879996095
00000151,constant,2.0,0.02757858153000507,0.9512366527013457,3.75,73.1998291015625,76.9498291015625,4.204468871175885,4.204468871175885,5.686005133443366,5.686005133443366
00000151,rademacher,2.0,0.02757858153000507,0.9482616661839318,0.23876953125,73.1998291015625,72.9610595703125,4.204468871175885,7.215646780031767,5.686005133443366,10.065127951782962
00000151,gaussian,2.0,0.02757858153000507,0.9477890995954737,0.2757568359375,73.1998291015625,72.924072265625,4.204468871175885,8.648293812868848,5.686005133443366,12.388498016547745
00000151,constant,3.0,0.02757858153000507,0.9286067151593616,5.625,73.1998291015625,78.8248291015625,4.204468871175885,4.2044688711758855,5.686005133443366,5.686005133443366
00000151,rademacher,3.0,0.02757858153000507,0.9232530947889175,0.4189453125,73.1998291015625,72.7808837890625,4.204468871175885,9.721769719546879,5.686005133443366,13.919701034184179
00000151,gaussian,3.0,0.02757858153000507,0.9235368060093017,0.13232421875,73.1998291015625,73.0675048828125,4.204468871175885,11.847364846566087,5.686005133443366,16.561082718146274
00000153,constant,1.0,0.02813874284958503,0.9747279893679344,1.8571428571428612,71.732421875,73.58956473214286,3.9004613700576485,3.9004613700576485,5.325307993393432,5.325307993393432
00000153,rademacher,1.0,0.02813874284958503,0.9734068596861434,0.0684988839285694,71.732421875,71.66392299107143,3.9004613700576485,4.933784727091362,5.325307993393432,6.733185010016482
00000153,gaussian,1.0,0.02813874284958503,0.973947776549352,0.0216238839285694,71.732421875,71.75404575892857,3.9004613700576485,5.495790024666417,5.325307993393432,7.423158963246748
00000153,constant,2.0,0.02813874284958503,0.950708874288768,3.714285714285708,71.732421875,75.44670758928571,3.9004613700576485,3.9004613700576485,5.325307993393432,5.325307993393432
00000153,rademacher,2.0,0.02813874284958503,0.9475195560163537,0.1110491071428612,71.732421875,71.62137276785714,3.9004613700576485,7.0850156371258715,5.325307993393432,9.895281328434688
00000153,gaussian,2.0,0.02813874284958503,0.9471178087385081,0.1469029017857082,71.732421875,71.58551897321429,3.9004613700576485,8.463622449395102,5.325307993393432,11.719179001894497
00000153,constant,3.0,0.02813874284958503,0.9278584383826171,5.571428571428569,71.732421875,77.30385044642857,3.9004613700576485,3.9004613700576485,5.325307993393432,5.325307993393432
00000153,rademacher,3.0,0.02813874284958503,0.9224224252326916,0.1590401785714306,71.732421875,71.57338169642857,3.9004613700576485,9.507795495915806,5.325307993393432,13.686702386740205
00000153,gaussian,3.0,0.02813874284958503,0.9231808075642891,0.2176339285714306,71.732421875,71.51478794642857,3.9004613700576485,11.46964281955916,5.325307993393432,16.368164566524978
00000154,constant,1.0,0.019924304210419002,0.983138688722445,1.8054054054054092,106.07274774774774,107.87815315315315,17.29987051896755,17.29987051896755,41.91811368643233,41.918113686432335
00000154,rademacher,1.0,0.019924304210419002,0.9820094786729858,0.11263057785139097,106.07274774774774,105.96011716989635,17.29987051896755,17.77948264746359,41.91811368643233,42.3482231871878
00000154,gaussian,1.0,0.019924304210419002,0.9822659040366601,0.04480723400281761,106.07274774774774,106.02794051374492,17.29987051896755,17.909900060705496,41.91811368643233,42.213826848645425
00000154,constant,2.0,0.019924304210419002,0.9668981067910324,3.6108108108108183,106.07274774774774,109.68355855855856,17.29987051896755,17.29987051896755,41.91811368643233,41.918113686432335
00000154,rademacher,2.0,0.019924304210419002,0.9645302571039689,0.029681231400502384,106.07274774774774,106.04306651634724,17.29987051896755,18.3251720083561,41.91811368643233,42.523944009705104
00000154,gaussian,2.0,0.019924304210419002,0.9645599292995347,0.03187150565199204,106.07274774774774,106.04087624209575,17.29987051896755,19.07278374004209,41.91811368643233,43.3290953550074
00000154,constant,3.0,0.019924304210419002,0.9512084253398602,5.4162162162162275,106.07274774774774,111.48896396396397,17.29987051896755,17.29987051896755,41.91811368643233,41.918113686432335
00000154,rademacher,3.0,0.019924304210419002,0.9470891461937859,0.3108322293379757,106.07274774774774,105.76191551840977,17.29987051896755,19.54649553149694,41.91811368643233,43.471520345351216
00000154,gaussian,3.0,0.019924304210419002,0.9479393209368476,0.33642573090803296,106.07274774774774,106.40917347865577,17.29987051896755,20.417997561689923,41.91811368643233,44.32641132683651
00000155,constant,1.0,0.024020906722776073,0.977982886524027,1.818636363636358,81.24795454545455,83.0665909090909,16.09383236570151,16.036410325761363,17.538949134103234,17.40327361131262
00000155,rademacher,1.0,0.024020906722776073,0.9766884808789118,0.016083665709146544,81.24795454545455,81.2318708797454,16.09383236570151,16.50300561878393,17.538949134103234,18.239025180878812
00000155,gaussian,1.0,0.024020906722776073,0.9773158730773701,0.028764004299475232,81.24795454545455,81.21919054115507,16.09383236570151,16.784185997007103,17.538949134103234,18.75173727982201
00000155,constant,2.0,0.024020906722776073,0.9569938252762024,3.6343181818181733,81.24795454545455,84.88227272727272,16.09383236570151,15.980756185843317,17.538949134103234,17.272220518650318
00000155,rademacher,2.0,0.024020906722776073,0.9538823928518666,0.07529758458102265,81.24795454545455,81.17265696087352,16.09383236570151,17.491125268207927,17.538949134103234,19.8701554176069
00000155,gaussian,2.0,0.024020906722776073,0.9539178573773003,0.06991907478605697,81.24795454545455,81.17803547066849,16.09383236570151,18.40586444564156,17.538949134103234,21.14364302865265
00000155,constant,3.0,0.024020906722776073,0.9369506117494698,5.447727272727278,81.24795454545455,86.69568181818182,16.09383236570151,15.927412091400821,17.538949134103234,17.14350601614587
00000155,rademacher,3.0,0.024020906722776073,0.931600587927987,0.18925147378219265,81.24795454545455,81.05870307167235,16.09383236570151,18.978461863169372,17.538949134103234,21.97208763505528
00000155,gaussian,3.0,0.024020906722776073,0.931666233231476,0.3000710679852716,81.24795454545455,80.94788347746928,16.09383236570151,20.516802365904706,17.538949134103234,25.046658709667625
00000157,constant,1.0,0.025219995941118754,0.9755819077164923,2.0,80.004150390625,82.004150390625,4.263982416424591,4.263982416424593,5.527143256053648,5.527143256053648
00000157,rademacher,1.0,0.025219995941118754,0.9752846640760491,0.029296875,80.004150390625,80.033447265625,4.263982416424591,5.221986456957291,5.527143256053648,6.973296536659527
00000157,gaussian,1.0,0.025219995941118754,0.9763150398140654,0.05859375,80.004150390625,80.062744140625,4.263982416424591,5.749854283160113,5.527143256053648,7.733713874261469
00000157,constant,2.0,0.025219995941118754,0.9523361810527601,4.0,80.004150390625,84.004150390625,4.263982416424591,4.263982416424589,5.527143256053648,5.527143256053648
00000157,rademacher,2.0,0.025219995941118754,0.9512013698487484,0.109375,80.004150390625,80.113525390625,4.263982416424591,7.306792464502397,5.527143256053648,10.204776137380234
00000157,gaussian,2.0,0.025219995941118754,0.9508171361338238,0.099853515625,80.004150390625,80.10400390625,4.263982416424591,8.713867209720062,5.527143256053648,11.815283851926466
00000157,constant,3.0,0.025219995941118754,0.9301843327783621,6.0,80.004150390625,86.004150390625,4.263982416424591,4.263982416424589,5.527143256053648,5.527143256053648
00000157,rademacher,3.0,0.025219995941118754,0.9276393883900007,0.029296875,80.004150390625,79.974853515625,4.263982416424591,9.972992116106443,5.527143256053648,13.995102355297004
00000157,gaussian,3.0,0.025219995941118754,0.9281094081224035,0.109619140625,80.004150390625,80.11376953125,4.263982416424591,12.19445150387751,5.527143256053648,17.45640856569758
00000159,constant,1.0,0.02640479048929753,0.976197835062413,1.8571428571428612,76.23270089285714,78.08984375,3.383041202882936,3.3830412028829357,4.98534569771242,4.98534569771242
00000159,rademacher,1.0,0.02640479048929753,0.9750055593421355,0.0574776785714306,76.23270089285714,76.17522321428571,3.383041202882936,4.4858766313621015,4.98534569771242,6.377691480164558
00000159,gaussian,1.0,0.02640479048929753,0.9750682751261507,0.11202566964284699,76.23270089285714,76.12067522321429,3.383041202882936,5.143495464683668,4.98534569771242,7.361410709090781
00000159,constant,2.0,0.02640479048929753,0.9535107327892339,3.7142857142857224,76.23270089285714,79.94698660714286,3.383041202882936,3.3830412028829357,4.98534569771242,4.98534569771242
00000159,rademacher,2.0,0.02640479048929753,0.9504240705407324,0.294921875,76.23270089285714,75.93777901785714,3.383041202882936,6.765244650590413,4.98534569771242,9.771138042246458
00000159,gaussian,2.0,0.02640479048929753,0.950830596836264,0.1282087053571388,76.23270089285714,76.1044921875,3.383041202882936,8.207692395034163,4.98534569771242,11.767945946475178
00000159,constant,3.0,0.02640479048929753,0.9318589564303889,5.571428571428569,76.23270089285714,81.80412946428571,3.383041202882936,3.383041202882937,4.98534569771242,4.98534569771242
00000159,rademacher,3.0,0.02640479048929753,0.9266699520789065,0.2837611607142776,76.23270089285714,75.94893973214286,3.383041202882936,9.327247717208593,4.98534569771242,13.269423749299941
00000159,gaussian,3.0,0.02640479048929753,0.9285941335405372,0.0998883928571388,76.23270089285714,76.1328125,3.383041202882936,11.356278678259914,4.98534569771242,16.233490421461354
00000160,constant,1.0,0.02486734774689158,0.9776770558490521,1.9074923547400573,83.66870540265036,85.57619775739042,10.185476859336395,10.158857323940548,16.99677866930388,16.93475805131871
00000160,rademacher,1.0,0.02486734774689158,0.9768450604100837,0.08307849133537104,83.66870540265036,83.58562691131499,10.185476859336395,10.97345780443196,16.99677866930388,18.161986253039633
00000160,gaussian,1.0,0.02486734774689158,0.9778176175482471,0.05045871559633497,83.66870540265036,83.61824668705403,10.185476859336395,11.392854445796017,16.99677866930388,18.562884810906784
00000160,constant,2.0,0.02486734774689158,0.9563596216532715,3.8144750254841995,83.66870540265036,87.48318042813456,10.185476859336395,10.13243367923921,16.99677866930388,16.87442911373632
00000160,rademacher,2.0,0.02486734774689158,0.9543345150814275,0.026858085365958573,83.66870540265036,83.69556348801632,10.185476859336395,12.578923620457577,16.99677866930388,20.187191797182592
00000160,gaussian,2.0,0.02486734774689158,0.9562381641143403,0.14181271848008237,83.66870540265036,83.52689268417028,10.185476859336395,13.702452315412534,16.99677866930388,21.681558491267758
00000160,constant,3.0,0.02486734774689158,0.9359599732014312,5.720948012232412,83.66870540265036,89.38965341488277,10.185476859336395,10.106126658136702,16.99677866930388,16.815851680896124
00000160,rademacher,3.0,0.02486734774689158,0.9322330302887559,0.07670744138634689,83.66870540265036,83.59199796126401,10.185476859336395,14.867728381843856,16.99677866930388,23.48094046226802
00000160,gaussian,3.0,0.02486734774689158,0.9303034489651341,0.016564729867482697,83.66870540265036,83.68527013251784,10.185476859336395,16.984110311475384,16.99677866930388,26.234587584155914
00000161,constant,1.0,0.0258296794819125,0.9775016732582902,1.7999999999999972,78.4513671875,80.2513671875,3.64993869521806,3.6499386952180606,5.245946982826879,5.245946982826879
00000161,rademacher,1.0,0.0258296794819125,0.9759415230306,0.1328125,78.4513671875,78.3185546875,3.64993869521806,4.701267715811792,5.245946982826879,6.66960616093647
00000161,gaussian,1.0,0.0258296794819125,0.9766909520527715,0.036718749999991473,78.4513671875,78.4146484375,3.64993869521806,5.227139088369309,5.245946982826879,7.3783557301652305
00000161,constant,2.0,0.0258296794819125,0.9560298307795946,3.6000000000000085,78.4513671875,82.0513671875,3.64993869521806,3.6499386952180606,5.245946982826879,5.245946982826879
00000161,rademacher,2.0,0.0258296794819125,0.9525278875542663,0.173828125,78.4513671875,78.2775390625,3.64993869521806,6.858157093984164,5.245946982826879,9.908424330186282
00000161,gaussian,2.0,0.0258296794819125,0.9527308035812062,0.166015625,78.4513671875,78.2853515625,3.64993869521806,8.253851919603548,5.245946982826879,11.795412370505606
00000161,constant,3.0,0.0258296794819125,0.9355071636708369,5.400000000000006,78.4513671875,83.8513671875,3.64993869521806,3.6499386952180615,5.245946982826879,5.245946982826879
00000161,rademacher,3.0,0.0258296794819125,0.9294406413041907,0.44257812499999716,78.4513671875,78.0087890625,3.64993869521806,9.397887676297842,5.245946982826879,13.336060716182086
00000161,gaussian,3.0,0.0258296794819125,0.9285602528397534,0.40449218749999716,78.4513671875,78.046875,3.64993869521806,11.592461296581854,5.245946982826879,16.401470898539763
00000162,constant,1.0,0.02451693618470151,0.9762263195629446,2.0,82.224609375,84.224609375,3.981622095979412,3.981622095979413,5.681126253983419,5.681126253983419
00000162,rademacher,1.0,0.02451693618470151,0.9759373557688547,0.0078125,82.224609375,82.232421875,3.981622095979412,5.015291350971207,5.681126253983419,7.171900384582173
00000162,gaussian,1.0,0.02451693618470151,0.976565726151311,0.0625,82.224609375,82.162109375,3.981622095979412,5.5735825959902,5.681126253983419,7.993908074891926
00000162,constant,2.0,0.02451693618470151,0.9535657656297191,4.0,82.224609375,86.224609375,3.981622095979412,3.9816220959794113,5.681126253983419,5.681126253983419
00000162,rademacher,2.0,0.02451693618470151,0.9524655064813616,0.03125,82.224609375,82.255859375,3.981622095979412,7.1816554811479305,5.681126253983419,10.072747493430034
00000162,gaussian,2.0,0.02451693618470151,0.952297693612516,0.0283203125,82.224609375,82.2529296875,3.981622095979412,8.62419739885342,5.681126253983419,12.609434181758685
00000162,constant,3.0,0.02451693618470151,0.9319453924914676,6.0,82.224609375,88.224609375,3.981622095979412,3.981622095979412,5.681126253983419,5.681126253983419
00000162,rademacher,3.0,0.02451693618470151,0.9295250539168772,0.041015625,82.224609375,82.18359375,3.981622095979412,9.886526843191863,5.681126253983419,13.953922270992122
00000162,gaussian,3.0,0.02451693618470151,0.929475632608542,0.036458333333328596,82.224609375,82.18815104166667,3.981622095979412,12.026905609996158,5.681126253983419,17.200003002787373
00000163,constant,1.0,0.024380812253598175,0.9763927451549183,2.0,82.8384765625,84.8384765625,4.274929907397125,4.274929907397123,6.162792314563113,6.162792314563113
00000163,rademacher,1.0,0.024380812253598175,0.9761030354155112,0.0390625,82.8384765625,82.7994140625,4.274929907397125,5.18575197181128,6.162792314563113,7.382218008036962
00000163,gaussian,1.0,0.024380812253598175,0.9766458509614152,0.04296875,82.8384765625,82.7955078125,4.274929907397125,5.762948635745722,6.162792314563113,8.184218000208785
00000163,constant,2.0,0.024380812253598175,0.9538872619802702,4.0,82.8384765625,86.8384765625,4.274929907397125,4.274929907397123,6.162792314563113,6.162792314563113
00000163,rademacher,2.0,0.024380812253598175,0.9527878815783415,0.0078125,82.8384765625,82.8462890625,4.274929907397125,7.392398323203976,6.162792314563113,10.417512217065509
00000163,gaussian,2.0,0.024380812253598175,0.953989058949862,0.0517578125,82.8384765625,82.78671875,4.274929907397125,8.535295895010682,6.162792314563113,12.218439174128358
00000163,constant,3.0,0.024380812253598175,0.9324061391802554,6.0,82.8384765625,88.8384765625,4.274929907397125,4.274929907397123,6.162792314563113,6.162792314563113
00000163,rademacher,3.0,0.024380812253598175,0.9300791856747156,0.09375,82.8384765625,82.9322265625,4.274929907397125,10.008369755197354,6.162792314563113,14.378300762731822
00000163,gaussian,3.0,0.024380812253598175,0.9273697383390216,0.21640625000000568,82.8384765625,82.6220703125,4.274929907397125,12.438975564053962,6.162792314563113,18.150628398436723
00000164,constant,1.0,0.025155605606367273,0.9758687416370763,1.9813232421875,80.217529296875,82.1988525390625,4.5421031554826525,4.507109399850979,5.919315002383549,5.8765517312058275
00000164,rademacher,1.0,0.025155605606367273,0.9754368815231449,0.0811767578125,80.217529296875,80.1363525390625,4.5421031554826525,5.4089082508853465,5.919315002383549,7.196524877889516
00000164,gaussian,1.0,0.025155605606367273,0.9763981135339647,0.051025390625,80.217529296875,80.16650390625,4.5421031554826525,5.939327962973463,5.919315002383549,8.01436764219152
00000164,constant,2.0,0.025155605606367273,0.9532008842830866,3.934814453125,80.217529296875,84.15234375,4.5421031554826525,4.445591058232552,5.919315002383549,5.835757088034027
00000164,rademacher,2.0,0.025155605606367273,0.9516762913057427,0.0252685546875,80.217529296875,80.1922607421875,4.5421031554826525,7.471584018805844,5.919315002383549,10.382058574776021
00000164,gaussian,2.0,0.025155605606367273,0.9532867885112838,0.0555419921875,80.217529296875,80.2730712890625,4.5421031554826525,8.680265009090974,5.919315002383549,12.12939702453345
00000164,constant,3.0,0.025155605606367273,0.9318845450768003,5.859375,80.217529296875,86.076904296875,4.5421031554826525,4.377306036268476,5.919315002383549,5.822781008216722
00000164,rademacher,3.0,0.025155605606367273,0.9286698929461797,0.122802734375,80.217529296875,80.34033203125,4.5421031554826525,9.950566605279974,5.919315002383549,13.639180445880951
00000164,gaussian,3.0,0.025155605606367273,0.9285685959735566,0.1387939453125,80.217529296875,80.0787353515625,4.5421031554826525,12.06108296990342,5.919315002383549,16.825147885666283
00000165,constant,1.0,0.024308248480148106,0.9767905035953642,2.0,84.26455862977602,86.26455862977602,5.662043610124358,5.662043610124358,9.236142639011184,9.236142639011184
00000165,rademacher,1.0,0.024308248480148106,0.9765028555879542,0.08801054018445598,84.26455862977602,84.17654808959156,5.662043610124358,6.444773340216932,9.236142639011184,10.27527784955025
00000165,gaussian,1.0,0.024308248480148106,0.9763283620833514,0.0018445322793070318,84.26455862977602,84.26271409749671,5.662043610124358,6.982937712495788,9.236142639011184,11.04716269562522
00000165,constant,2.0,0.024308248480148106,0.9546453307857654,4.0,84.26455862977602,88.26455862977602,5.662043610124358,5.662043610124358,9.236142639011184,9.236142639011184
00000165,rademacher,2.0,0.024308248480148106,0.9535963939863126,0.04374176548090247,84.26455862977602,84.30830039525692,5.662043610124358,8.389151825370263,9.236142639011184,12.797994004642305
00000165,gaussian,2.0,0.024308248480148106,0.9540487950905553,0.03978919631093447,84.26455862977602,84.30434782608695,5.662043610124358,9.602125501084835,9.236142639011184,14.807518541402219
00000165,constant,3.0,0.024308248480148106,0.9334847454262553,6.0,84.26455862977602,90.26455862977602,5.662043610124358,5.662043610124358,9.236142639011184,9.236142639011184
00000165,rademacher,3.0,0.024308248480148106,0.931242249705074,0.14281949934124327,84.26455862977602,84.40737812911726,5.662043610124358,10.76921605263634,9.236142639011184,16.512801451217364
00000165,gaussian,3.0,0.024308248480148106,0.931005252059646,0.14202898550725251,84.26455862977602,84.40658761528327,5.662043610124358,13.019646359995889,9.236142639011184,19.685370820769208
00000167,constant,1.0,0.023832653825874846,0.9768105661715739,1.7142857142857224,72.23577008928571,73.95005580357143,3.392751408118371,3.392751408118372,5.036766602294324,5.036766602294324
00000167,rademacher,1.0,0.023832653825874846,0.9746413245280787,0.095703125,72.23577008928571,72.14006696428571,3.392751408118371,4.506687625156443,5.036766602294324,6.414069462790176
00000167,gaussian,1.0,0.023832653825874846,0.9761821553316108,0.1040736607142776,72.23577008928571,72.13169642857143,3.392751408118371,4.987454799838791,5.036766602294324,7.031073535653607
00000167,constant,2.0,0.023832653825874846,0.9546722570391307,3.4285714285714306,72.23577008928571,75.66434151785714,3.392751408118371,3.392751408118371,5.036766602294324,5.036766602294324
00000167,rademacher,2.0,0.023832653825874846,0.949664524530759,0.3546316964285694,72.23577008928571,71.88113839285714,3.392751408118371,6.624385713443919,5.036766602294324,9.583855710548306
00000167,gaussian,2.0,0.023832653825874846,0.9496095157089539,0.248744419642847,72.23577008928571,71.98702566964286,3.392751408118371,8.016676717150089,5.036766602294324,11.593583380227733
00000167,constant,3.0,0.023832653825874846,0.9335202379879203,5.142857142857153,72.23577008928571,77.37862723214286,3.392751408118371,3.392751408118371,5.036766602294324,5.036766602294324
00000167,rademacher,3.0,0.023832653825874846,0.9254331636993149,0.4775390625,72.23577008928571,71.75823102678571,3.392751408118371,9.082337715044064,5.036766602294324,13.169444300767621
00000167,gaussian,3.0,0.023832653825874846,0.9279205195764176,0.2289341517857082,72.23577008928571,72.0068359375,3.392751408118371,10.858191618415658,5.036766602294324,15.464511347564402
00000168,constant,1.0,0.02162103736349563,0.9789969176363766,2.0,93.3662109375,95.3662109375,3.8275687372550906,3.8275687372550915,5.365073332155291,5.365073332155291
00000168,rademacher,1.0,0.02162103736349563,0.9787683284457478,0.01953125,93.3662109375,93.3466796875,3.8275687372550906,4.864131609196316,5.365073332155291,6.811992373378512
00000168,gaussian,1.0,0.02162103736349563,0.9791283334771727,0.0966796875,93.3662109375,93.26953125,3.8275687372550906,5.40609452133554,5.365073332155291,7.669606081255668
00000168,constant,2.0,0.02162103736349563,0.9588707682226368,4.0,93.3662109375,97.3662109375,3.8275687372550906,3.827568737255092,5.365073332155291,5.365073332155291
00000168,rademacher,2.0,0.02162103736349563,0.9579749844592148,0.1171875,93.3662109375,93.2490234375,3.8275687372550906,7.090574209547931,5.365073332155291,10.030652130857229
00000168,gaussian,2.0,0.02162103736349563,0.9583144153401313,0.015625,93.3662109375,93.3818359375,3.8275687372550906,8.485755499519206,5.365073332155291,12.3297136096767
00000168,constant,3.0,0.02162103736349563,0.9395646875368548,6.0,93.3662109375,99.3662109375,3.8275687372550906,3.827568737255092,5.365073332155291,5.365073332155291
00000168,rademacher,3.0,0.02162103736349563,0.9377084148992183,0.162109375,93.3662109375,93.5283203125,3.8275687372550906,9.71310715790922,5.365073332155291,13.628876112006239
00000168,gaussian,3.0,0.02162103736349563,0.9389298013782196,0.029296875,93.3662109375,93.3955078125,3.8275687372550906,11.70615659936408,5.365073332155291,16.351233106961498
00000170,constant,1.0,0.024202041634860463,0.9806138113906545,1.8062350119903954,92.71990407673862,94.52613908872901,20.700973421647255,20.667796118355813,45.35094205564346,45.29139047593955
00000170,rademacher,1.0,0.024202041634860463,0.9793683164156773,0.04140119765992267,92.71990407673862,92.67850287907869,20.700973421647255,20.974194274426917,45.35094205564346,45.60293052421558
00000170,gaussian,1.0,0.024202041634860463,0.980259364886576,0.0350755248932586,92.71990407673862,92.75497960163187,20.700973421647255,21.000334525511718,45.35094205564346,45.285007872839486
00000170,constant,2.0,0.024202041634860463,0.9621254369280102,3.6103117505995215,92.71990407673862,96.33021582733814,20.700973421647255,20.643043960100844,45.35094205564346,45.2586849245907
00000170,rademacher,2.0,0.024202041634860463,0.9592962004879175,0.17800731803512804,92.71990407673862,92.54189675870349,20.700973421647255,21.390138658865144,45.35094205564346,45.404935033717656
00000170,gaussian,2.0,0.024202041634860463,0.9601670275600557,0.2596590611248786,92.71990407673862,92.46024501561374,20.700973421647255,21.906083159725366,45.35094205564346,45.825016679121504
00000170,constant,3.0,0.024202041634860463,0.9444043938857052,5.4129496402877635,92.71990407673862,98.13285371702638,20.700973421647255,20.62263886836671,45.35094205564346,45.24390602776201
00000170,rademacher,3.0,0.024202041634860463,0.9398828452723647,0.04211515403061128,92.71990407673862,92.76201923076923,20.700973421647255,22.2401552709391,45.35094205564346,46.07132918826129
00000170,gaussian,3.0,0.024202041634860463,0.9398284692730687,0.1313010471642002,92.71990407673862,92.58860302957441,20.700973421647255,23.62476870888218,45.35094205564346,47.751746116914624
00000171,constant,1.0,0.025184010559410434,0.9755640274345806,2.0,79.90771484375,81.90771484375,4.314247048289716,4.314247048289716,5.549294032773133,5.549294032773133
00000171,rademacher,1.0,0.025184010559410434,0.9752637168996066,0.013671875,79.90771484375,79.92138671875,4.314247048289716,5.307784334754336,5.549294032773133,7.072310956025573
00000171,gaussian,1.0,0.025184010559410434,0.9760807290487532,0.013671875,79.90771484375,79.92138671875,4.314247048289716,5.7866089899523185,5.549294032773133,7.6684716276744656
00000171,constant,2.0,0.025184010559410434,0.9523021147333015,4.0,79.90771484375,83.90771484375,4.314247048289716,4.314247048289716,5.549294032773133,5.549294032773133
00000171,rademacher,2.0,0.025184010559410434,0.9511394147815488,0.0390625,79.90771484375,79.94677734375,4.314247048289716,7.419015099640358,5.549294032773133,10.060548212170577
00000171,gaussian,2.0,0.025184010559410434,0.9497919663572222,0.018798828125,79.90771484375,79.926513671875,4.314247048289716,8.894420198672245,5.549294032773133,12.141917808466658
00000171,constant,3.0,0.025184010559410434,0.9301382457047774,5.9990234375,79.90771484375,85.90673828125,4.314247048289716,4.310740434482933,5.549294032773133,5.547835479118681
00000171,rademacher,3.0,0.025184010559410434,0.9275888627250009,0.030029296875,79.90771484375,79.877685546875,4.314247048289716,9.934960077619323,5.549294032773133,13.966475232913819
00000171,gaussian,3.0,0.025184010559410434,0.928537954816747,0.0648193359375,79.90771484375,79.8428955078125,4.314247048289716,12.060417701989588,5.549294032773133,16.838421759795118
00000172,constant,1.0,0.027943882893230493,0.9751500875319652,1.8593599780249974,73.06647438538663,74.92583436341162,7.345036014943688,7.3450360149436875,10.908368373143945,10.908368373143945
00000172,rademacher,1.0,0.027943882893230493,0.9739389744455723,0.02540859772010151,73.06647438538663,73.04106578766653,7.345036014943688,8.106038809091404,10.908368373143945,11.878847942631795
00000172,gaussian,1.0,0.027943882893230493,0.9747229023461647,0.017442658975426184,73.06647438538663,73.0490317264112,7.345036014943688,8.520100498541911,10.908368373143945,12.450283480007501
00000172,constant,2.0,0.027943882893230493,0.9515154767334746,3.718719956049995,73.06647438538663,76.78519434143662,7.345036014943688,7.3450360149436875,10.908368373143945,10.908368373143945
00000172,rademacher,2.0,0.027943882893230493,0.9484741885161306,0.13734377145996746,73.06647438538663,72.92913061392666,7.345036014943688,9.799861853128725,10.908368373143945,14.307067485109236
00000172,gaussian,2.0,0.027943882893230493,0.9483511549703584,0.09971157807993336,73.06647438538663,72.9667628073067,7.345036014943688,11.051530741938437,10.908368373143945,15.526880727218998
00000172,constant,3.0,0.027943882893230493,0.9290123941900815,5.578079934074992,73.06647438538663,78.64455431946162,7.345036014943688,7.345036014943688,10.908368373143945,10.908368373143945
00000172,rademacher,3.0,0.027943882893230493,0.9234093563433513,0.4550199148468721,73.06647438538663,72.61145447053975,7.345036014943688,12.04149327922674,10.908368373143945,17.27711899888159
00000172,gaussian,3.0,0.027943882893230493,0.9247583010464568,0.09202734595812956,73.06647438538663,72.9744470394285,7.345036014943688,13.9057928500162,10.908368373143945,19.386702647349008
00000174,constant,1.0,0.02526671237825603,0.9778452265943794,1.7999999999999972,79.4734375,81.2734375,3.7160635191403086,3.7160635191403104,5.640551686665263,5.640551686665263
00000174,rademacher,1.0,0.02526671237825603,0.9763624967811211,0.051367187500005684,79.4734375,79.4220703125,3.7160635191403086,4.774757008411903,5.640551686665263,7.061758973449381
00000174,gaussian,1.0,0.02526671237825603,0.977036947010209,0.08730468750000853,79.4734375,79.3861328125,3.7160635191403086,5.321392043863057,5.640551686665263,7.748757316476755
00000174,constant,2.0,0.02526671237825603,0.9566530930840559,3.5999999999999943,79.4734375,83.0734375,3.7160635191403086,3.7160635191403095,5.640551686665263,5.640551686665263
00000174,rademacher,2.0,0.02526671237825603,0.9533139548850506,0.13515625000000853,79.4734375,79.33828125,3.7160635191403086,6.840511541838926,5.640551686665263,9.962693659939756
00000174,gaussian,2.0,0.02526671237825603,0.9530839406415288,0.13535156250000568,79.4734375,79.3380859375,3.7160635191403086,8.323869715836452,5.640551686665263,11.84990515692363
00000174,constant,3.0,0.02526671237825603,0.9363643476499935,5.3999999999999915,79.4734375,84.8734375,3.7160635191403086,3.716063519140308,5.640551686665263,5.640551686665263
00000174,rademacher,3.0,0.02526671237825603,0.9304206927237123,0.4833984375,79.4734375,78.9900390625,3.7160635191403086,9.355995018127803,5.640551686665263,13.564844707497468
00000174,gaussian,3.0,0.02526671237825603,0.9318653718542409,0.30195312499999716,79.4734375,79.171484375,3.7160635191403086,11.393783064040136,5.640551686665263,16.18960101045797
00000176,constant,1.0,0.017553418382160537,0.9856190215423206,1.8085867620751372,124.79226296958855,126.60084973166369,17.76039351243559,17.720131330348725,39.95450627997162,39.853860000822635
00000176,rademacher,1.0,0.017553418382160537,0.9847440559639622,0.0456738396399885,124.79226296958855,124.74658912994856,17.76039351243559,18.01220976018656,39.95450627997162,40.135074961018965
00000176,gaussian,1.0,0.017553418382160537,0.9852994574736212,0.06810189576304992,124.79226296958855,124.7241610738255,17.76039351243559,18.08564154187721,39.95450627997162,40.191573174445736
00000176,constant,2.0,0.017553418382160537,0.9716999533266922,3.6162790697674296,124.79226296958855,128.40854203935598,17.76039351243559,17.679371966617644,39.95450627997162,39.755148819572824
00000176,rademacher,2.0,0.017553418382160537,0.9697885783203163,0.0410325445326265,124.79226296958855,124.75123042505592,17.76039351243559,18.396127439290954,39.95450627997162,40.196893545361895
00000176,gaussian,2.0,0.017553418382160537,0.9702495489812543,0.09418776815614649,124.79226296958855,124.6980752014324,17.76039351243559,19.122421515267458,39.95450627997162,41.07483876707864
00000176,constant,3.0,0.017553418382160537,0.9581932275226774,5.42307692307692,124.79226296958855,130.21533989266547,17.76039351243559,17.6386281915369,39.95450627997162,39.66157059899021
00000176,rademacher,3.0,0.017553418382160537,0.9548386756753908,0.5257456123657107,124.79226296958855,124.26651735722284,17.76039351243559,19.08820259712175,39.95450627997162,40.27475488006973
00000176,gaussian,3.0,0.017553418382160537,0.9542372792253194,0.03963256887217881,124.79226296958855,124.75263040071637,17.76039351243559,20.42544763087292,39.95450627997162,41.7502405944277
00000178,constant,1.0,0.011977854896180317,0.9901758915727958,1.6666666666666572,168.28645833333334,169.953125,2.9202268262396784,2.9202268262396807,4.564706849600999,4.564706849600999
00000178,rademacher,1.0,0.011977854896180317,0.9890954098701459,0.1826171875,168.28645833333334,168.10384114583334,2.9202268262396784,4.056556130312715,4.564706849600999,5.924069158566712
00000178,gaussian,1.0,0.011977854896180317,0.9894076115829105,0.119140625,168.28645833333334,168.16731770833334,2.9202268262396784,4.751529100173438,4.564706849600999,7.0042346421825785
00000178,constant,2.0,0.011977854896180317,0.9805447913643683,3.3333333333333144,168.28645833333334,171.61979166666666,2.9202268262396784,2.9202268262396793,4.564706849600999,4.564706849600999
00000178,rademacher,2.0,0.011977854896180317,0.9783859159839637,0.3444010416666856,168.28645833333334,167.94205729166666,2.9202268262396784,6.243194322645451,4.564706849600999,9.10722833453921
00000178,gaussian,2.0,0.011977854896180317,0.9784078959717596,0.3271484375,168.28645833333334,167.95930989583334,2.9202268262396784,7.678967197275249,4.564706849600999,11.004606058236007
00000178,constant,3.0,0.011977854896180317,0.9711101885473942,5.0,168.28645833333334,173.28645833333334,2.9202268262396784,2.920226826239679,4.564706849600999,4.564706849600999
00000178,rademacher,3.0,0.011977854896180317,0.9679702012936906,0.330078125,168.28645833333334,167.95638020833334,2.9202268262396784,8.84179268533102,4.564706849600999,12.39857945097692
00000178,gaussian,3.0,0.011977854896180317,0.9680052771655825,0.5335286458333428,168.28645833333334,167.7529296875,2.9202268262396784,10.947845101607578,4.564706849600999,15.436753253710156
00000179,constant,1.0,0.02414867362929182,0.9765213905274612,2.0,83.259765625,85.259765625,3.9956724785057682,3.995672478505766,5.8947843938922855,5.8947843938922855
00000179,rademacher,1.0,0.02414867362929182,0.9762333637023282,0.015625,83.259765625,83.244140625,3.9956724785057682,5.02044294977384,5.8947843938922855,7.28391400468149
00000179,gaussian,1.0,0.02414867362929182,0.9771040350340041,0.0341796875,83.259765625,83.2255859375,3.9956724785057682,5.521310541417833,5.8947843938922855,7.98729709654498
00000179,constant,2.0,0.02414867362929182,0.9541306581253399,4.0,83.259765625,87.259765625,3.9956724785057682,3.9956724785057673,5.8947843938922855,5.8947843938922855
00000179,rademacher,2.0,0.02414867362929182,0.9529801415641787,0.2109375,83.259765625,83.048828125,3.9956724785057682,7.184966307322315,5.8947843938922855,10.282110107961971
00000179,gaussian,2.0,0.02414867362929182,0.9537164392605634,0.05585937499999716,83.259765625,83.20390625,3.9956724785057682,8.53764079214049,5.8947843938922855,12.173485598531743
00000179,constant,3.0,0.02414867362929182,0.9327498304194657,6.0,83.259765625,89.259765625,3.9956724785057682,3.9956724785057687,5.8947843938922855,5.8947843938922855
00000179,rademacher,3.0,0.02414867362929182,0.9304351367495067,0.12890625,83.259765625,83.388671875,3.9956724785057682,9.868925601157475,5.8947843938922855,14.36797222892356
00000179,gaussian,3.0,0.02414867362929182,0.9305735757970985,0.0107421875,83.259765625,83.2705078125,3.9956724785057682,11.91168273563162,5.8947843938922855,16.688817929062544
00000182,constant,1.0,0.02804559287723538,0.974670177668355,1.8571428571428612,71.466796875,73.32393973214286,3.7880672198236027,3.7880672198236054,5.238421208282652,5.238421208282652
00000182,rademacher,1.0,0.02804559287723538,0.9733723592024233,0.0587332589285694,71.466796875,71.40806361607143,3.7880672198236027,4.788822846453561,5.238421208282652,6.716493819850598
00000182,gaussian,1.0,0.02804559287723538,0.9730976972276518,0.1351841517857082,71.466796875,71.33161272321429,3.7880672198236027,5.406706112796106,5.238421208282652,7.613382927769791
00000182,constant,2.0,0.02804559287723538,0.9505936188295373,3.714285714285708,71.466796875,75.18108258928571,3.7880672198236027,3.7880672198236036,5.238421208282652,5.238421208282652
00000182,rademacher,2.0,0.02804559287723538,0.9471147802036626,0.326171875,71.466796875,71.140625,3.7880672198236027,6.9222279542648435,5.238421208282652,9.550466047703491
00000182,gaussian,2.0,0.02804559287723538,0.9487763362819053,0.1393694196428612,71.466796875,71.32742745535714,3.7880672198236027,8.15012505996746,5.238421208282652,11.339269746566165
00000182,constant,3.0,0.02804559287723538,0.9276778761702975,5.571428571428569,71.466796875,77.03822544642857,3.7880672198236027,3.7880672198236023,5.238421208282652,5.238421208282652
00000182,rademacher,3.0,0.02804559287723538,0.9219724533446152,0.333984375,71.466796875,71.1328125,3.7880672198236027,9.52862682679868,5.238421208282652,13.667738623680103
00000182,gaussian,3.0,0.02804559287723538,0.9221649523293933,0.1625341216806362,71.466796875,71.30426275331936,3.7880672198236027,11.628324059901717,5.238421208282652,16.259648415678356
00000183,constant,1.0,0.026895734983704005,0.9739525824199393,1.7777777777777715,66.52115885416667,68.29893663194444,3.833613916467693,3.833613916467693,5.488956314108197,5.488956314108197
00000183,rademacher,1.0,0.026895734983704005,0.9718583688774919,0.20518663194444287,66.52115885416667,66.31597222222223,3.833613916467693,4.845170914160069,5.488956314108197,6.8592859810007845
00000183,gaussian,1.0,0.026895734983704005,0.9729541218788106,0.1383463541666714,66.52115885416667,66.3828125,3.833613916467693,5.389743530238657,5.488956314108197,7.486623025641641
00000183,constant,2.0,0.026895734983704005,0.9492320627542307,3.555555555555557,66.52115885416667,70.07671440972223,3.833613916467693,3.8336139164676926,5.488956314108197,5.488956314108197
00000183,rademacher,2.0,0.026895734983704005,0.9446142159970887,0.25542534722222854,66.52115885416667,66.26573350694444,3.833613916467693,6.91988889185694,5.488956314108197,9.724461619458822
00000183,gaussian,2.0,0.026895734983704005,0.9448160163188013,0.20323350694444287,66.52115885416667,66.31792534722223,3.833613916467693,8.277777284972982,5.488956314108197,11.645586397924697
00000183,constant,3.0,0.026895734983704005,0.9257423649366966,5.333333333333329,66.52115885416667,71.8544921875,3.833613916467693,3.833613916467693,5.488956314108197,5.488956314108197
00000183,rademacher,3.0,0.026895734983704005,0.9180864092025973,0.3072916666666714,66.52115885416667,66.2138671875,3.833613916467693,9.421360581655254,5.488956314108197,13.4450362886272
00000183,gaussian,3.0,0.026895734983704005,0.9180367982683167,0.33871908859254063,66.52115885416667,66.18243976557413,3.833613916467693,11.529565467250281,5.488956314108197,15.931306769808662
00000184,constant,1.0,0.012124321471430298,0.9910176578703609,1.5,165.603515625,167.103515625,2.711208035349811,2.711208035349811,4.244592109430036,4.244592109430036
00000184,rademacher,1.0,0.012124321471430298,0.98955743849073,0.20703125,165.603515625,165.396484375,2.711208035349811,3.9312278494024673,4.244592109430036,5.8104516268276605
00000184,gaussian,1.0,0.012124321471430298,0.9897836661959716,0.255859375,165.603515625,165.34765625,2.711208035349811,4.527841339545223,4.244592109430036,6.5212863684802755
00000184,constant,2.0,0.012124321471430298,0.9821980886185925,3.0,165.603515625,168.603515625,2.711208035349811,2.7112080353498107,4.244592109430036,4.244592109430036
00000184,rademacher,2.0,0.012124321471430298,0.9789182761834367,0.462890625,165.603515625,165.140625,2.711208035349811,5.984775162705838,4.244592109430036,8.58513371675858
00000184,gaussian,2.0,0.012124321471430298,0.9778732627225089,0.58203125,165.603515625,165.021484375,2.711208035349811,7.62088069487576,4.244592109430036,10.72085194319399
00000184,constant,3.0,0.012124321471430298,0.9735369088216045,4.5,165.603515625,170.103515625,2.711208035349811,2.7112080353498103,4.244592109430036,4.244592109430036
00000184,rademacher,3.0,0.012124321471430298,0.9689032370648285,0.6533203125,165.603515625,164.9501953125,2.711208035349811,8.341604134541086,4.244592109430036,12.119724333996189
00000184,gaussian,3.0,0.012124321471430298,0.9687576381856908,0.8349609375,165.603515625,164.7685546875,2.711208035349811,10.474210653612703,4.244592109430036,15.011733981123754
00000185,constant,1.0,0.032043957245564636,0.9711993373298855,1.826761038085614,61.648466464442194,63.47522750252781,16.006805512345746,15.994753336416318,19.639172527976754,19.626050151970166
00000185,rademacher,1.0,0.032043957245564636,0.9693577207301852,0.0903269295584721,61.648466464442194,61.55813953488372,16.006805512345746,16.359873304617786,19.639172527976754,20.150250057138557
00000185,gaussian,1.0,0.032043957245564636,0.9693370498367291,0.174870958824215,61.648466464442194,61.47359550561798,16.006805512345746,16.594283091021293,19.639172527976754,20.306528622941602
00000185,constant,2.0,0.032043957245564636,0.9440290547236292,3.653185035389285,61.648466464442194,65.30165149983148,16.006805512345746,15.982895002312246,19.639172527976754,19.613017117738128
00000185,rademacher,2.0,0.032043957245564636,0.9394766312745417,0.32636782384001606,61.648466464442194,61.32209864060218,16.006805512345746,17.274101445920714,19.639172527976754,21.416002835284797
00000185,gaussian,2.0,0.032043957245564636,0.9412267086248077,0.2025114082624171,61.648466464442194,61.44595505617978,16.006805512345746,17.94958238487067,19.639172527976754,22.309487179635948
00000185,constant,3.0,0.032043957245564636,0.9183437795499619,5.479384338838329,61.648466464442194,67.12785080328052,16.006805512345746,15.971239064326127,19.639172527976754,19.600324871771168
00000185,rademacher,3.0,0.032043957245564636,0.9109174660627173,0.15273612736353925,61.648466464442194,61.495730337078655,16.006805512345746,18.531045630189958,19.639172527976754,23.167032960165077
00000185,gaussian,3.0,0.032043957245564636,0.9115749076257109,0.05329777873119923,61.648466464442194,61.70176424317339,16.006805512345746,19.8191139313441,19.639172527976754,24.891651908870124
00000186,constant,1.0,0.02553605948690566,0.9776992553528313,1.7999999999999972,79.0138671875,80.8138671875,3.72983657200002,3.72983657200002,5.792815859945952,5.792815859945952
00000186,rademacher,1.0,0.02553605948690566,0.976178082760879,0.07695312500000284,79.0138671875,78.9369140625,3.72983657200002,4.776705318062187,5.792815859945952,7.050596236945429
00000186,gaussian,1.0,0.02553605948690566,0.9765114129344961,0.1611328125,79.0138671875,78.852734375,3.72983657200002,5.320857232520085,5.792815859945952,7.730284001510168
00000186,constant,2.0,0.02553605948690566,0.9563782427886149,3.6000000000000085,79.0138671875,82.6138671875,3.72983657200002,3.7298365720000204,5.792815859945952,5.792815859945952
00000186,rademacher,2.0,0.02553605948690566,0.9527933542022479,0.353515625,79.0138671875,78.6603515625,3.72983657200002,6.8866706865473,5.792815859945952,9.977201397856772
00000186,gaussian,2.0,0.02553605948690566,0.9540012602394455,0.0615234375,79.0138671875,79.075390625,3.72983657200002,8.098986163082326,5.792815859945952,11.69123976719836
00000186,constant,3.0,0.02553605948690566,0.9359737897907904,5.400000000000006,79.0138671875,84.4138671875,3.72983657200002,3.72983657200002,5.792815859945952,5.792815859945952
00000186,rademacher,3.0,0.02553605948690566,0.9303068504140045,0.11601562500000284,79.0138671875,78.8978515625,3.72983657200002,9.376991484744611,5.792815859945952,13.463041609291611
00000186,gaussian,3.0,0.02553605948690566,0.9312422389913076,0.05937500000000284,79.0138671875,78.9544921875,3.72983657200002,11.479210879466665,5.792815859945952,16.76562487792763
00000187,constant,1.0,0.025202866879594114,0.9755548498957164,2.0,79.881591796875,81.881591796875,4.2827986299127705,4.282798629912771,5.578119089766497,5.578119089766497
00000187,rademacher,1.0,0.025202866879594114,0.9752511783536102,0.001953125,79.881591796875,79.883544921875,4.2827986299127705,5.246983040257339,5.578119089766497,7.093362884813909
00000187,gaussian,1.0,0.025202866879594114,0.9759499440099726,0.0693359375,79.881591796875,79.950927734375,4.2827986299127705,5.7871733572246455,5.578119089766497,7.929073669765346
00000187,constant,2.0,0.025202866879594114,0.9522873990767744,4.0,79.881591796875,83.881591796875,4.2827986299127705,4.282798629912769,5.578119089766497,5.578119089766497
00000187,rademacher,2.0,0.025202866879594114,0.9510758567394149,0.11328125,79.881591796875,79.768310546875,4.2827986299127705,7.341852689879518,5.578119089766497,10.049183988062005
00000187,gaussian,2.0,0.025202866879594114,0.9529522732123162,0.022216796875,79.881591796875,79.859375,4.2827986299127705,8.513257083062609,5.578119089766497,11.939703305403508
00000187,constant,3.0,0.025202866879594114,0.9301079395402122,6.0,79.881591796875,85.881591796875,4.2827986299127705,4.2827986299127705,5.578119089766497,5.578119089766497
00000187,rademacher,3.0,0.025202866879594114,0.9275680802897454,0.005859375,79.881591796875,79.875732421875,4.2827986299127705,9.966347642820018,5.578119089766497,13.865269625653294
00000187,gaussian,3.0,0.025202866879594114,0.9274521663445794,0.266357421875,79.881591796875,79.615234375,4.2827986299127705,12.134783052987952,5.578119089766497,16.98226864298957
00000188,constant,1.0,0.0240951713567215,0.9765566709236805,2.0,83.3375,85.3375,3.991910675268585,3.991910675268585,5.63529790374458,5.63529790374458
00000188,rademacher,1.0,0.0240951713567215,0.9762904495162261,0.083984375,83.3375,83.421484375,3.991910675268585,5.05339484119448,5.63529790374458,7.121490024398456
00000188,gaussian,1.0,0.0240951713567215,0.9764613492157258,0.03515625,83.3375,83.30234375,3.991910675268585,5.589231798538419,5.63529790374458,7.985195404543873
00000188,constant,2.0,0.0240951713567215,0.9541894768856448,4.0,83.3375,87.3375,3.991910675268585,3.991910675268586,5.63529790374458,5.63529790374458
00000188,rademacher,2.0,0.0240951713567215,0.9530732143061648,0.12890625,83.3375,83.20859375,3.991910675268585,7.2564972372781495,5.63529790374458,10.169325531872069
00000188,gaussian,2.0,0.0240951713567215,0.9535623001731451,0.076171875,83.3375,83.261328125,3.991910675268585,8.58869607601803,5.63529790374458,12.270361529789165
00000188,constant,3.0,0.0240951713567215,0.9328280222470967,6.0,83.3375,89.3375,3.991910675268585,3.991910675268585,5.63529790374458,5.63529790374458
00000188,rademacher,3.0,0.0240951713567215,0.9305200369920656,0.08203125,83.3375,83.41953125,3.991910675268585,9.861379285882231,5.63529790374458,13.786756215386749
00000188,gaussian,3.0,0.0240951713567215,0.9291719998733599,0.056054687500008527,83.3375,83.2814453125,3.991910675268585,12.357647046469738,5.63529790374458,17.23299811890166
00000190,constant,1.0,0.024766086362089577,0.9759098817388852,2.0,81.0726318359375,83.0726318359375,4.291688971399056,4.291688971399056,5.435644229816681,5.435644229816681
00000190,rademacher,1.0,0.024766086362089577,0.9756061271100067,0.056640625,81.0726318359375,81.0159912109375,4.291688971399056,5.25669087097728,5.435644229816681,6.922232105882664
00000190,gaussian,1.0,0.024766086362089577,0.9760455708251532,0.04248046875,81.0726318359375,81.1151123046875,4.291688971399056,5.808771245595504,5.435644229816681,7.831086970145382
00000190,constant,2.0,0.024766086362089577,0.9529640673024218,3.9998779296875,81.0726318359375,85.072509765625,4.291688971399056,4.2912243316920256,5.435644229816681,5.434943596142134
00000190,rademacher,2.0,0.024766086362089577,0.9518255168269054,0.00390625,81.0726318359375,81.0765380859375,4.291688971399056,7.374996063067766,5.435644229816681,10.152451193563557
00000190,gaussian,2.0,0.024766086362089577,0.9516450501511,0.05859375,81.0726318359375,81.0140380859375,4.291688971399056,8.849282125260784,5.435644229816681,12.442259355245932
00000190,constant,3.0,0.024766086362089577,0.931115557007404,5.99609375,81.0726318359375,87.0687255859375,4.291688971399056,4.280755095644523,5.435644229816681,5.421318558886767
00000190,rademacher,3.0,0.024766086362089577,0.9287275710810818,0.2791748046875,81.0726318359375,81.351806640625,4.291688971399056,9.946896750952842,5.435644229816681,13.884395839593637
00000190,gaussian,3.0,0.024766086362089577,0.9310294207418992,0.0390625,81.0726318359375,81.1116943359375,4.291688971399056,11.767208888571744,5.435644229816681,16.382186341093444
00000191,constant,1.0,0.03185208297082101,0.9702186122394328,1.84997287032013,60.286941580756015,62.136914451076144,9.032500585553644,9.027722705112078,13.624554137232607,13.619842071254022
00000191,rademacher,1.0,0.03185208297082101,0.9685552989706563,0.0809368782781732,60.286941580756015,60.20600470247784,9.032500585553644,9.710063307098714,13.624554137232607,14.42207118056644
00000191,gaussian,1.0,0.03185208297082101,0.9694741740344346,0.003579403325026931,60.286941580756015,60.29052098408104,9.032500585553644,10.079297626131442,13.624554137232607,14.877764905267675
00000191,constant,2.0,0.03185208297082101,0.9421637809564324,3.69994574064026,60.286941580756015,63.986887321396274,9.032500585553644,9.022954261686372,13.624554137232607,13.615282545168172
00000191,rademacher,2.0,0.03185208297082101,0.9380089167748281,0.1277807921866554,60.286941580756015,60.15916078856936,9.032500585553644,11.2731331631382,13.624554137232607,16.627891544627794
00000191,gaussian,2.0,0.03185208297082101,0.9380991489268921,0.008075150726305935,60.286941580756015,60.29501673148232,9.032500585553644,12.303957546157385,13.624554137232607,17.866745009243676
00000191,constant,3.0,0.03185208297082101,0.9156895926507918,5.549918610960397,60.286941580756015,65.83686019171641,9.032500585553644,9.018199867652818,13.624554137232607,13.61088006649457
00000191,rademacher,3.0,0.03185208297082101,0.908457859746022,0.1294562799871315,60.286941580756015,60.15748530076888,9.032500585553644,13.24210844730452,13.624554137232607,19.063833022613988
00000191,gaussian,3.0,0.03185208297082101,0.9090689559583789,0.2742635219310401,60.286941580756015,60.561205102687055,9.032500585553644,14.896683689761176,13.624554137232607,21.35813657470978
00000192,constant,1.0,0.028019839389704867,0.9749431367466228,1.8249608652340896,71.19396613063897,73.01892699587306,18.715943765537787,18.70158866371566,25.14813360475627,25.135234519050588
00000192,rademacher,1.0,0.028019839389704867,0.9734136600074196,0.05621175466059469,71.19396613063897,71.13775437597837,18.715943765537787,19.005615937965203,25.14813360475627,25.517065675630533
00000192,gaussian,1.0,0.028019839389704867,0.974702372134091,0.02984018677231859,71.19396613063897,71.16412594386665,18.715943765537787,19.065747824215542,25.14813360475627,25.409040348009267
00000192,constant,2.0,0.028019839389704867,0.9511438247155888,3.6494948057492422,71.19396613063897,74.84346093638821,18.715943765537787,18.688517364816022,25.14813360475627,25.125925771596236
00000192,rademacher,2.0,0.028019839389704867,0.9473968510263221,0.12395329732940752,71.19396613063897,71.07001283330956,18.715943765537787,19.597209260283016,25.14813360475627,26.165750564337195
00000192,gaussian,2.0,0.028019839389704867,0.94730856783445,0.016605175814945028,71.19396613063897,71.21057130645391,18.715943765537787,20.378214074239057,25.14813360475627,27.229301607180894
00000192,constant,3.0,0.028019839389704867,0.9284925409426793,5.473886438024749,71.19396613063897,76.66785256866372,18.715943765537787,18.676453579697963,25.14813360475627,25.11740831977621
00000192,rademacher,3.0,0.028019839389704867,0.9223655976059197,0.016259519175363835,71.19396613063897,71.21022564981433,18.715943765537787,20.489224373357896,25.14813360475627,27.27717718251342
00000192,gaussian,3.0,0.028019839389704867,0.9219666024677771,0.030430384144636946,71.19396613063897,71.2243965147836,18.715943765537787,21.894949883144815,25.14813360475627,29.396581969356355
00000193,constant,1.0,0.02417712895377129,0.97660705324148,2.0,83.62679036458333,85.62679036458333,3.8117863249081725,3.8117863249081716,5.237835267893385,5.237835267893385
00000193,rademacher,1.0,0.02417712895377129,0.9763264662258739,0.025390625,83.62679036458333,83.60139973958333,3.8117863249081725,4.846780965189172,5.237835267893385,6.7715436778000795
00000193,gaussian,1.0,0.02417712895377129,0.9768124139098583,0.0078125,83.62679036458333,83.63460286458333,3.8117863249081725,5.399596198614456,5.237835267893385,7.598165774077006
00000193,constant,2.0,0.02417712895377129,0.9542941845173083,4.0,83.62679036458333,87.62679036458333,3.8117863249081725,3.811786324908171,5.237835267893385,5.237835267893385
00000193,rademacher,2.0,0.02417712895377129,0.9532220659240391,0.0022786458333285964,83.62679036458333,83.62451171875,3.8117863249081725,7.086706815717733,5.237835267893385,9.96466541011419
00000193,gaussian,2.0,0.02417712895377129,0.9529583399027786,0.0927734375,83.62679036458333,83.71956380208333,3.8117863249081725,8.570563047367598,5.237835267893385,12.326626875173146
00000193,constant,3.0,0.02417712895377129,0.9329815092598982,6.0,83.62679036458333,89.62679036458333,3.8117863249081725,3.8117863249081743,5.237835267893385,5.237835267893385
00000193,rademacher,3.0,0.02417712895377129,0.9306323289772183,0.052734375,83.62679036458333,83.57405598958333,3.8117863249081725,9.75378777248787,5.237835267893385,13.432520621972948
00000193,gaussian,3.0,0.02417712895377129,0.93040571913025,0.10400390625,83.62679036458333,83.52278645833333,3.8117863249081725,11.940414801412055,5.237835267893385,16.795925508526214
00000194,constant,1.0,0.02615785792894821,0.9764778957510222,1.8571428571428612,77.20521763392857,79.06236049107143,3.5903421783688194,3.5903421783688194,5.051169333492658,5.051169333492658
00000194,rademacher,1.0,0.02615785792894821,0.975250944780545,0.03125,77.20521763392857,77.17396763392857,3.5903421783688194,4.660426091602157,5.051169333492658,6.539132734863704
00000194,gaussian,1.0,0.02615785792894821,0.9765955774377151,0.0419921875,77.20521763392857,77.16322544642857,3.5903421783688194,5.170590482594025,5.051169333492658,7.361494530081388
00000194,constant,2.0,0.02615785792894821,0.954045163492671,3.7142857142857224,77.20521763392857,80.91950334821429,3.5903421783688194,3.5903421783688194,5.051169333492658,5.051169333492658
00000194,rademacher,2.0,0.02615785792894821,0.9512804276852471,0.0577566964285694,77.20521763392857,77.1474609375,3.5903421783688194,6.837057678553931,5.051169333492658,9.740471414774536
00000194,gaussian,2.0,0.02615785792894821,0.9515408243017465,0.0778459821428612,77.20521763392857,77.12737165178571,3.5903421783688194,8.14404219266934,5.051169333492658,11.572559173026997
00000194,constant,3.0,0.02615785792894821,0.9326341300632688,5.571428571428569,77.20521763392857,82.77664620535714,3.5903421783688194,3.5903421783688203,5.051169333492658,5.051169333492658
00000194,rademacher,3.0,0.02615785792894821,0.9276838857856379,0.1929408482142776,77.20521763392857,77.01227678571429,3.5903421783688194,9.371915289750389,5.051169333492658,13.101063453473769
00000194,gaussian,3.0,0.02615785792894821,0.9278636744380846,0.2798549107142776,77.20521763392857,76.92536272321429,3.5903421783688194,11.546485181352478,5.051169333492658,16.493912143853787
00000196,constant,1.0,0.030192405047370193,0.975267715859328,1.773351040283302,70.41854803010182,72.19189907038512,10.511694697737157,10.511694697737157,20.74550187792783,20.74550187792783
00000196,rademacher,1.0,0.030192405047370193,0.973382271201493,0.07857017849606507,70.41854803010182,70.33997785160575,10.511694697737157,11.150534265886881,20.74550187792783,21.410019314480067
00000196,gaussian,1.0,0.030192405047370193,0.9737967249790261,0.14125013419926802,70.41854803010182,70.27729789590255,10.511694697737157,11.605977493660012,20.74550187792783,21.968179478824315
00000196,constant,2.0,0.030192405047370193,0.9518004860354591,3.546702080566618,70.41854803010182,73.96525011066844,10.511694697737157,10.511694697737159,20.74550187792783,20.74550187792783
00000196,rademacher,2.0,0.030192405047370193,0.9474333102293429,0.2021582183631665,70.41854803010182,70.21638981173865,10.511694697737157,12.820041045901283,20.74550187792783,23.748844928936716
00000196,gaussian,2.0,0.030192405047370193,0.947900165776386,0.2896158192023961,70.41854803010182,70.12893221089942,10.511694697737157,13.959094586395132,20.74550187792783,25.393411965333648
00000196,constant,3.0,0.030192405047370193,0.9294605202783469,5.320053120849934,70.41854803010182,75.73860115095175,10.511694697737157,10.511694697737159,20.74550187792783,20.74550187792783
00000196,rademacher,3.0,0.030192405047370193,0.9223538817002747,0.24025345645840446,70.41854803010182,70.17829457364341,10.511694697737157,14.829200400542685,20.74550187792783,26.395856829870848
00000196,gaussian,3.0,0.030192405047370193,0.9228605427861164,0.12032186602199602,70.41854803010182,70.29822616407982,10.511694697737157,16.26474967351903,20.74550187792783,28.177984134757992
00000197,constant,1.0,0.027625352249132637,0.9749540740547724,1.875,73.0826416015625,74.9576416015625,3.461039605914926,3.461039605914925,5.0608267943413585,5.0608267943413585
00000197,rademacher,1.0,0.027625352249132637,0.9737764890613042,0.0772705078125,73.0826416015625,73.00537109375,3.461039605914926,4.56810523453051,5.0608267943413585,6.599841262619049
00000197,gaussian,1.0,0.027625352249132637,0.9736267541762174,0.05615234375,73.0826416015625,73.0264892578125,3.461039605914926,5.245733187081104,5.0608267943413585,7.46385223666398
00000197,constant,2.0,0.027625352249132637,0.9511441794843685,3.75,73.0826416015625,76.8326416015625,3.461039605914926,3.4610396059149267,5.0608267943413585,5.0608267943413585
00000197,rademacher,2.0,0.027625352249132637,0.9483614535487462,0.02685546875,73.0826416015625,73.0557861328125,3.461039605914926,6.836218006685728,5.0608267943413585,9.897777742506978
00000197,gaussian,2.0,0.027625352249132637,0.9492690125153918,0.062744140625,73.0826416015625,73.0198974609375,3.461039605914926,8.140424718285091,5.0608267943413585,11.706716151558988
00000197,constant,3.0,0.027625352249132637,0.9284781502804109,5.625,73.0826416015625,78.7076416015625,3.461039605914926,3.4610396059149258,5.0608267943413585,5.0608267943413585
00000197,rademacher,3.0,0.027625352249132637,0.9232581113302807,0.236572265625,73.0826416015625,72.8460693359375,3.461039605914926,9.4663540826932,5.0608267943413585,13.56226851992672
00000197,gaussian,3.0,0.027625352249132637,0.9210700975957035,0.22900390625,73.0826416015625,72.8536376953125,3.461039605914926,11.759186166159466,5.0608267943413585,17.08956303313996
00000198,constant,1.0,0.02711807199699835,0.9747936874014754,1.9244384765625,74.50732421875,76.4317626953125,5.7250465200736365,5.662841782049491,8.465497162359355,8.580724560041515
00000198,rademacher,1.0,0.02711807199699835,0.9739653334756612,0.0216064453125,74.50732421875,74.4857177734375,5.7250465200736365,6.534232758683669,8.465497162359355,9.76374311522947
00000198,gaussian,1.0,0.02711807199699835,0.9756957712908929,0.06005859375,74.50732421875,74.447265625,5.7250465200736365,7.0136811033398665,8.465497162359355,10.391308455873242
00000198,constant,2.0,0.02711807199699835,0.9508638820945051,3.8466796875,74.50732421875,78.35400390625,5.7250465200736365,5.599289873561025,8.465497162359355,8.697155706650594
00000198,rademacher,2.0,0.02711807199699835,0.9485747084903534,0.2337646484375,74.50732421875,74.2735595703125,5.7250465200736365,8.467845851391335,8.465497162359355,12.698663337695459
00000198,gaussian,2.0,0.02711807199699835,0.9502019315750023,0.0528564453125,74.50732421875,74.4544677734375,5.7250465200736365,9.62759069230414,8.465497162359355,14.131206676522272
00000198,constant,3.0,0.02711807199699835,0.9281203286501348,5.7659912109375,74.50732421875,80.2733154296875,5.7250465200736365,5.533983877670885,8.465497162359355,8.809524157095566
00000198,rademacher,3.0,0.02711807199699835,0.9238025518004124,0.1571044921875,74.50732421875,74.3502197265625,5.7250465200736365,10.877011187397496,8.465497162359355,15.898240226817325
00000198,gaussian,3.0,0.02711807199699835,0.9232760415680782,0.17236328125,74.50732421875,74.3349609375,5.7250465200736365,12.920255261081694,8.465497162359355,19.157859943612024
00000199,constant,1.0,0.026031087908952043,0.9768948214227149,1.8333333333333428,77.57112630208333,79.40445963541667,3.7068294751337856,3.706829475133787,5.103877188797628,5.103877188797628
00000199,rademacher,1.0,0.026031087908952043,0.9756326614382824,0.029947916666657193,77.57112630208333,77.54117838541667,3.7068294751337856,4.74639329439454,5.103877188797628,6.666037590845629
00000199,gaussian,1.0,0.026031087908952043,0.9762701103397335,0.109375,77.57112630208333,77.46175130208333,3.7068294751337856,5.2298290231504065,5.103877188797628,7.218810894806336
00000199,constant,2.0,0.026031087908952043,0.9548408812239043,3.6666666666666714,77.57112630208333,81.23779296875,3.7068294751337856,3.706829475133786,5.103877188797628,5.103877188797628
00000199,rademacher,2.0,0.026031087908952043,0.9518244107137003,0.0970052083333286,77.57112630208333,77.47412109375,3.7068294751337856,6.842843192720422,5.103877188797628,9.643797175228652
00000199,gaussian,2.0,0.026031087908952043,0.9529044285793393,0.1588541666666572,77.57112630208333,77.41227213541667,3.7068294751337856,8.037256407919791,5.103877188797628,11.283970748103998
00000199,constant,3.0,0.026031087908952043,0.9337662057763784,5.5,77.57112630208333,83.07112630208333,3.7068294751337856,3.706829475133786,5.103877188797628,5.103877188797628
00000199,rademacher,3.0,0.026031087908952043,0.9281965377938576,0.3828125,77.57112630208333,77.18831380208333,3.7068294751337856,9.409921098463974,5.103877188797628,13.310178278271572
00000199,gaussian,3.0,0.026031087908952043,0.9295111314752829,0.2350260416666572,77.57112630208333,77.33610026041667,3.7068294751337856,11.38152829892917,5.103877188797628,16.206990763672376
00000409,constant,1.0,0.017971840042020328,0.9848160873665833,1.7162743609212896,111.80460642875221,113.5208807896735,20.60715075288294,20.529257590400096,41.714555801605776,41.57131776828683
00000409,rademacher,1.0,0.017971840042020328,0.9833968487942548,0.1799544419134378,111.80460642875221,111.62465198683877,20.60715075288294,20.898731421286914,41.714555801605776,41.91503423142353
00000409,gaussian,1.0,0.017971840042020328,0.9835597609427534,0.029922884448410514,111.80460642875221,111.7746835443038,20.60715075288294,20.983017238219283,41.714555801605776,41.88950040206987
00000409,constant,2.0,0.017971840042020328,0.9702057088884252,3.422171602126056,111.80460642875221,115.22677803087826,20.60715075288294,20.454461222083186,41.714555801605776,41.43252690598095
00000409,rademacher,2.0,0.017971840042020328,0.9671122469915523,0.31017604900537776,111.80460642875221,111.49443037974683,20.60715075288294,21.35106800101527,41.714555801605776,42.11462550055167
00000409,gaussian,2.0,0.017971840042020328,0.9686562098042018,0.4324545300180347,111.80460642875221,111.37215189873417,20.60715075288294,21.793222565060287,41.714555801605776,42.36573225212962
00000409,constant,3.0,0.017971840042020328,0.9561321857492922,5.117185522652505,111.80460642875221,116.92179195140471,20.60715075288294,20.38254367232057,41.714555801605776,41.295790671056125
00000409,rademacher,3.0,0.017971840042020328,0.9511761672594163,0.36083743179172245,111.80460642875221,111.44376899696049,20.60715075288294,22.20944241461269,41.714555801605776,42.828977551697996
00000409,gaussian,3.0,0.017971840042020328,0.9508332133801335,0.5432082524604169,111.80460642875221,111.26139817629179,20.60715075288294,23.10150017407123,41.714555801605776,43.56889214568138
00000410,constant,1.0,0.024219715134328447,0.976611990062948,2.0,83.598876953125,85.598876953125,4.460020943496442,4.460020943496441,6.325386682072938,6.325386682072938
00000410,rademacher,1.0,0.024219715134328447,0.9763294310519997,0.01953125,83.598876953125,83.579345703125,4.460020943496442,5.379107586815654,6.325386682072938,7.6745234686714525
00000410,gaussian,1.0,0.024219715134328447,0.975905977359579,0.068359375,83.598876953125,83.667236328125,4.460020943496442,6.013871829184479,6.325386682072938,8.526172165264668
00000410,constant,2.0,0.024219715134328447,0.9543009553962609,4.0,83.598876953125,87.598876953125,4.460020943496442,4.460020943496442,6.325386682072938,6.325386682072938
00000410,rademacher,2.0,0.024219715134328447,0.9532287825509136,0.015625,83.598876953125,83.614501953125,4.460020943496442,7.4829762914718625,6.325386682072938,10.808818432976901
00000410,gaussian,2.0,0.024219715134328447,0.9539885706456273,0.0693359375,83.598876953125,83.529541015625,4.460020943496442,8.730621051268093,6.325386682072938,12.74475181739542
00000410,constant,3.0,0.024219715134328447,0.9329967274936852,6.0,83.598876953125,89.598876953125,4.460020943496442,4.460020943496442,6.325386682072938,6.325386682072938
00000410,rademacher,3.0,0.024219715134328447,0.9306816292367568,0.0703125,83.598876953125,83.669189453125,4.460020943496442,10.080420685399838,6.325386682072938,14.117965471752159
00000410,gaussian,3.0,0.024219715134328447,0.9315187176339443,0.0986328125,83.598876953125,83.500244140625,4.460020943496442,12.140231209660675,6.325386682072938,17.16449498323198
00000411,constant,1.0,0.027814556383809762,0.9751222905245218,1.9269853217914914,75.81570693764898,77.74269225944047,18.827551812695265,18.781839498797286,22.427043473450983,22.332309575512554
00000411,rademacher,1.0,0.027814556383809762,0.9743074348616177,0.02762663651974151,75.81570693764898,75.78808030112924,18.827551812695265,19.22027255281664,22.427043473450983,22.94532093918215
00000411,gaussian,1.0,0.027814556383809762,0.9759507866549835,0.04288779258941133,75.81570693764898,75.8585947302384,18.827551812695265,19.372157102879463,22.427043473450983,23.143338580042247
00000411,constant,2.0,0.027814556383809762,0.9516681314596583,3.83879061598293,75.81570693764898,79.65449755363191,18.827551812695265,18.715046304911127,22.427043473450983,22.21542184229259
00000411,rademacher,2.0,0.027814556383809762,0.9494638541192719,0.010461612012136356,75.81570693764898,75.80524532563685,18.827551812695265,20.143845181618254,22.427043473450983,24.333813649969105
00000411,gaussian,2.0,0.027814556383809762,0.9501203145944025,0.10755135421109685,75.81570693764898,75.70815558343789,18.827551812695265,20.81795043864009,22.427043473450983,25.313682664298735
00000411,constant,3.0,0.027814556383809762,0.9302543274463948,5.670681219420388,75.81570693764898,81.48638815706937,18.827551812695265,18.61030699066253,22.427043473450983,22.090340220377858
00000411,rademacher,3.0,0.027814556383809762,0.9256479957119338,0.14464770070118504,75.81570693764898,75.6710592369478,18.827551812695265,21.364935082694632,22.427043473450983,26.416178732256512
00000411,gaussian,3.0,0.027814556383809762,0.9277066079055817,0.19579232187801665,75.81570693764898,75.61991461577097,18.827551812695265,22.266837700744855,22.427043473450983,27.45970429059413
00000412,constant,1.0,0.029762956932662385,0.973181594363921,1.9006941334527454,69.0397447380206,70.94043887147335,12.441081108327214,12.41027437830098,19.97930743124492,19.959725574129283
00000412,rademacher,1.0,0.029762956932662385,0.9721211171383245,0.005719987623294287,69.0397447380206,69.0454647256439,12.441081108327214,12.757255690952892,19.97930743124492,20.326229704196653
00000412,gaussian,1.0,0.029762956932662385,0.9727020720866436,0.15428958182309316,69.0397447380206,68.88545515619751,12.441081108327214,13.11249658319178,19.97930743124492,20.644092513023352
00000412,constant,2.0,0.029762956932662385,0.9480248936883308,3.7826914464845487,69.0397447380206,72.82243618450515,12.441081108327214,12.37224130668743,19.97930743124492,19.970713925466086
00000412,rademacher,2.0,0.029762956932662385,0.9450938544328875,0.1090616473151158,69.0397447380206,68.93068309070549,12.441081108327214,13.924905500692757,19.97930743124492,21.69565547939617
00000412,gaussian,2.0,0.029762956932662385,0.9472886764877636,0.06494678588489933,69.0397447380206,69.1046915239055,12.441081108327214,14.638914593200328,19.97930743124492,22.57066064656732
00000412,constant,3.0,0.029762956932662385,0.9246515156967887,5.623040752351102,69.0397447380206,74.6627854903717,12.441081108327214,12.323658263836704,19.97930743124492,20.050295277230653
00000412,rademacher,3.0,0.029762956932662385,0.919291966543474,0.019487150905604267,69.0397447380206,69.0592318889262,12.441081108327214,15.562071975010035,19.97930743124492,23.61050584291551
00000412,gaussian,3.0,0.029762956932662385,0.921637135013726,0.09956996768674742,69.0397447380206,68.94017477033385,12.441081108327214,16.824769983124558,19.97930743124492,25.22041022414354
00000413,constant,1.0,0.02757877070776338,0.9745005627462014,1.955266711681304,74.8394665766374,76.79473328831871,7.3569024814075235,7.350833955578911,14.873304973254195,14.865047876487509
00000413,rademacher,1.0,0.02757877070776338,0.9738549864820927,0.037170442921379276,74.8394665766374,74.80229613371603,7.3569024814075235,7.989791629118283,14.873304973254195,15.605389876102297
00000413,gaussian,1.0,0.02757877070776338,0.9743156712726754,0.07798784604996456,74.8394665766374,74.76147873058744,7.3569024814075235,8.462575323412622,14.873304973254195,16.053222484840553
00000413,constant,2.0,0.02757877070776338,0.9502855280983658,3.9103646185010206,74.8394665766374,78.74983119513843,7.3569024814075235,7.345803535184107,14.873304973254195,14.85937316498852
00000413,rademacher,2.0,0.02757877070776338,0.9483831516060701,0.12028386809299718,74.8394665766374,74.71918270854441,7.3569024814075235,9.662682901561322,14.873304973254195,17.502189559311766
00000413,gaussian,2.0,0.02757877070776338,0.9496612576332438,0.0772845209647528,74.8394665766374,74.91675109760216,7.3569024814075235,10.66202066170868,14.873304973254195,18.807308681116176
00000413,constant,3.0,0.02757877070776338,0.9272583138285968,5.8652937204591495,74.8394665766374,80.70476029709656,7.3569024814075235,7.341689229855307,14.873304973254195,14.856340212937782
00000413,rademacher,3.0,0.02757877070776338,0.9236576471430462,0.03844629063716809,74.8394665766374,74.87791286727457,7.3569024814075235,11.808217869621961,14.873304973254195,20.168400121263975
00000413,gaussian,3.0,0.02757877070776338,0.9234855175137295,0.008532072239475497,74.8394665766374,74.84799864887688,7.3569024814075235,13.761345757351492,14.873304973254195,22.374299628182474
00000414,constant,1.0,0.025941577654379284,0.9762842620635727,1.7777453696951966,73.19542073793204,74.97316610762724,10.683372111519175,10.693679497875415,11.579414367856756,11.711758524612844
00000414,rademacher,1.0,0.025941577654379284,0.9744832473719438,0.11637742452967359,73.19542073793204,73.07904331340237,10.683372111519175,11.30650590476437,11.579414367856756,12.426382676558253
00000414,gaussian,1.0,0.025941577654379284,0.9753192176509047,0.10456467843080475,73.19542073793204,73.09085605950123,10.683372111519175,11.700635495772701,11.579414367856756,13.232831994106453
00000414,constant,2.0,0.025941577654379284,0.9536854586325296,3.5540323756744954,73.19542073793204,76.74945311360653,10.683372111519175,10.70422888383722,11.579414367856756,11.85393982655375
00000414,rademacher,2.0,0.025941577654379284,0.9494064129590591,0.33702785474697805,73.19542073793204,72.85839288318506,10.683372111519175,12.75790450183047,11.579414367856756,14.749858421768613
00000414,gaussian,2.0,0.025941577654379284,0.9504021943177287,0.17237859122064947,73.19542073793204,73.02304214671139,10.683372111519175,13.714668410050393,11.579414367856756,16.225325674637382
00000414,constant,3.0,0.025941577654379284,0.9321178646777405,5.329881872539019,73.19542073793204,78.52530261047106,10.683372111519175,10.716613048003005,11.579414367856756,12.004649015160265
00000414,rademacher,3.0,0.025941577654379284,0.9253301440558688,0.36167420154586694,73.19542073793204,72.83374653638617,10.683372111519175,14.639714458287148,11.579414367856756,17.76037431431854
00000414,gaussian,3.0,0.025941577654379284,0.9266618115297333,0.1665451363570014,73.19542073793204,73.02887560157504,10.683372111519175,16.10142327567441,11.579414367856756,19.88891559013184
00000415,constant,1.0,0.02739816969338879,0.9767469758424033,1.75,73.5517578125,75.3017578125,3.9249288534188342,3.924928853418834,6.250312422708937,6.250312422708937
00000415,rademacher,1.0,0.02739816969338879,0.9748505232914721,0.09765625,73.5517578125,73.4541015625,3.9249288534188342,4.9711511975329055,6.250312422708937,7.487488772221699
00000415,gaussian,1.0,0.02739816969338879,0.9752181993708503,0.241943359375,73.5517578125,73.309814453125,3.9249288534188342,5.445447291336631,6.250312422708937,8.065768439553187
00000415,constant,2.0,0.02739816969338879,0.9545568324762439,3.5,73.5517578125,77.0517578125,3.9249288534188342,3.9249288534188347,6.250312422708937,6.250312422708937
00000415,rademacher,2.0,0.02739816969338879,0.9500326085898488,0.37109375,73.5517578125,73.1806640625,3.9249288534188342,6.935308341693732,6.250312422708937,10.15286992652685
00000415,gaussian,2.0,0.02739816969338879,0.9500586858265623,0.260498046875,73.5517578125,73.291259765625,3.9249288534188342,8.327807504758935,6.250312422708937,12.314459840753742
00000415,constant,3.0,0.02739816969338879,0.933355433556814,5.25,73.5517578125,78.8017578125,3.9249288534188342,3.9249288534188347,6.250312422708937,6.250312422708937
00000415,rademacher,3.0,0.02739816969338879,0.925980396868882,0.350830078125,73.5517578125,73.200927734375,3.9249288534188342,9.38712681712586,6.250312422708937,13.605758991882416
00000415,gaussian,3.0,0.02739816969338879,0.9266780319295524,0.309326171875,73.5517578125,73.242431640625,3.9249288534188342,11.446326962395005,6.250312422708937,16.648823289193132
00000416,constant,1.0,0.027233439579966892,0.9753506053323114,1.875,74.2630615234375,76.1380615234375,3.8966282629739233,3.8966282629739237,5.4313938653293885,5.4313938653293885
00000416,rademacher,1.0,0.027233439579966892,0.9742047324869092,0.04833984375,74.2630615234375,74.2147216796875,3.8966282629739233,4.940467872175622,5.4313938653293885,6.92194504949952
00000416,gaussian,1.0,0.027233439579966892,0.9740081146506949,0.1002197265625,74.2630615234375,74.162841796875,3.8966282629739233,5.54164263405619,5.4313938653293885,7.609414488881277
00000416,constant,2.0,0.027233439579966892,0.9518946103436837,3.75,74.2630615234375,78.0130615234375,3.8966282629739233,3.896628262973922,5.4313938653293885,5.4313938653293885
00000416,rademacher,2.0,0.027233439579966892,0.9490753059072068,0.081787109375,74.2630615234375,74.1812744140625,3.8966282629739233,7.036729333250706,5.4313938653293885,9.841523315843553
00000416,gaussian,2.0,0.027233439579966892,0.949313769158546,0.0032958984375,74.2630615234375,74.259765625,3.8966282629739233,8.411731124956649,5.4313938653293885,11.657108577223017
00000416,constant,3.0,0.027233439579966892,0.9295445585705074,5.625,74.2630615234375,79.8880615234375,3.8966282629739233,3.896628262973923,5.4313938653293885,5.4313938653293885
00000416,rademacher,3.0,0.027233439579966892,0.9245345792082738,0.2337646484375,74.2630615234375,74.029296875,3.8966282629739233,9.554682415293787,5.4313938653293885,13.556367059703808
00000416,gaussian,3.0,0.027233439579966892,0.9248405927967747,0.1976318359375,74.2630615234375,74.0654296875,3.8966282629739233,11.643624749885934,5.4313938653293885,17.089986973883736
00000417,constant,1.0,0.024164779328068344,0.9765256601979018,2.0,83.220947265625,85.220947265625,4.148496118300603,4.148496118300603,5.715133921142963,5.715133921142963
00000417,rademacher,1.0,0.024164779328068344,0.9762474164644769,0.00390625,83.220947265625,83.224853515625,4.148496118300603,5.130960063855606,5.715133921142963,7.13892645118824
00000417,gaussian,1.0,0.024164779328068344,0.976584137885032,0.046875,83.220947265625,83.174072265625,4.148496118300603,5.710211472261513,5.715133921142963,8.04301857178326
00000417,constant,2.0,0.024164779328068344,0.9541281322077166,4.0,83.220947265625,87.220947265625,4.148496118300603,4.148496118300603,5.715133921142963,5.715133921142963
00000417,rademacher,2.0,0.024164779328068344,0.9530480921848051,0.01171875,83.220947265625,83.209228515625,4.148496118300603,7.281181524840733,5.715133921142963,10.28254696901037
00000417,gaussian,2.0,0.024164779328068344,0.95314237564057,0.064453125,83.220947265625,83.156494140625,4.148496118300603,8.747138321148665,5.715133921142963,12.454716222362961
00000417,constant,3.0,0.024164779328068344,0.9327375365646096,6.0,83.220947265625,89.220947265625,4.148496118300603,4.148496118300603,5.715133921142963,5.715133921142963
00000417,rademacher,3.0,0.024164779328068344,0.9303679321978205,0.064453125,83.220947265625,83.156494140625,4.148496118300603,9.94647237288419,5.715133921142963,13.907566095664631
00000417,gaussian,3.0,0.024164779328068344,0.9317514732547597,0.0234375,83.220947265625,83.244384765625,4.148496118300603,11.81762576124373,5.715133921142963,16.583920869801304
00000418,constant,1.0,0.02955541118794143,0.9726196193792399,1.8541624262161633,65.95664563403216,67.81080806024832,9.101797752427233,9.048770303648919,10.523338562949537,10.466940387261163
00000418,rademacher,1.0,0.02955541118794143,0.9712067961268404,0.010177081213115002,65.95664563403216,65.96682271524527,9.101797752427233,9.927025772626132,10.523338562949537,11.688261356011038
00000418,gaussian,1.0,0.02955541118794143,0.9722557095974818,0.03928353348258895,65.95664563403216,65.91736210054957,9.101797752427233,10.408428805687384,10.523338562949537,12.285964322061199
00000418,constant,2.0,0.02955541118794143,0.9471594147824435,3.67545288011398,65.95664563403216,69.63209851414614,9.101797752427233,8.993104816646168,10.523338562949537,10.4255649491905
00000418,rademacher,2.0,0.02955541118794143,0.9434123623793335,0.07481357296344981,65.95664563403216,65.8818320610687,9.101797752427233,11.696969658437645,10.523338562949537,14.219130587567932
00000418,gaussian,2.0,0.02955541118794143,0.9437915399219523,0.4085080398941585,65.95664563403216,65.548137594138,9.101797752427233,12.77988808505542,10.523338562949537,15.867394971755171
00000418,constant,3.0,0.02955541118794143,0.9233584962654561,5.469366985548547,65.95664563403216,71.4260126195807,9.101797752427233,8.970257778622905,10.523338562949537,10.423226145091627
00000418,rademacher,3.0,0.02955541118794143,0.9165207169621933,0.15784652961529844,65.95664563403216,65.79879910441686,9.101797752427233,13.819346681555247,10.523338562949537,17.440287140055585
00000418,gaussian,3.0,0.02955541118794143,0.9171278493088185,0.18433011240365715,65.95664563403216,65.7723155216285,9.101797752427233,15.594609211752372,10.523338562949537,19.494950990863593
00000420,constant,1.0,0.026476584914908667,0.9760478855285283,1.875,76.457763671875,78.332763671875,4.4227334009412225,4.4227334009412225,6.168075293928034,6.168075293928034
00000420,rademacher,1.0,0.026476584914908667,0.9748745305255114,0.2093505859375,76.457763671875,76.2484130859375,4.4227334009412225,5.34294156736744,6.168075293928034,7.479379457632637
00000420,gaussian,1.0,0.026476584914908667,0.9758669890714867,0.0972900390625,76.457763671875,76.3604736328125,4.4227334009412225,5.879453122999815,6.168075293928034,8.318445229974696
00000420,constant,2.0,0.026476584914908667,0.9532235922941823,3.75,76.457763671875,80.207763671875,4.4227334009412225,4.4227334009412225,6.168075293928034,6.168075293928034
00000420,rademacher,2.0,0.026476584914908667,0.9505619377701624,0.053955078125,76.457763671875,76.40380859375,4.4227334009412225,7.373698565735184,6.168075293928034,10.341452251618175
00000420,gaussian,2.0,0.026476584914908667,0.9513372087580855,0.2342529296875,76.457763671875,76.2235107421875,4.4227334009412225,8.650051648896412,6.168075293928034,12.35105150720456
00000420,constant,3.0,0.026476584914908667,0.9314492982085655,5.625,76.457763671875,82.082763671875,4.4227334009412225,4.4227334009412225,6.168075293928034,6.168075293928034
00000420,rademacher,3.0,0.026476584914908667,0.9265625625502326,0.1695556640625,76.457763671875,76.2882080078125,4.4227334009412225,9.809124635975312,6.168075293928034,13.47234876806192
00000420,gaussian,3.0,0.026476584914908667,0.9284483316736906,0.1956787109375,76.457763671875,76.2620849609375,4.4227334009412225,11.784121958714103,6.168075293928034,16.460819546728537
00000421,constant,1.0,0.02758119518512469,0.9749888277688852,1.875,73.24755859375,75.12255859375,4.2423397721760985,4.2423397721760985,5.665351204404875,5.665351204404875
00000421,rademacher,1.0,0.02758119518512469,0.9737857620287841,0.1265869140625,73.24755859375,73.1209716796875,4.2423397721760985,5.231089201756497,5.665351204404875,6.918755787611305
00000421,gaussian,1.0,0.02758119518512469,0.9741473088284908,0.050048828125,73.24755859375,73.197509765625,4.2423397721760985,5.711846524011552,5.665351204404875,7.648979727866175
00000421,constant,2.0,0.02758119518512469,0.9512103090299137,3.75,73.24755859375,76.99755859375,4.2423397721760985,4.242339772176097,5.665351204404875,5.665351204404875
00000421,rademacher,2.0,0.02758119518512469,0.948412666184795,0.052490234375,73.24755859375,73.195068359375,4.2423397721760985,7.1953990555131835,5.665351204404875,9.725496494416848
00000421,gaussian,2.0,0.02758119518512469,0.9497845118612025,0.183349609375,73.24755859375,73.064208984375,4.2423397721760985,8.447005691022929,5.665351204404875,11.878405848958046
00000421,constant,3.0,0.02758119518512469,0.9285812675374041,5.625,73.24755859375,78.87255859375,4.2423397721760985,4.242339772176099,5.665351204404875,5.665351204404875
00000421,rademacher,3.0,0.02758119518512469,0.9233879456501651,0.3717041015625,73.24755859375,72.8758544921875,4.2423397721760985,9.749786758488524,5.665351204404875,13.420200279059209
00000421,gaussian,3.0,0.02758119518512469,0.9240960911528495,0.37353515625,73.24755859375,72.8740234375,4.2423397721760985,11.905273536802778,5.665351204404875,16.871409560360334
00000422,constant,1.0,0.024927129048458105,0.9758302865774897,2.0,80.84263392857143,82.84263392857143,3.892117607316446,3.892117607316444,5.208643784938322,5.208643784938322
00000422,rademacher,1.0,0.024927129048458105,0.975546723407445,0.103515625,80.84263392857143,80.94614955357143,3.892117607316446,4.908627141580517,5.208643784938322,6.669671648058455
00000422,gaussian,1.0,0.024927129048458105,0.9763335004792654,0.019252232142861203,80.84263392857143,80.82338169642857,3.892117607316446,5.42140140017314,5.208643784938322,7.4303175709604234
00000422,constant,2.0,0.024927129048458105,0.952868724408413,3.9949776785714306,80.84263392857143,84.83761160714286,3.892117607316446,3.877276823674944,5.208643784938322,5.185850422670222
00000422,rademacher,2.0,0.024927129048458105,0.9516911060101081,0.0025111607142918047,80.84263392857143,80.84012276785714,3.892117607316446,7.154078676621292,5.208643784938322,9.954668002810738
00000422,gaussian,2.0,0.024927129048458105,0.9523577772463803,0.0696149553571388,80.84263392857143,80.91224888392857,3.892117607316446,8.539952915755954,5.208643784938322,12.133299269084633
00000422,constant,3.0,0.024927129048458105,0.9311394325254178,5.974051339285708,80.84263392857143,86.81668526785714,3.892117607316446,3.833707394055502,5.208643784938322,5.1379645781452385
00000422,rademacher,3.0,0.024927129048458105,0.9285952874352101,0.2322823660714306,80.84263392857143,81.07491629464286,3.892117607316446,9.78426800279106,5.208643784938322,13.586974055873952
00000422,gaussian,3.0,0.024927129048458105,0.9297669669729691,0.0426897321428612,80.84263392857143,80.79994419642857,3.892117607316446,11.67007556344183,5.208643784938322,16.319578465260104
00000423,constant,1.0,0.024736581741274303,0.9759673648738457,2.0,81.26822916666667,83.26822916666667,3.771397911336443,3.771397911336445,5.133015378931788,5.133015378931788
00000423,rademacher,1.0,0.024736581741274303,0.975662665864395,0.0703125,81.26822916666667,81.19791666666667,3.771397911336443,4.83225753286487,5.133015378931788,6.619300457208901
00000423,gaussian,1.0,0.024736581741274303,0.9762142243648353,0.001953125,81.26822916666667,81.26627604166667,3.771397911336443,5.432797201765356,5.133015378931788,7.520189989655645
00000423,constant,2.0,0.024736581741274303,0.9530700322779531,4.0,81.26822916666667,85.26822916666667,3.771397911336443,3.7713979113364435,5.133015378931788,5.133015378931788
00000423,rademacher,2.0,0.024736581741274303,0.9519307280088994,0.03515625,81.26822916666667,81.23307291666667,3.771397911336443,7.103105218205329,5.133015378931788,10.008622228338972
00000423,gaussian,2.0,0.024736581741274303,0.9535859279878166,0.09375,81.26822916666667,81.17447916666667,3.771397911336443,8.317041850525733,5.133015378931788,11.454240735611398
00000423,constant,3.0,0.024736581741274303,0.9312259407358777,6.0,81.26822916666667,87.26822916666667,3.771397911336443,3.7713979113364444,5.133015378931788,5.133015378931788
00000423,rademacher,3.0,0.024736581741274303,0.9287657899666482,0.0234375,81.26822916666667,81.29166666666667,3.771397911336443,9.697714089723448,5.133015378931788,13.664222162928672
00000423,gaussian,3.0,0.024736581741274303,0.9299676723304537,0.0693359375,81.26822916666667,81.19889322916667,3.771397911336443,11.814079768157,5.133015378931788,16.725090365412374
00000424,constant,1.0,0.026004168978467645,0.9778212471630823,1.8184719021450064,80.19712816876441,82.01560007090941,12.984438007522542,12.984438007522542,13.715590177486671,13.715590177486671
00000424,rademacher,1.0,0.026004168978467645,0.9765518838452026,0.007977308987776155,80.19712816876441,80.18915085977663,12.984438007522542,13.52986999360986,13.715590177486671,14.467792107633855
00000424,gaussian,1.0,0.026004168978467645,0.9773544487797414,0.015922495005540327,80.19712816876441,80.18120567375887,12.984438007522542,13.817670868044955,13.715590177486671,14.850041286271555
00000424,constant,2.0,0.026004168978467645,0.9566110110211712,3.636943804290013,80.19712816876441,83.83407197305442,12.984438007522542,12.984438007522543,13.715590177486671,13.715590177486671
00000424,rademacher,2.0,0.026004168978467645,0.9533069804776834,0.3225050086296335,80.19712816876441,79.87462316013477,12.984438007522542,14.592554870157022,13.715590177486671,16.134492970995165
00000424,gaussian,2.0,0.026004168978467645,0.9545054731314092,0.041426803274077884,80.19712816876441,80.15570136549033,12.984438007522542,15.563601654159028,13.715590177486671,17.534166622344486
00000424,constant,3.0,0.026004168978467645,0.9363013953796417,5.455415706435019,80.19712816876441,85.65254387519943,12.984438007522542,12.984438007522542,13.715590177486671,13.715590177486671
00000424,rademacher,3.0,0.026004168978467645,0.9309999914508724,0.21539058011192935,80.19712816876441,79.98173758865248,12.984438007522542,16.246275891165524,13.715590177486671,18.9862559967458
00000424,gaussian,3.0,0.026004168978467645,0.9308153764526674,0.3898586652183127,80.19712816876441,79.8072695035461,12.984438007522542,17.7360224570301,13.715590177486671,21.31011867097061
00000428,constant,1.0,0.02657382346175592,0.9763406509679302,1.8333333333333428,75.71126302083333,77.54459635416667,3.607819684581564,3.6078196845815658,5.181320693690216,5.181320693690216
00000428,rademacher,1.0,0.02657382346175592,0.9749515643853776,0.10563151041665719,75.71126302083333,75.60563151041667,3.607819684581564,4.719728851772643,5.181320693690216,6.734550534282238
00000428,gaussian,1.0,0.02657382346175592,0.9754011422644212,0.1544596354166572,75.71126302083333,75.55680338541667,3.607819684581564,5.262153006683373,5.181320693690216,7.486547186595009
00000428,constant,2.0,0.02657382346175592,0.9537827790615895,3.6666666666666714,75.71126302083333,79.3779296875,3.607819684581564,3.6078196845815635,5.181320693690216,5.181320693690216
00000428,rademacher,2.0,0.02657382346175592,0.9506915390019608,0.027018229166657193,75.71126302083333,75.68424479166667,3.607819684581564,6.813346378071329,5.181320693690216,9.601431294713954
00000428,gaussian,2.0,0.02657382346175592,0.9509320947437002,0.3310546875,75.71126302083333,75.38020833333333,3.607819684581564,8.112555944842093,5.181320693690216,11.35831302487972
00000428,constant,3.0,0.02657382346175592,0.9322493496498732,5.5,75.71126302083333,81.21126302083333,3.607819684581564,3.607819684581564,5.181320693690216,5.181320693690216
00000428,rademacher,3.0,0.02657382346175592,0.9268964003239107,0.01220703125,75.71126302083333,75.72347005208333,3.607819684581564,9.397359253892098,5.181320693690216,13.11613859287796
00000428,gaussian,3.0,0.02657382346175592,0.9284309780511987,0.09521484375,75.71126302083333,75.61604817708333,3.607819684581564,11.348009016482365,5.181320693690216,16.2459821694065
00000429,constant,1.0,0.027542380801076575,0.9749284333323007,1.8406475782713443,71.58576398180358,73.42641156007492,6.9209716325330195,6.913256891048811,9.201464413150243,9.180166348869317
00000429,rademacher,1.0,0.027542380801076575,0.9734913514611139,0.13352956917313463,71.58576398180358,71.45223441263045,6.9209716325330195,7.748698265229387,9.201464413150243,10.146499927085216
00000429,gaussian,1.0,0.027542380801076575,0.974896694786847,0.012657000399016738,71.58576398180358,71.5984209822026,6.9209716325330195,8.167912031770756,9.201464413150243,10.875285748654576
00000429,constant,2.0,0.027542380801076575,0.9510900480673512,3.6810275622156894,71.58576398180358,75.26679154401927,6.9209716325330195,6.905439229113817,9.201464413150243,9.159170816073335
00000429,rademacher,2.0,0.027542380801076575,0.9476869968413897,0.1657398886433583,71.58576398180358,71.42002409316022,6.9209716325330195,9.475834951755669,9.201464413150243,12.671293823527906
00000429,gaussian,2.0,0.027542380801076575,0.9472796541711241,0.059665010299212895,71.58576398180358,71.6454289921028,6.9209716325330195,10.702068714774004,9.201464413150243,14.316770818745166
00000429,constant,3.0,0.027542380801076575,0.9283896033135577,5.52140754616002,71.58576398180358,77.1071715279636,6.9209716325330195,6.897957317480658,9.201464413150243,9.138526756719134
00000429,rademacher,3.0,0.027542380801076575,0.9227165644613088,0.0007525709373368272,71.58576398180358,71.58651655274092,6.9209716325330195,11.573808219619263,9.201464413150243,15.60062749376689
00000429,gaussian,3.0,0.027542380801076575,0.9211406531112561,0.012760498411040544,71.58576398180358,71.59852448021462,6.9209716325330195,13.651272174742589,9.201464413150243,18.99722832360124
00000430,constant,1.0,0.027667134468457196,0.9757381206588936,1.908095061269961,76.86984775343483,78.77794281470479,18.64150717912374,18.622406552163657,25.826119551889533,25.791085548215253
00000430,rademacher,1.0,0.027667134468457196,0.9748577099047264,0.01893798737467023,76.86984775343483,76.85090976606016,18.64150717912374,18.918954151572226,25.826119551889533,26.18642757557001
00000430,gaussian,1.0,0.027667134468457196,0.9755812843160658,0.06409102177279635,76.86984775343483,76.80575673166203,18.64150717912374,19.067832819195452,25.826119551889533,26.46385442698791
00000430,constant,2.0,0.027667134468457196,0.9526585144719099,3.8152617898254846,76.86984775343483,80.68510954326031,18.64150717912374,18.604779862785445,25.826119551889533,25.7626976933336
00000430,rademacher,2.0,0.027667134468457196,0.9501795977858647,0.1766828202996038,76.86984775343483,76.69316493313522,18.64150717912374,19.476560105065438,25.826119551889533,26.979669392654323
00000430,gaussian,2.0,0.027667134468457196,0.9496980990725057,0.058148589089427105,76.86984775343483,76.8116991643454,18.64150717912374,20.138369826305087,25.826119551889533,27.716229895178586
00000430,constant,3.0,0.027667134468457196,0.9306622425742463,5.721500185666542,76.86984775343483,82.59134793910137,18.64150717912374,18.58784087207532,25.826119551889533,25.73845979918563
00000430,rademacher,3.0,0.027667134468457196,0.9263681522521326,0.11079146511976035,76.86984775343483,76.75905628831507,18.64150717912374,20.67588146737343,25.826119551889533,28.734674628406655
00000430,gaussian,3.0,0.027667134468457196,0.9242299229922992,0.339353145773984,76.86984775343483,76.53049460766084,18.64150717912374,21.827911000998455,25.826119551889533,30.093197857353925
00000431,constant,1.0,0.02484306483451565,0.975969550023789,2.0,81.3375,83.3375,4.635929784083481,4.63592978408348,5.889818001280847,5.889818001280847
00000431,rademacher,1.0,0.02484306483451565,0.9756738098457728,0.0078125,81.3375,81.3296875,4.635929784083481,5.534292291113997,5.889818001280847,7.207086443441705
00000431,gaussian,1.0,0.02484306483451565,0.9767710061151412,0.037109375,81.3375,81.374609375,4.635929784083481,6.006480209687206,5.889818001280847,7.896232799644073
00000431,constant,2.0,0.02484306483451565,0.9530734670429395,4.0,81.3375,85.3375,4.635929784083481,4.63592978408348,5.889818001280847,5.889818001280847
00000431,rademacher,2.0,0.02484306483451565,0.9519514875450177,0.04296875,81.3375,81.38046875,4.635929784083481,7.514288889397011,5.889818001280847,10.090626356883956
00000431,gaussian,2.0,0.02484306483451565,0.952339192256467,0.0439453125,81.3375,81.2935546875,4.635929784083481,8.848725066114177,5.889818001280847,12.105629959166425
00000431,constant,3.0,0.02484306483451565,0.9312395311755721,6.0,81.3375,87.3375,4.635929784083481,4.635929784083481,5.889818001280847,5.889818001280847
00000431,rademacher,3.0,0.02484306483451565,0.928741422900537,0.10273437500001137,81.3375,81.234765625,4.635929784083481,10.104588150059632,5.889818001280847,13.948500242348786
00000431,gaussian,3.0,0.02484306483451565,0.9287500578891308,0.02226562499998863,81.3375,81.359765625,4.635929784083481,12.361782113329403,5.889818001280847,17.15949951955627
00000432,constant,1.0,0.027245412862916835,0.9753138753875773,1.875,74.1490478515625,76.0240478515625,4.2437705490663475,4.2437705490663475,5.916768774160152,5.916768774160152
00000432,rademacher,1.0,0.027245412862916835,0.9742144886455983,0.0181884765625,74.1490478515625,74.130859375,4.2437705490663475,5.180853956164331,5.916768774160152,7.239578981125494
00000432,gaussian,1.0,0.027245412862916835,0.9747246310788604,0.132568359375,74.1490478515625,74.0164794921875,4.2437705490663475,5.715494463838882,5.916768774160152,7.877914695330768
00000432,constant,2.0,0.027245412862916835,0.9518276381893799,3.75,74.1490478515625,77.8990478515625,4.2437705490663475,4.243770549066347,5.916768774160152,5.916768774160152
00000432,rademacher,2.0,0.027245412862916835,0.949116453555446,0.00732421875,74.1490478515625,74.1417236328125,4.2437705490663475,7.23175437622492,5.916768774160152,10.168509742206735
00000432,gaussian,2.0,0.027245412862916835,0.9497079385779652,0.1009521484375,74.1490478515625,74.048095703125,4.2437705490663475,8.50196419560312,5.916768774160152,12.271237883446227
00000432,constant,3.0,0.027245412862916835,0.9294516219363467,5.625,74.1490478515625,79.7740478515625,4.2437705490663475,4.243770549066347,5.916768774160152,5.916768774160152
00000432,rademacher,3.0,0.027245412862916835,0.9241926516607628,0.4244384765625,74.1490478515625,73.724609375,4.2437705490663475,9.689382837693524,5.916768774160152,13.823501875010056
00000432,gaussian,3.0,0.027245412862916835,0.9252767951850401,0.0679931640625,74.1490478515625,74.0810546875,4.2437705490663475,11.780777826316204,5.916768774160152,17.208605007867714
00000433,constant,1.0,0.025007637215301585,0.9764890455303775,2.0,83.23140301318267,85.23140301318267,10.117710020998162,10.117710020998162,12.73259938785653,12.73259938785653
00000433,rademacher,1.0,0.025007637215301585,0.9762162856839529,0.06685499058380628,83.23140301318267,83.29825800376648,10.117710020998162,10.729047272086092,12.73259938785653,13.56000844076851
00000433,gaussian,1.0,0.025007637215301585,0.9771023087736753,0.08474576271186152,83.23140301318267,83.31614877589453,10.117710020998162,11.086117751470184,12.73259938785653,14.002311532466495
00000433,constant,2.0,0.025007637215301585,0.9540710995247618,4.0,83.23140301318267,87.23140301318267,10.117710020998162,10.11771002099816,12.73259938785653,12.73259938785653
00000433,rademacher,2.0,0.025007637215301585,0.9530086655973852,0.08827683615820092,83.23140301318267,83.31967984934087,10.117710020998162,12.23486505480276,12.73259938785653,15.851567862282979
00000433,gaussian,2.0,0.025007637215301585,0.9531384291411154,0.07556497175140464,83.23140301318267,83.15583804143127,10.117710020998162,13.140122857750576,12.73259938785653,16.818625930015102
00000433,constant,3.0,0.025007637215301585,0.9326741449721938,6.0,83.23140301318267,89.23140301318267,10.117710020998162,10.117710020998162,12.73259938785653,12.73259938785653
00000433,rademacher,3.0,0.025007637215301585,0.9303127994169303,0.032783471394679964,83.23140301318267,83.26418648457735,10.117710020998162,13.973039731833364,12.73259938785653,18.137371015211066
00000433,gaussian,3.0,0.025007637215301585,0.9289830711970225,0.01924480778316706,83.23140301318267,83.25064782096584,10.117710020998162,15.80316132431735,12.73259938785653,21.14044447455212
00000434,constant,1.0,0.024983179184366183,0.975874356139897,2.0,81.04475911458333,83.04475911458333,4.384190773984358,4.384190773984357,5.637636001203046,5.637636001203046
00000434,rademacher,1.0,0.024983179184366183,0.975575693132945,0.009765625,81.04475911458333,81.05452473958333,4.384190773984358,5.298053081708853,5.637636001203046,7.020224104076661
00000434,gaussian,1.0,0.024983179184366183,0.9762082641212516,0.1943359375,81.04475911458333,80.85042317708333,4.384190773984358,5.80304861648887,5.637636001203046,7.721129469128697
00000434,constant,2.0,0.024983179184366183,0.9528981485380073,4.0,81.04475911458333,85.04475911458333,4.384190773984358,4.384190773984358,5.637636001203046,5.637636001203046
00000434,rademacher,2.0,0.024983179184366183,0.9517439831893899,0.01171875,81.04475911458333,81.03304036458333,4.384190773984358,7.468075282143379,5.637636001203046,10.210458081464784
00000434,gaussian,2.0,0.024983179184366183,0.949946726834007,0.029296875,81.04475911458333,81.01546223958333,4.384190773984358,8.99818060217881,5.637636001203046,12.518990286178147
00000434,constant,3.0,0.024983179184366183,0.9309911537188599,6.0,81.04475911458333,87.04475911458333,4.384190773984358,4.384190773984357,5.637636001203046,5.637636001203046
00000434,rademacher,3.0,0.024983179184366183,0.9284900836690425,0.01171875,81.04475911458333,81.03304036458333,4.384190773984358,9.995895464301304,5.637636001203046,13.748508598917452
00000434,gaussian,3.0,0.024983179184366183,0.9285095160993203,0.2099609375,81.04475911458333,80.83479817708333,4.384190773984358,12.130671476868315,5.637636001203046,16.844453293101672
00000435,constant,1.0,0.02787225473514228,0.9749526087275091,1.8571428571428612,72.40318080357143,74.26032366071429,3.950486587635363,3.9504865876353636,5.38427673105973,5.38427673105973
00000435,rademacher,1.0,0.02787225473514228,0.97361624213217,0.1315569196428612,72.40318080357143,72.27162388392857,3.950486587635363,4.96533627187977,5.38427673105973,6.794598054418793
00000435,gaussian,1.0,0.02787225473514228,0.974395025884654,0.016880580357138797,72.40318080357143,72.38630022321429,3.950486587635363,5.501740092795907,5.38427673105973,7.577417858086025
00000435,constant,2.0,0.02787225473514228,0.9511380173680989,3.714285714285708,72.40318080357143,76.11746651785714,3.950486587635363,3.950486587635363,5.38427673105973,5.38427673105973
00000435,rademacher,2.0,0.02787225473514228,0.9479227563494048,0.2265625,72.40318080357143,72.17661830357143,3.950486587635363,7.068405787801483,5.38427673105973,9.81379720586921
00000435,gaussian,2.0,0.02787225473514228,0.946983512283621,0.1708984375,72.40318080357143,72.23228236607143,3.950486587635363,8.483499476674849,5.38427673105973,11.674606829031882
00000435,constant,3.0,0.02787225473514228,0.9284723849873953,5.571428571428569,72.40318080357143,77.974609375,3.950486587635363,3.950486587635363,5.38427673105973,5.38427673105973
00000435,rademacher,3.0,0.02787225473514228,0.9230763524552922,0.1272321428571388,72.40318080357143,72.27594866071429,3.950486587635363,9.601556423849997,5.38427673105973,13.338431807696606
00000435,gaussian,3.0,0.02787225473514228,0.9215560548867863,0.5518973214285694,72.40318080357143,71.85128348214286,3.950486587635363,11.96329354729436,5.38427673105973,16.959982307076977
00000436,constant,1.0,0.025360375409569758,0.9760166809264256,1.9544677734375,79.658203125,81.6126708984375,4.184890897866191,4.136814263617816,5.658575838064223,5.631434655514536
00000436,rademacher,1.0,0.025360375409569758,0.975466147732741,0.05224609375,79.658203125,79.71044921875,4.184890897866191,5.125245808606978,5.658575838064223,7.071094931556196
00000436,gaussian,1.0,0.025360375409569758,0.9752844775256321,0.0208740234375,79.658203125,79.6373291015625,4.184890897866191,5.702318306465849,5.658575838064223,7.848795937530035
00000436,constant,2.0,0.025360375409569758,0.9534799444728574,3.8818359375,79.658203125,83.5400390625,4.184890897866191,4.080241956503816,5.658575838064223,5.631137729154979
00000436,rademacher,2.0,0.025360375409569758,0.9517132069829165,0.03076171875,79.658203125,79.68896484375,4.184890897866191,7.206212689578978,5.658575838064223,9.892555869341013
00000436,gaussian,2.0,0.025360375409569758,0.9527542211245462,0.043701171875,79.658203125,79.701904296875,4.184890897866191,8.41505590654262,5.658575838064223,11.905429288637153
00000436,constant,3.0,0.025360375409569758,0.932214794824283,5.7867431640625,79.658203125,85.4449462890625,4.184890897866191,4.026106008291544,5.658575838064223,5.652115754277086
00000436,rademacher,3.0,0.025360375409569758,0.9284448271372605,0.1915283203125,79.658203125,79.4666748046875,4.184890897866191,9.731457977870768,5.658575838064223,13.543283715550576
00000436,gaussian,3.0,0.025360375409569758,0.9283869202960159,0.09765625,79.658203125,79.560546875,4.184890897866191,11.940998878677759,5.658575838064223,16.57514016010611
00000438,constant,1.0,0.027757726776820823,0.973869583848928,2.0,74.55350780194127,76.55350780194127,17.425487499088703,17.425487499088703,18.268845045342516,18.268845045342516
00000438,rademacher,1.0,0.027757726776820823,0.9735333369094701,0.06438137363312535,74.55350780194127,74.61788917557439,17.425487499088703,17.78825367664878,18.268845045342516,18.885025206169946
00000438,gaussian,1.0,0.027757726776820823,0.9741736277043875,0.08526846049882408,74.55350780194127,74.46823934144244,17.425487499088703,18.03902209971276,18.268845045342516,19.223203191785416
00000438,constant,2.0,0.027757726776820823,0.9490714744888143,4.0,74.55350780194127,78.55350780194127,17.425487499088703,17.425487499088703,18.268845045342516,18.268845045342516
00000438,rademacher,2.0,0.027757726776820823,0.9476692981215527,0.19084342932237064,74.55350780194127,74.3626643726189,17.425487499088703,18.74282200555401,18.268845045342516,20.366127791481162
00000438,gaussian,2.0,0.027757726776820823,0.9480016107115526,0.09149096925558808,74.55350780194127,74.64499877119685,17.425487499088703,19.390412286459924,18.268845045342516,21.65952174865387
00000438,constant,3.0,0.027757726776820823,0.9255077216396568,6.0,74.55350780194127,80.55350780194127,17.425487499088703,17.425487499088703,18.268845045342516,18.268845045342516
00000438,rademacher,3.0,0.027757726776820823,0.9226564046527465,0.07915779963180114,74.55350780194127,74.63266560157307,17.425487499088703,20.071715586289752,18.268845045342516,22.517172455331032
00000438,gaussian,3.0,0.027757726776820823,0.9222095419242352,0.09528710889628655,74.55350780194127,74.45822069304498,17.425487499088703,21.505932876878152,18.268845045342516,25.034704023618414
00000439,constant,1.0,0.02498731126586955,0.9766367509622987,1.9299665178571388,80.8173828125,82.74734933035714,4.268095968500492,4.196497990940305,5.4206525822366425,5.355016367456799
00000439,rademacher,1.0,0.02498731126586955,0.9759142266520775,0.1343470982142918,80.8173828125,80.68303571428571,4.268095968500492,5.1695867799403485,5.4206525822366425,6.789094911168614
00000439,gaussian,1.0,0.02498731126586955,0.9768525236041099,0.0631975446428612,80.8173828125,80.75418526785714,4.268095968500492,5.679401099698823,5.4206525822366425,7.60447993115173
00000439,constant,2.0,0.02498731126586955,0.9547602525791122,3.823660714285708,80.8173828125,84.64104352678571,4.268095968500492,4.128055297917251,5.4206525822366425,5.301021391103551
00000439,rademacher,2.0,0.02498731126586955,0.9526498704110592,0.0694754464285694,80.8173828125,80.74790736607143,4.268095968500492,7.2409238461168615,5.4206525822366425,10.04814924169074
00000439,gaussian,2.0,0.02498731126586955,0.9537058603125095,0.1287667410714306,80.8173828125,80.68861607142857,4.268095968500492,8.528272419003796,5.4206525822366425,11.481417318121018
00000439,constant,3.0,0.02498731126586955,0.9340968390090982,5.6953125,80.8173828125,86.5126953125,4.268095968500492,4.078497109321445,5.4206525822366425,5.276962018694053
00000439,rademacher,3.0,0.02498731126586955,0.9299262741852872,0.2431640625,80.8173828125,80.57421875,4.268095968500492,9.777662630152424,5.4206525822366425,13.575321970690187
00000439,gaussian,3.0,0.02498731126586955,0.9293710953769263,0.062081473214291805,80.8173828125,80.75530133928571,4.268095968500492,11.884209991030312,5.4206525822366425,16.691729013698446
00000440,constant,1.0,0.028921321234717946,0.9756810804835646,1.6655092592592666,67.45810185185185,69.12361111111112,10.266324041907293,10.160261436547009,19.86638741108115,19.909443223307235
00000440,rademacher,1.0,0.028921321234717946,0.9730281243750233,0.11319444444444571,67.45810185185185,67.3449074074074,10.266324041907293,10.990684813518802,19.86638741108115,20.74491800964165
00000440,gaussian,1.0,0.028921321234717946,0.9737325078449665,0.14800458459849608,67.45810185185185,67.31009726725335,10.266324041907293,11.297174067032246,19.86638741108115,21.100718707260707
00000440,constant,2.0,0.028921321234717946,0.9533212234277578,3.2775462962962933,67.45810185185185,70.73564814814814,10.266324041907293,10.039719335029133,19.86638741108115,19.930248173100818
00000440,rademacher,2.0,0.028921321234717946,0.9471404306356348,0.3080671215902129,67.45810185185185,67.15003473026164,10.266324041907293,12.38711292910522,19.86638741108115,22.718424872772758
00000440,gaussian,2.0,0.028921321234717946,0.9481967498626797,0.1326498351619989,67.45810185185185,67.32545201668985,10.266324041907293,13.041611747078468,19.86638741108115,23.187866900415653
00000440,constant,3.0,0.028921321234717946,0.9325898817585415,4.845601851851853,67.45810185185185,72.3037037037037,10.266324041907293,9.934326718113018,19.86638741108115,19.942724990355835
00000440,rademacher,3.0,0.028921321234717946,0.9218969492962973,0.5042200442041036,67.45810185185185,66.95388180764775,10.266324041907293,13.913137966211995,19.86638741108115,24.632333031890884
00000440,gaussian,3.0,0.028921321234717946,0.9222471507965176,0.542902593279095,67.45810185185185,66.91519925857276,10.266324041907293,15.878791499963505,19.86638741108115,27.172651703783036
00000441,constant,1.0,0.024158891509088513,0.976545067569887,2.0,83.3447265625,85.3447265625,4.349755672180298,4.349755672180296,5.835468324982994,5.835468324982994
00000441,rademacher,1.0,0.024158891509088513,0.9762583783314273,0.0390625,83.3447265625,83.3056640625,4.349755672180298,5.259326276676461,5.835468324982994,7.169901070812081
00000441,gaussian,1.0,0.024158891509088513,0.9766136711615885,0.046875,83.3447265625,83.3916015625,4.349755672180298,5.733789581539934,5.835468324982994,7.816502363004217
00000441,constant,2.0,0.024158891509088513,0.9541731887298748,4.0,83.3447265625,87.3447265625,4.349755672180298,4.349755672180297,5.835468324982994,5.835468324982994
00000441,rademacher,2.0,0.024158891509088513,0.9530885180607059,0.0390625,83.3447265625,83.3056640625,4.349755672180298,7.492792336358364,5.835468324982994,10.739036810330354
00000441,gaussian,2.0,0.024158891509088513,0.9539583202237871,0.1005859375,83.3447265625,83.4453125,4.349755672180298,8.658773618350875,5.835468324982994,11.860644932586643
00000441,constant,3.0,0.024158891509088513,0.9328059460862674,6.0,83.3447265625,89.3447265625,4.349755672180298,4.349755672180296,5.835468324982994,5.835468324982994
00000441,rademacher,3.0,0.024158891509088513,0.9304166796310387,0.05859375,83.3447265625,83.2861328125,4.349755672180298,10.079537806314491,5.835468324982994,14.216505859842496
00000441,gaussian,3.0,0.024158891509088513,0.9309221410572934,0.015625,83.3447265625,83.3603515625,4.349755672180298,12.14528164101343,5.835468324982994,17.20333299333369
00000444,constant,1.0,0.02593756839657803,0.9764541177418006,2.0,83.16987602215774,85.16987602215774,18.646189055080356,18.646189055080356,29.000140612639317,29.000140612639317
00000444,rademacher,1.0,0.02593756839657803,0.9761709326733293,0.06805592192034737,83.16987602215774,83.23793194407808,18.646189055080356,19.01945229875205,29.000140612639317,29.5285842864155
00000444,gaussian,1.0,0.02593756839657803,0.9769839103824931,0.08124505407543836,83.16987602215774,83.0886309680823,18.646189055080356,19.275917656005216,29.000140612639317,29.842806113811502
00000444,constant,2.0,0.02593756839657803,0.9540290756790781,4.0,83.16987602215774,87.16987602215774,18.646189055080356,18.646189055080356,29.000140612639317,29.000140612639317
00000444,rademacher,2.0,0.02593756839657803,0.9529099692904577,0.08599314165127225,83.16987602215774,83.08388288050647,18.646189055080356,19.92006874351154,29.000140612639317,30.697020628336826
00000444,gaussian,2.0,0.02593756839657803,0.9541209956917779,0.12168070607445713,83.16987602215774,83.2915567282322,18.646189055080356,20.513723139418275,29.000140612639317,31.215387541892557
00000444,constant,3.0,0.02593756839657803,0.932616445042673,6.0,83.16987602215774,89.16987602215774,18.646189055080356,18.646189055080356,29.000140612639317,29.000140612639317
00000444,rademacher,3.0,0.02593756839657803,0.9302740446990282,0.0846742284357731,83.16987602215774,83.25455025059351,18.646189055080356,21.142848511633,29.000140612639317,32.766952619911905
00000444,gaussian,3.0,0.02593756839657803,0.9310357501653966,0.020575046161951605,83.16987602215774,83.14930097599579,18.646189055080356,22.451919416733798,29.000140612639317,33.6271077547451
00000446,constant,1.0,0.024344435484694137,0.9766842542076759,2.0,83.84467265725289,85.84467265725289,5.358031383120021,5.358031383120023,8.747584762995432,8.747584762995432
00000446,rademacher,1.0,0.024344435484694137,0.9763999596408032,0.04963628583654156,83.84467265725289,83.79503637141634,5.358031383120021,6.214365926582336,8.747584762995432,9.962039637568934
00000446,gaussian,1.0,0.024344435484694137,0.9767298738378809,0.005990586221642502,83.84467265725289,83.83868207103124,5.358031383120021,6.783693376466726,8.747584762995432,10.692756286259554
00000446,constant,2.0,0.024344435484694137,0.9544426069399217,4.0,83.84467265725289,87.84467265725289,5.358031383120021,5.358031383120023,8.747584762995432,8.747584762995432
00000446,rademacher,2.0,0.024344435484694137,0.9533382874413362,0.09264013692768458,83.84467265725289,83.7520325203252,5.358031383120021,8.331522860634854,8.747584762995432,12.876781275245179
00000446,gaussian,2.0,0.024344435484694137,0.9529519858768809,0.13906370054723993,83.84467265725289,83.98373635780013,5.358031383120021,9.497427728073374,8.747584762995432,14.633475180549512
00000446,constant,3.0,0.024344435484694137,0.9331914052546728,6.0,83.84467265725289,89.84467265725289,5.358031383120021,5.358031383120023,8.747584762995432,8.747584762995432
00000446,rademacher,3.0,0.024344435484694137,0.9308623357678623,0.015012909767335714,83.84467265725289,83.82965974748555,5.358031383120021,10.651050552025351,8.747584762995432,15.816912108372438
00000446,gaussian,3.0,0.024344435484694137,0.9299646176438702,0.10034231921265757,83.84467265725289,83.74433033804023,5.358031383120021,12.947236370741194,8.747584762995432,19.063895960859476
00000450,constant,1.0,0.02870382959860085,0.9741253869126457,1.8322622107969124,69.01118251928021,70.84344473007712,22.397062473635984,22.34360167310006,23.88794527956313,23.818667211922637
00000450,rademacher,1.0,0.02870382959860085,0.9725739870093111,0.06208880543523776,69.01118251928021,68.94909371384497,22.397062473635984,22.66559967057179,23.88794527956313,24.13649760182562
00000450,gaussian,1.0,0.02870382959860085,0.9731112474602924,0.04396595738774067,69.01118251928021,69.05514847666795,22.397062473635984,22.88313493207534,23.88794527956313,24.486935945296057
00000450,constant,2.0,0.02870382959860085,0.9498281312748007,3.644215938303333,69.01118251928021,72.65539845758354,22.397062473635984,22.28585111528738,23.88794527956313,23.778908691017115
00000450,rademacher,2.0,0.02870382959860085,0.9459734705251253,0.22023368924678266,69.01118251928021,68.79094883003343,22.397062473635984,23.38718422546231,23.88794527956313,25.09331398043046
00000450,gaussian,2.0,0.02870382959860085,0.9451997387612932,0.1828204724815521,69.01118251928021,68.82836204679866,22.397062473635984,24.13473336006994,23.88794527956313,26.433537805084146
00000450,constant,3.0,0.02870382959860085,0.9268894390293588,5.44203084832904,69.01118251928021,74.45321336760925,22.397062473635984,22.24104356603943,23.88794527956313,23.792143998084914
00000450,rademacher,3.0,0.02870382959860085,0.9205216588278247,0.08034307976356558,69.01118251928021,68.93083943951665,22.397062473635984,24.55759574328714,23.88794527956313,27.41800139587235
00000450,gaussian,3.0,0.02870382959860085,0.9216038857765105,0.07908375384810995,69.01118251928021,68.9320987654321,22.397062473635984,25.390301025319957,23.88794527956313,28.49307226523575
00000451,constant,1.0,0.028319991610444996,0.97303383016211,2.0,72.23343012245928,74.23343012245928,13.430555291075228,13.430555291075228,15.98691902165086,15.98691902165086
00000451,rademacher,1.0,0.028319991610444996,0.9726596977052074,0.005807347557123421,72.23343012245928,72.2392374700164,13.430555291075228,13.853088119468797,15.98691902165086,16.770539572919265
00000451,gaussian,1.0,0.028319991610444996,0.9738560289017739,0.11235955056180558,72.23343012245928,72.34578967302109,13.430555291075228,14.135104004813797,15.98691902165086,17.209246741248833
00000451,constant,2.0,0.028319991610444996,0.9474995114616075,4.0,72.23343012245928,76.23343012245928,13.430555291075228,13.430555291075228,15.98691902165086,15.98691902165086
00000451,rademacher,2.0,0.028319991610444996,0.9460741879580199,0.0018937002903669509,72.23343012245928,72.23153642216892,13.430555291075228,15.038415727443267,15.98691902165086,18.61184792625932
00000451,gaussian,2.0,0.028319991610444996,0.9449918540462772,0.074233051382393,72.23343012245928,72.15919707107689,13.430555291075228,15.897930731459118,15.98691902165086,20.08800278952639
00000451,constant,3.0,0.028319991610444996,0.9232725553384209,6.0,72.23343012245928,78.23343012245928,13.430555291075228,13.430555291075228,15.98691902165086,15.98691902165086
00000451,rademacher,3.0,0.028319991610444996,0.9201493201499918,0.09757153660069662,72.23343012245928,72.13585858585859,13.430555291075228,16.713730838405,15.98691902165086,21.20092590162243
00000451,gaussian,3.0,0.028319991610444996,0.9212403329802539,0.028531751041541042,72.23343012245928,72.26196187350082,13.430555291075228,17.88935352177393,15.98691902165086,23.61383499961405
00000453,constant,1.0,0.02911694066392359,0.9734680080978851,1.7995573044761528,66.04968027545499,67.84923757993114,11.557367395301307,11.5407538946615,22.253044299661042,22.28861711121384
00000453,rademacher,1.0,0.02911694066392359,0.9715691353534017,0.03414615452528835,66.04968027545499,66.08382642998028,11.557367395301307,12.218573153917433,22.253044299661042,22.694384472437584
00000453,gaussian,1.0,0.02911694066392359,0.9718915720654008,0.20436843266715243,66.04968027545499,66.25404870812214,11.557367395301307,12.591289071613417,22.253044299661042,22.863929607851073
00000453,constant,2.0,0.02911694066392359,0.9483811958809487,3.5941957697983327,66.04968027545499,69.64387604525332,11.557367395301307,11.521421535241387,22.253044299661042,22.30795521624538
00000453,rademacher,2.0,0.02911694066392359,0.9439644621730656,0.10466056055787476,66.04968027545499,66.15434083601286,11.557367395301307,13.596494177671188,22.253044299661042,24.063938689076693
00000453,gaussian,2.0,0.02911694066392359,0.9450118116731602,0.1086695269165574,66.04968027545499,66.15834980237155,11.557367395301307,14.373045469852313,22.253044299661042,24.842454681476884
00000453,constant,3.0,0.02911694066392359,0.9246121985942576,5.384530250860806,66.04968027545499,71.4342105263158,11.557367395301307,11.499620100806354,22.253044299661042,22.311685631827586
00000453,rademacher,3.0,0.02911694066392359,0.9173117415859987,0.20769636724276097,66.04968027545499,66.25737664269775,11.557367395301307,15.305490761122918,22.253044299661042,26.275576755174615
00000453,gaussian,3.0,0.02911694066392359,0.9179591486255864,0.3322710651606968,66.04968027545499,66.38195134061569,11.557367395301307,17.02428381526213,22.253044299661042,28.43673999780881
00000454,constant,1.0,0.0273472280902682,0.9748999623848355,1.793111841304622,69.70901788974078,71.5021297310454,14.64230122382691,14.64230122382691,22.309548247654906,22.309548247654906
00000454,rademacher,1.0,0.0273472280902682,0.973210347869232,0.019509613207191023,69.70901788974078,69.68950827653359,14.64230122382691,15.058547925594334,22.309548247654906,22.74905795138292
00000454,gaussian,1.0,0.0273472280902682,0.9746500528303448,0.020744739595798478,69.70901788974078,69.72976262933658,14.64230122382691,15.287825763491526,22.309548247654906,23.01990064766107
00000454,constant,2.0,0.0273472280902682,0.9510433080344765,3.58622368260923,69.70901788974078,73.29524157235001,14.64230122382691,14.64230122382691,22.309548247654906,22.309548247654906
00000454,rademacher,2.0,0.0273472280902682,0.9468627901631809,0.16917870845422556,69.70901788974078,69.53983918128655,14.64230122382691,15.96058652034061,22.309548247654906,23.956013139622858
00000454,gaussian,2.0,0.0273472280902682,0.9466533351018063,0.011484304310897642,69.70901788974078,69.72050219405168,14.64230122382691,16.756300316898106,22.309548247654906,24.63458360731519
00000454,constant,3.0,0.0273472280902682,0.9283323689912982,5.379335523913838,69.70901788974078,75.08835341365462,14.64230122382691,14.64230122382691,22.309548247654906,22.309548247654906
00000454,rademacher,3.0,0.0273472280902682,0.9216357833483595,0.013625398273205747,69.70901788974078,69.69539249146757,14.64230122382691,17.23949988818005,22.309548247654906,25.830570351978345
00000454,gaussian,3.0,0.0273472280902682,0.9216572352737458,0.09412167484455836,69.70901788974078,69.61489621489622,14.64230122382691,18.659078111634017,22.309548247654906,26.85736495587912
00000455,constant,1.0,0.025590414677154123,0.9776639249992131,1.7999999999999972,78.8673828125,80.6673828125,3.8953914596833137,3.8953914596833146,5.492850067845995,5.492850067845995
00000455,rademacher,1.0,0.025590414677154123,0.9761483969196575,0.05195312499999716,78.8673828125,78.8154296875,3.8953914596833137,4.904803250532457,5.492850067845995,6.935103721688394
00000455,gaussian,1.0,0.025590414677154123,0.9763375895969606,0.048242187499994316,78.8673828125,78.819140625,3.8953914596833137,5.479587071010138,5.492850067845995,7.743928526818524
00000455,constant,2.0,0.025590414677154123,0.9563106451207988,3.6000000000000085,78.8673828125,82.4673828125,3.8953914596833137,3.8953914596833146,5.492850067845995,5.492850067845995
00000455,rademacher,2.0,0.025590414677154123,0.9528211929505269,0.13007812499999716,78.8673828125,78.7373046875,3.8953914596833137,6.965756654778377,5.492850067845995,9.687516903215114
00000455,gaussian,2.0,0.025590414677154123,0.9536429451446359,0.08515624999999716,78.8673828125,78.7822265625,3.8953914596833137,8.25433574229675,5.492850067845995,11.95314144806255
00000455,constant,3.0,0.025590414677154123,0.935878864014055,5.400000000000006,78.8673828125,84.2673828125,3.8953914596833137,3.8953914596833146,5.492850067845995,5.492850067845995
00000455,rademacher,3.0,0.025590414677154123,0.9302073513296231,0.16230468749999716,78.8673828125,78.705078125,3.8953914596833137,9.450264395504623,5.492850067845995,12.914797577920208
00000455,gaussian,3.0,0.025590414677154123,0.9300500958594923,0.23105468749999147,78.8673828125,78.636328125,3.8953914596833137,11.691091686545024,5.492850067845995,16.782060941429954
00000456,constant,1.0,0.025480013598537663,0.9777815247500903,1.7999999999999972,79.2873046875,81.0873046875,3.8585900090835388,3.8585900090835388,5.371197196870691,5.371197196870691
00000456,rademacher,1.0,0.025480013598537663,0.9762517875718988,0.126953125,79.2873046875,79.1603515625,3.8585900090835388,4.881375795385121,5.371197196870691,6.789189830760049
00000456,gaussian,1.0,0.025480013598537663,0.9766596587988531,0.08749999999999147,79.2873046875,79.1998046875,3.8585900090835388,5.400201970692903,5.371197196870691,7.436617745168677
00000456,constant,2.0,0.025480013598537663,0.9565334187929458,3.6000000000000085,79.2873046875,82.8873046875,3.8585900090835388,3.8585900090835397,5.371197196870691,5.371197196870691
00000456,rademacher,2.0,0.025480013598537663,0.9529157604895526,0.3687499999999915,79.2873046875,78.9185546875,3.8585900090835388,6.912870185108399,5.371197196870691,9.773668985993579
00000456,gaussian,2.0,0.025480013598537663,0.9525602119460501,0.22597656249999432,79.2873046875,79.061328125,3.8585900090835388,8.385126988315601,5.371197196870691,11.656774631434068
00000456,constant,3.0,0.025480013598537663,0.9361934722042842,5.400000000000006,79.2873046875,84.6873046875,3.8585900090835388,3.858590009083538,5.371197196870691,5.371197196870691
00000456,rademacher,3.0,0.025480013598537663,0.9303641427195299,0.4458984374999915,79.2873046875,78.84140625,3.8585900090835388,9.410900533107123,5.371197196870691,13.190767952272953
00000456,gaussian,3.0,0.025480013598537663,0.9299388808295085,0.06796874999999147,79.2873046875,79.2193359375,3.8585900090835388,11.60788517867292,5.371197196870691,16.037351136942583
00000459,constant,1.0,0.028659131583898902,0.9748389174570606,1.8495922208281002,71.68648055207026,73.53607277289836,15.24893182774649,15.246943330479825,16.180686532216903,16.17790665504943
00000459,rademacher,1.0,0.028659131583898902,0.9734559926024189,0.11119824341280093,71.68648055207026,71.57528230865746,15.24893182774649,15.775858157453628,16.180686532216903,16.935666946623403
00000459,gaussian,1.0,0.028659131583898902,0.9735578896430748,0.0784805520702605,71.68648055207026,71.608,15.24893182774649,16.13881778920249,16.180686532216903,17.230698635888412
00000459,constant,2.0,0.028659131583898902,0.9509188541421774,3.699027603513173,71.68648055207026,75.38550815558344,15.24893182774649,15.245245150379185,16.180686532216903,16.176406622764762
00000459,rademacher,2.0,0.028659131583898902,0.9476004429754464,0.20585310108987187,71.68648055207026,71.48062745098039,15.24893182774649,16.957921157498507,16.180686532216903,18.609835093900273
00000459,gaussian,2.0,0.028659131583898902,0.9490788471020665,0.12567716277166596,71.68648055207026,71.5608033892986,15.24893182774649,17.71887094009622,16.180686532216903,19.75901728572217
00000459,constant,3.0,0.028659131583898902,0.928146436360535,5.548306148055204,71.68648055207026,77.23478670012547,15.24893182774649,15.245245150379185,16.180686532216903,16.176406622764762
00000459,rademacher,3.0,0.028659131583898902,0.9223978203929694,0.158951140305561,71.68648055207026,71.5275294117647,15.24893182774649,18.528792025590676,16.180686532216903,21.262023321280346
00000459,gaussian,3.0,0.028659131583898902,0.9217845215684788,0.16465951596352113,71.68648055207026,71.52182103610674,15.24893182774649,19.990173110816762,16.180686532216903,23.50771324897214
00000460,constant,1.0,0.029392003394785232,0.9741429629473692,1.7935578330893094,67.75961666444829,69.5531744975376,21.73385081822864,21.681603407795137,28.268524339887755,28.425328063385603
00000460,rademacher,1.0,0.029392003394785232,0.9722914247271698,0.09836283774789933,67.75961666444829,67.66125382670039,21.73385081822864,22.02856444348792,28.268524339887755,28.70622072251622
00000460,gaussian,1.0,0.029392003394785232,0.9729803080764414,0.06467343020575811,67.75961666444829,67.82429009465405,21.73385081822864,22.08026503576799,28.268524339887755,28.47048034753874
00000460,constant,2.0,0.029392003394785232,0.9496956964651534,3.5817915612937554,67.75961666444829,71.34140822574204,21.73385081822864,21.63741119978505,28.268524339887755,28.586293110024684
00000460,rademacher,2.0,0.029392003394785232,0.9453865074124054,0.08338934321029967,67.75961666444829,67.67622732123799,21.73385081822864,22.670506623459598,28.268524339887755,29.355446057451488
00000460,gaussian,2.0,0.029392003394785232,0.9464033742478112,0.06196395705964619,67.75961666444829,67.69765270738864,21.73385081822864,23.075437461391772,28.268524339887755,29.642439627019353
00000460,constant,3.0,0.029392003394785232,0.9265415783840458,5.36363636363636,67.75961666444829,73.12325302808465,21.73385081822864,21.59295046184431,28.268524339887755,28.74236269341995
00000460,rademacher,3.0,0.029392003394785232,0.9189107367210088,0.27999074594461604,67.75961666444829,67.47962591850367,21.73385081822864,23.621506154220963,28.268524339887755,30.564453447356634
00000460,gaussian,3.0,0.029392003394785232,0.9211208721422524,0.014489828667251459,67.75961666444829,67.74512683578104,21.73385081822864,24.55936463575237,28.268524339887755,32.003174223387525
00000461,constant,1.0,0.026416037275936492,0.9763914569126149,1.916455696202533,79.51080817916261,81.42726387536514,14.491007802479713,14.431747947464821,20.33157173063714,20.566995850890745
00000461,rademacher,1.0,0.026416037275936492,0.9755859020385832,0.031166643997991628,79.51080817916261,79.47964153516462,14.491007802479713,14.923135913559422,20.33157173063714,21.04558775855059
00000461,gaussian,1.0,0.026416037275936492,0.9764822660694831,0.02883725235891177,79.51080817916261,79.53964543152152,14.491007802479713,15.235728264262281,20.33157173063714,21.520668788596144
00000461,constant,2.0,0.026416037275936492,0.953916512237129,3.8311587147030224,79.51080817916261,83.34196689386563,14.491007802479713,14.369605804514318,20.33157173063714,20.801312243366223
00000461,rademacher,2.0,0.026416037275936492,0.9518513735225604,0.0017456182582975543,79.51080817916261,79.50906256090431,14.491007802479713,16.211691583632405,20.33157173063714,23.085110930497855
00000461,gaussian,2.0,0.026416037275936492,0.952065581617999,0.09997208483402176,79.51080817916261,79.41083609432859,14.491007802479713,16.922288430570664,20.33157173063714,24.0614748493983
00000461,constant,3.0,0.026416037275936492,0.9324742609518022,5.745666991236618,79.51080817916261,85.25647517039923,14.491007802479713,14.308301693256748,20.33157173063714,21.04009843585615
00000461,rademacher,3.0,0.026416037275936492,0.9285437553743373,0.04795229637822729,79.51080817916261,79.55876047554084,14.491007802479713,17.790578418275057,20.33157173063714,25.76660951524739
00000461,gaussian,3.0,0.026416037275936492,0.9306684402115,0.035184154201616025,79.51080817916261,79.475624024961,14.491007802479713,18.96781676665233,20.33157173063714,26.784466359683393
00000464,constant,1.0,0.025373619034197093,0.9758724198139157,1.9658203125,79.697265625,81.6630859375,4.3861242936496065,4.337283629786297,5.497325335435055,5.483661853841381
00000464,rademacher,1.0,0.025373619034197093,0.9753490279267734,0.00830078125,79.697265625,79.68896484375,4.3861242936496065,5.304206912762437,5.497325335435055,6.973657856620498
00000464,gaussian,1.0,0.025373619034197093,0.9753870601589103,0.0399169921875,79.697265625,79.6573486328125,4.3861242936496065,5.817005818920262,5.497325335435055,7.730556537912683
00000464,constant,2.0,0.025373619034197093,0.9532782612124141,3.8985595703125,79.697265625,83.5958251953125,4.3861242936496065,4.2713521064052,5.497325335435055,5.463559326342766
00000464,rademacher,2.0,0.025373619034197093,0.9515538908949545,0.0491943359375,79.697265625,79.6480712890625,4.3861242936496065,7.374066765289453,5.497325335435055,10.335921079765948
00000464,gaussian,2.0,0.025373619034197093,0.950519504806074,0.2225341796875,79.697265625,79.4747314453125,4.3861242936496065,8.790536180008196,5.497325335435055,12.281080213702827
00000464,constant,3.0,0.025373619034197093,0.9320299081539267,5.8028564453125,79.697265625,85.5001220703125,4.3861242936496065,4.212051142060368,5.497325335435055,5.448519759765186
00000464,rademacher,3.0,0.025373619034197093,0.9283920173738467,0.147216796875,79.697265625,79.550048828125,4.3861242936496065,9.904718629938435,5.497325335435055,13.615155888235893
00000464,gaussian,3.0,0.025373619034197093,0.9288271053234158,0.0047607421875,79.697265625,79.7020263671875,4.3861242936496065,11.957610595976105,5.497325335435055,17.1576353167346
00000465,constant,1.0,0.0270051314177571,0.975410504762895,1.875,74.4376220703125,76.3126220703125,3.5251160246502935,3.5251160246502944,5.006751773162771,5.006751773162771
00000465,rademacher,1.0,0.0270051314177571,0.9742953276596847,0.0269775390625,74.4376220703125,74.41064453125,3.5251160246502935,4.600215949707529,5.006751773162771,6.529834924202602
00000465,gaussian,1.0,0.0270051314177571,0.9743793751620431,0.1357421875,74.4376220703125,74.3018798828125,3.5251160246502935,5.265896618288409,5.006751773162771,7.432221013934777
00000465,constant,2.0,0.0270051314177571,0.9520072192133493,3.75,74.4376220703125,78.1876220703125,3.5251160246502935,3.5251160246502935,5.006751773162771,5.006751773162771
00000465,rademacher,2.0,0.0270051314177571,0.9491235509188515,0.17236328125,74.4376220703125,74.2652587890625,3.5251160246502935,6.7963292292117385,5.006751773162771,9.726239406577864
00000465,gaussian,2.0,0.0270051314177571,0.9486211608682991,0.2158203125,74.4376220703125,74.2218017578125,3.5251160246502935,8.32319945309245,5.006751773162771,11.695077949886944
00000465,constant,3.0,0.0270051314177571,0.9297247600112218,5.6239013671875,74.4376220703125,80.0615234375,3.5251160246502935,3.5222390815524207,5.006751773162771,5.006097715516305
00000465,rademacher,3.0,0.0270051314177571,0.9245108650930797,0.40966796875,74.4376220703125,74.0279541015625,3.5251160246502935,9.43838432323961,5.006751773162771,13.619647805402586
00000465,gaussian,3.0,0.0270051314177571,0.9253357855783932,0.3826904296875,74.4376220703125,74.054931640625,3.5251160246502935,11.589826023481523,5.006751773162771,16.504286363481743
00000466,constant,1.0,0.022086690530075177,0.9814729997696701,1.6189031505250853,86.53885647607935,88.15775962660443,16.24551117793842,16.082953780309467,33.56417370602717,33.37617257396211
00000466,rademacher,1.0,0.022086690530075177,0.9791721768494845,0.09070140835397922,86.53885647607935,86.44815506772537,16.24551117793842,16.4503145955975,33.56417370602717,33.65028942544265
00000466,gaussian,1.0,0.022086690530075177,0.9794248142406585,0.05989434424203921,86.53885647607935,86.4789621318373,16.24551117793842,16.49994200180771,33.56417370602717,33.37910732725998
00000466,constant,2.0,0.022086690530075177,0.9638454918661457,3.225670945157532,86.53885647607935,89.76452742123688,16.24551117793842,15.951994504448354,33.56417370602717,33.25870865771725
00000466,rademacher,2.0,0.022086690530075177,0.9588416692033829,0.24539853215411256,86.53885647607935,86.29345794392523,16.24551117793842,17.342115393972055,33.56417370602717,34.485147306842386
00000466,gaussian,2.0,0.022086690530075177,0.9598294767651487,0.34755619544323224,86.53885647607935,86.19130028063611,16.24551117793842,17.91980053682841,33.56417370602717,35.06962354908996
00000466,constant,3.0,0.022086690530075177,0.9472319245323515,4.7981330221703615,86.53885647607935,91.33698949824971,16.24551117793842,15.883960117716626,33.56417370602717,33.19474111674995
00000466,rademacher,3.0,0.022086690530075177,0.9389643501390337,0.43700679216456706,86.53885647607935,86.10184968391478,16.24551117793842,18.14232382355542,33.56417370602717,35.17247223997958
00000466,gaussian,3.0,0.022086690530075177,0.9397833207357017,0.12834744488066008,86.53885647607935,86.41050903119869,16.24551117793842,18.923593529792115,33.56417370602717,35.381306625798786
00000468,constant,1.0,0.02670553466419325,0.9794968177352527,1.7928321678321595,86.91491841491842,88.70775058275058,20.816390550946714,20.798990080599495,45.77625706937323,45.750940697955045
00000468,rademacher,1.0,0.02670553466419325,0.9780939296191576,0.02238108931021543,86.91491841491842,86.93729950422863,20.816390550946714,20.989837493368753,45.77625706937323,45.67402305696639
00000468,gaussian,1.0,0.02670553466419325,0.9781753142462735,0.04629476676720401,86.91491841491842,86.96121318168562,20.816390550946714,21.177609183118086,45.77625706937323,45.855117297366604
00000468,constant,2.0,0.02670553466419325,0.9599442265458457,3.5853729603729505,86.91491841491842,90.50029137529137,20.816390550946714,20.784653309782232,45.77625706937323,45.73227989213699
00000468,rademacher,2.0,0.02670553466419325,0.9566876512681071,0.04586038050605623,86.91491841491842,86.86905803441236,20.816390550946714,21.70449864892124,45.77625706937323,46.36931878520992
00000468,gaussian,2.0,0.02670553466419325,0.9580737940668913,0.00011808143194969034,86.91491841491842,86.91503649635037,20.816390550946714,21.77113048288881,45.77625706937323,46.06398790232923
00000468,constant,3.0,0.02670553466419325,0.9412193735791866,5.377622377622373,86.91491841491842,92.29254079254079,20.816390550946714,20.77300733834246,45.77625706937323,45.72250323586971
00000468,rademacher,3.0,0.02670553466419325,0.9359587804584503,0.1167881198556131,86.91491841491842,86.7981302950628,20.816390550946714,22.471807531272148,45.77625706937323,46.64778223627643
00000468,gaussian,3.0,0.02670553466419325,0.9344094311450293,0.2565315066776179,86.91491841491842,86.6583869082408,20.816390550946714,23.553747604295392,45.77625706937323,47.82376019944381
00000469,constant,1.0,0.019781785127356673,0.9831883315577087,2.0,117.78687989556136,119.78687989556136,21.68291561278413,21.68291561278413,50.404271471992075,50.404271471992075
00000469,rademacher,1.0,0.019781785127356673,0.9830361337219684,0.09003815863387388,117.78687989556136,117.87691805419523,21.68291561278413,21.883690027497842,50.404271471992075,50.47975661176895
00000469,gaussian,1.0,0.019781785127356673,0.9841918973848426,0.06821148825065393,117.78687989556136,117.7186684073107,21.68291561278413,22.061755916775468,50.404271471992075,50.792546833077566
00000469,constant,2.0,0.019781785127356673,0.9670051373579991,4.0,117.78687989556136,121.78687989556136,21.68291561278413,21.68291561278413,50.404271471992075,50.404271471992075
00000469,rademacher,2.0,0.019781785127356673,0.9664486213012432,0.06000224612979821,117.78687989556136,117.84688214169115,21.68291561278413,22.728496341202504,50.404271471992075,51.51341662848867
00000469,gaussian,2.0,0.019781785127356673,0.9663830771953228,0.2637406139095759,117.78687989556136,118.05062050947093,21.68291561278413,22.71707450908165,50.404271471992075,51.04617516129424
00000469,constant,3.0,0.019781785127356673,0.9513686386382691,6.0,117.78687989556136,123.78687989556136,21.68291561278413,21.68291561278413,50.404271471992075,50.404271471992075
00000469,rademacher,3.0,0.019781785127356673,0.9501584993770826,0.16473828031311655,117.78687989556136,117.95161817587447,21.68291561278413,22.999204853184022,50.404271471992075,50.4898708219214
00000469,gaussian,3.0,0.019781785127356673,0.951127992322353,0.11609298911685073,117.78687989556136,117.9029728846782,21.68291561278413,23.954026694473647,50.404271471992075,51.729927530855186
00000470,constant,1.0,0.028947921570020636,0.9777913510164973,1.8296170625302892,81.94643722733883,83.77605428986912,24.106301305511124,24.079586416302973,49.97922794350796,49.94615748937054
00000470,rademacher,1.0,0.028947921570020636,0.9764844381449941,0.12102500619431567,81.94643722733883,81.82541222114452,24.106301305511124,24.30310996877071,49.97922794350796,49.99205120289783
00000470,gaussian,1.0,0.028947921570020636,0.9772588897865514,0.0021948030964153986,81.94643722733883,81.94424242424242,24.106301305511124,24.473735740774828,49.97922794350796,50.22930703247933
00000470,constant,2.0,0.028947921570020636,0.9566885980440195,3.658507028599118,81.94643722733883,85.60494425593795,24.106301305511124,24.056484001056518,49.97922794350796,49.92071963513228
00000470,rademacher,2.0,0.028947921570020636,0.9535424295494348,0.060057037972484295,81.94643722733883,81.88638018936635,24.106301305511124,24.67585699754629,49.97922794350796,50.071743234299596
00000470,gaussian,2.0,0.028947921570020636,0.9538234978649637,0.16063610893377245,81.94643722733883,81.78580111840506,24.106301305511124,24.84235058162332,49.97922794350796,50.0863866598585
00000470,constant,3.0,0.028947921570020636,0.9365839456536809,5.486669898206486,81.94643722733883,87.43310712554532,24.106301305511124,24.036735261698542,49.97922794350796,49.90318903780407
00000470,rademacher,3.0,0.028947921570020636,0.9314088831353321,0.10327037500034919,81.94643722733883,82.04970760233918,24.106301305511124,24.817525214051912,49.97922794350796,49.26862308508482
00000470,gaussian,3.0,0.028947921570020636,0.9308664761735532,0.08675391430594459,81.94643722733883,81.85968331303289,24.106301305511124,25.694188324959846,49.97922794350796,49.69669941368982
00000471,constant,1.0,0.03106674606619094,0.9753369188211861,1.8533300074831516,74.18034422549265,76.0336742329758,23.329424838313003,23.299273250303056,47.74222882145272,47.70422049024748
00000471,rademacher,1.0,0.03106674606619094,0.9739825731075743,0.031604519977292966,74.18034422549265,74.14873970551535,23.329424838313003,23.481619263347746,47.74222882145272,47.83196867945364
00000471,gaussian,1.0,0.03106674606619094,0.9734899183973058,0.03624333383785938,74.18034422549265,74.2165875593305,23.329424838313003,23.39724900569384,47.74222882145272,47.46620173947826
00000471,constant,2.0,0.03106674606619094,0.9520074307768686,3.7066600149663174,74.18034422549265,77.88700424045896,23.329424838313003,23.26966911552554,47.74222882145272,47.667510117803864
00000471,rademacher,2.0,0.03106674606619094,0.9488810968402805,0.10513183168954754,74.18034422549265,74.0752123938031,23.329424838313003,23.99792621600028,47.74222882145272,48.326479011950575
00000471,gaussian,2.0,0.03106674606619094,0.9494473470030718,0.09035880177781053,74.18034422549265,74.27070302727046,23.329424838313003,24.115422997772114,47.74222882145272,47.959934790067265
00000471,constant,3.0,0.03106674606619094,0.9298173718819017,5.559990022449483,74.18034422549265,79.74033424794213,23.329424838313003,23.24123145110663,47.74222882145272,47.63217510086303
00000471,rademacher,3.0,0.03106674606619094,0.9245113035362439,0.14739318367799115,74.18034422549265,74.32773740917064,23.329424838313003,24.346611627377815,47.74222882145272,47.87672284020496
00000471,gaussian,3.0,0.03106674606619094,0.9233253852035196,0.22000718012984066,74.18034422549265,74.40035140562249,23.329424838313003,25.471111447585866,47.74222882145272,48.884090088116054
00000473,constant,1.0,0.024684406545924784,0.9761397935608883,2.0,81.8630859375,83.8630859375,4.65502896817091,4.655028968170913,6.050083759270516,6.050083759270516
00000473,rademacher,1.0,0.024684406545924784,0.975845103128632,0.029296875,81.8630859375,81.8337890625,4.65502896817091,5.580944794564597,6.050083759270516,7.461635232223652
00000473,gaussian,1.0,0.024684406545924784,0.9767194544528494,0.0087890625,81.8630859375,81.871875,4.65502896817091,5.971962339192402,6.050083759270516,8.17360775528753
00000473,constant,2.0,0.024684406545924784,0.9533981775086552,4.0,81.8630859375,85.8630859375,4.65502896817091,4.655028968170912,6.050083759270516,6.050083759270516
00000473,rademacher,2.0,0.024684406545924784,0.9523021261140446,0.0546875,81.8630859375,81.9177734375,4.65502896817091,7.640341403800525,6.050083759270516,10.473199592550714
00000473,gaussian,2.0,0.024684406545924784,0.9525360773814101,0.0634765625,81.8630859375,81.799609375,4.65502896817091,8.93830814995523,6.050083759270516,12.400481961337835
00000473,constant,3.0,0.024684406545924784,0.9316941530568467,6.0,81.8630859375,87.8630859375,4.65502896817091,4.655028968170909,6.050083759270516,6.050083759270516
00000473,rademacher,3.0,0.024684406545924784,0.9292840969754984,0.03515625,81.8630859375,81.8982421875,4.65502896817091,10.153032368169812,6.050083759270516,14.4432026253203
00000473,gaussian,3.0,0.024684406545924784,0.9313989340971305,0.1484375,81.8630859375,81.7146484375,4.65502896817091,11.895455866921893,6.050083759270516,16.61962740916065
00000474,constant,1.0,0.025578651336509373,0.9772589342997346,1.8605113636363626,80.06051136363637,81.92102272727273,5.5857240188727495,5.562998407626407,8.652322279642826,8.602122133468466
00000474,rademacher,1.0,0.025578651336509373,0.976108095209688,0.13125000000000853,80.06051136363637,79.92926136363636,5.5857240188727495,6.341569654401303,8.652322279642826,9.769104357634166
00000474,gaussian,1.0,0.025578651336509373,0.9769396521470584,0.07670454545454675,80.06051136363637,79.98380681818182,5.5857240188727495,6.80722499612026,8.652322279642826,10.449576425033573
00000474,constant,2.0,0.025578651336509373,0.9555486230381494,3.720596590909082,80.06051136363637,83.78110795454545,5.5857240188727495,5.540808389696576,8.652322279642826,8.55540598814753
00000474,rademacher,2.0,0.025578651336509373,0.9527898781942787,0.14433008788697066,80.06051136363637,79.9161812757494,5.5857240188727495,8.140930977747995,8.652322279642826,12.420575025886428
00000474,gaussian,2.0,0.025578651336509373,0.9520308773147145,0.26477272727272805,80.06051136363637,79.79573863636364,5.5857240188727495,9.583391614741398,8.652322279642826,14.577257969316985
00000474,constant,3.0,0.025578651336509373,0.9347912623774692,5.580539772727278,80.06051136363637,85.64105113636364,5.5857240188727495,5.519232319187198,8.652322279642826,8.510210498494203
00000474,rademacher,3.0,0.025578651336509373,0.9298901347831011,0.3548713579537406,80.06051136363637,79.70564000568262,5.5857240188727495,10.46346330685627,8.652322279642826,15.448387669569609
00000474,gaussian,3.0,0.025578651336509373,0.9299740924202755,0.2085437546009956,80.06051136363637,79.85196760903537,5.5857240188727495,12.448852688247564,8.652322279642826,18.153414117364775
00000475,constant,1.0,0.029718385157785226,0.9747536989176132,1.75,67.5869140625,69.3369140625,3.824152815296843,3.8241528152968436,5.743637653338758,5.743637653338758
00000475,rademacher,1.0,0.029718385157785226,0.9726505663176515,0.126220703125,67.5869140625,67.460693359375,3.824152815296843,4.825407118533351,5.743637653338758,6.9164534336672645
00000475,gaussian,1.0,0.029718385157785226,0.9732466428874916,0.244873046875,67.5869140625,67.342041015625,3.824152815296843,5.368837653946565,5.743637653338758,7.687599212640871
00000475,constant,2.0,0.029718385157785226,0.9507507590015524,3.5,67.5869140625,71.0869140625,3.824152815296843,3.824152815296844,5.743637653338758,5.743637653338758
00000475,rademacher,2.0,0.029718385157785226,0.9458597155997549,0.27099609375,67.5869140625,67.31591796875,3.824152815296843,6.830967213545897,5.743637653338758,9.736632847297138
00000475,gaussian,2.0,0.029718385157785226,0.9463762339920503,0.441650390625,67.5869140625,67.145263671875,3.824152815296843,8.181170871950506,5.743637653338758,11.380185231771586
00000475,constant,3.0,0.029718385157785226,0.927907756251257,5.25,67.5869140625,72.8369140625,3.824152815296843,3.8241528152968405,5.743637653338758,5.743637653338758
00000475,rademacher,3.0,0.029718385157785226,0.91987191744864,0.356689453125,67.5869140625,67.230224609375,3.824152815296843,9.320149141555046,5.743637653338758,13.238121841351745
00000475,gaussian,3.0,0.029718385157785226,0.9179805131129641,0.51220703125,67.5869140625,67.07470703125,3.824152815296843,11.56939679852457,5.743637653338758,16.3245888882523
00000476,constant,1.0,0.024526569657646,0.9762078901481115,2.0,82.119921875,84.119921875,4.1580486273075,4.158048627307499,5.603889702015964,5.603889702015964
00000476,rademacher,1.0,0.024526569657646,0.9759200342119733,0.005859375,82.119921875,82.12578125,4.1580486273075,5.097308086574081,5.603889702015964,7.011381598136805
00000476,gaussian,1.0,0.024526569657646,0.9761518646999652,0.013671875,82.119921875,82.10625,4.1580486273075,5.74064656748313,5.603889702015964,7.7285235687494005
00000476,constant,2.0,0.024526569657646,0.953528087033631,4.0,82.119921875,86.119921875,4.1580486273075,4.1580486273075,5.603889702015964,5.603889702015964
00000476,rademacher,2.0,0.024526569657646,0.9523984262867706,0.04296875,82.119921875,82.076953125,4.1580486273075,7.2549403540642246,5.603889702015964,10.229832712132461
00000476,gaussian,2.0,0.024526569657646,0.9529779327281295,0.095703125,82.119921875,82.215625,4.1580486273075,8.639574795507304,5.603889702015964,11.964379555646499
00000476,constant,3.0,0.024526569657646,0.9318843727697075,6.0,82.119921875,88.119921875,4.1580486273075,4.158048627307499,5.603889702015964,5.603889702015964
00000476,rademacher,3.0,0.024526569657646,0.9295566750860658,0.1875,82.119921875,82.307421875,4.1580486273075,9.932779885488051,5.603889702015964,13.941053471067239
00000476,gaussian,3.0,0.024526569657646,0.9317703111634367,0.15625,82.119921875,81.963671875,4.1580486273075,11.6944199151017,5.603889702015964,16.62948353892479
00000478,constant,1.0,0.026587664545333255,0.9758811422691022,1.875,75.9434814453125,77.8184814453125,4.0063193221596505,4.0063193221596505,5.459094729992226,5.459094729992226
00000478,rademacher,1.0,0.026587664545333255,0.9747817899181147,0.061279296875,75.9434814453125,75.8822021484375,4.0063193221596505,5.0115557175865115,5.459094729992226,6.822319922223531
00000478,gaussian,1.0,0.026587664545333255,0.9760283115413708,0.0850830078125,75.9434814453125,75.8583984375,4.0063193221596505,5.468791372729537,5.459094729992226,7.571129819898536
00000478,constant,2.0,0.026587664545333255,0.9529041616692631,3.75,75.9434814453125,79.6934814453125,4.0063193221596505,4.006319322159651,5.459094729992226,5.459094729992226
00000478,rademacher,2.0,0.026587664545333255,0.9501590967571876,0.1533203125,75.9434814453125,75.7901611328125,4.0063193221596505,7.110779907957012,5.459094729992226,9.815401035084676
00000478,gaussian,2.0,0.026587664545333255,0.9503049894104165,0.01123046875,75.9434814453125,75.9322509765625,4.0063193221596505,8.512030622661513,5.459094729992226,11.67622251857871
00000478,constant,3.0,0.026587664545333255,0.9309926309929303,5.625,75.9434814453125,81.5684814453125,4.0063193221596505,4.006319322159651,5.459094729992226,5.459094729992226
00000478,rademacher,3.0,0.026587664545333255,0.9261616172585352,0.3175048828125,75.9434814453125,75.6259765625,4.0063193221596505,9.555038893398592,5.459094729992226,13.82560080485753
00000478,gaussian,3.0,0.026587664545333255,0.9274090091878887,0.2030029296875,75.9434814453125,75.740478515625,4.0063193221596505,11.719318080472807,5.459094729992226,16.845719768440617
00000480,constant,1.0,0.02672443112802656,0.9757134346471898,1.875,75.37451171875,77.24951171875,4.293155912453889,4.293155912453889,5.559092946951262,5.559092946951262
00000480,rademacher,1.0,0.02672443112802656,0.9746545031304159,0.0238037109375,75.37451171875,75.3983154296875,4.293155912453889,5.215008884835541,5.559092946951262,6.910612523709735
00000480,gaussian,1.0,0.02672443112802656,0.9751662573603102,0.1405029296875,75.37451171875,75.2340087890625,4.293155912453889,5.80475819862991,5.559092946951262,7.802376323648002
00000480,constant,2.0,0.02672443112802656,0.9525829817104685,3.75,75.37451171875,79.12451171875,4.293155912453889,4.293155912453889,5.559092946951262,5.559092946951262
00000480,rademacher,2.0,0.02672443112802656,0.9498595144047091,0.04052734375,75.37451171875,75.333984375,4.293155912453889,7.293106256465196,5.559092946951262,10.073920987167007
00000480,gaussian,2.0,0.02672443112802656,0.9496602553261438,0.16796875,75.37451171875,75.20654296875,4.293155912453889,8.566713320283583,5.559092946951262,11.799247859905911
00000480,constant,3.0,0.02672443112802656,0.9305294123852568,5.625,75.37451171875,80.99951171875,4.293155912453889,4.293155912453889,5.559092946951262,5.559092946951262
00000480,rademacher,3.0,0.02672443112802656,0.9256431739850185,0.0860595703125,75.37451171875,75.2884521484375,4.293155912453889,9.739746554116913,5.559092946951262,13.528730678644823
00000480,gaussian,3.0,0.02672443112802656,0.9264054259136089,0.1326904296875,75.37451171875,75.2418212890625,4.293155912453889,11.736664588162405,5.559092946951262,15.771244328770353
00000481,constant,1.0,0.027047977928806945,0.9766692954784437,1.7930058621386706,75.10349706893066,76.89650293106934,4.988519117256496,4.988519117256496,8.532545792434064,8.532545792434064
00000481,rademacher,1.0,0.027047977928806945,0.9750858443869341,0.09803921568627061,75.10349706893066,75.0054578532444,4.988519117256496,5.913319654281548,8.532545792434064,9.68623043716886
00000481,gaussian,1.0,0.027047977928806945,0.9759497173998659,0.10268849807964386,75.10349706893066,75.00080857085102,4.988519117256496,6.355140806528561,8.532545792434064,10.247666389353023
00000481,constant,2.0,0.027047977928806945,0.9544073182573669,3.5860117242773413,75.10349706893066,78.689508793208,4.988519117256496,4.988519117256496,8.532545792434064,8.532545792434064
00000481,rademacher,2.0,0.027047977928806945,0.9506314037592384,0.2316555488174714,75.10349706893066,74.8718415201132,4.988519117256496,7.750631347674326,8.532545792434064,12.166868509881558
00000481,gaussian,2.0,0.027047977928806945,0.9506120248754256,0.25368910450778515,75.10349706893066,74.84980796442288,4.988519117256496,9.15539144639388,8.532545792434064,13.894241390330995
00000481,constant,3.0,0.027047977928806945,0.9331399364553115,5.379017586416012,75.10349706893066,80.48251465534668,4.988519117256496,4.988519117256496,8.532545792434064,8.532545792434064
00000481,rademacher,3.0,0.027047977928806945,0.9271074994219624,0.2573276733373717,75.10349706893066,74.8461693955933,4.988519117256496,10.10922042444274,8.532545792434064,15.288990199785804
00000481,gaussian,3.0,0.027047977928806945,0.9287651146647671,0.22137009764072957,75.10349706893066,74.88212697128994,4.988519117256496,11.765669057232326,8.532545792434064,17.62450275675726
00000483,constant,1.0,0.028051866337566195,0.9747758696409371,1.857142857142847,71.84333147321429,73.70047433035714,3.9882092029322007,3.9882092029322016,5.020505641395715,5.020505641395715
00000483,rademacher,1.0,0.028051866337566195,0.9735327433831859,0.03041294642858361,71.84333147321429,71.81291852678571,3.9882092029322007,5.01759677479342,5.020505641395715,6.49991716855726
00000483,gaussian,1.0,0.028051866337566195,0.9734326286281834,0.0895647321428612,71.84333147321429,71.75376674107143,3.9882092029322007,5.619070295020065,5.020505641395715,7.420106304115747
00000483,constant,2.0,0.028051866337566195,0.9507999667642199,3.714285714285708,71.84333147321429,75.5576171875,3.9882092029322007,3.9882092029322016,5.020505641395715,5.020505641395715
00000483,rademacher,2.0,0.028051866337566195,0.9478251991014907,0.0393415178571388,71.84333147321429,71.88267299107143,3.9882092029322007,7.102179184113558,5.020505641395715,9.679264022983793
00000483,gaussian,2.0,0.028051866337566195,0.9463147902894852,0.3650948660714306,71.84333147321429,71.47823660714286,3.9882092029322007,8.590970067109202,5.020505641395715,11.869091686430627
00000483,constant,3.0,0.028051866337566195,0.9279818778811394,5.571428571428569,71.84333147321429,77.41476004464286,3.9882092029322007,3.988209202932201,5.020505641395715,5.020505641395715
00000483,rademacher,3.0,0.028051866337566195,0.9224880650977682,0.1356026785714306,71.84333147321429,71.70772879464286,3.9882092029322007,9.570652366228861,5.020505641395715,13.229570604994832
00000483,gaussian,3.0,0.028051866337566195,0.9204629525837911,0.269810267857153,71.84333147321429,71.57352120535714,3.9882092029322007,11.858128035883698,5.020505641395715,16.976878251510083
00000484,constant,1.0,0.028845262591995255,0.9753068004610482,1.8483203257549974,73.22650152697659,75.07482185273159,18.79694408594723,18.772062091711412,24.69161919319425,24.633347068089183
00000484,rademacher,1.0,0.028845262591995255,0.9739848746610529,0.059014678172928825,73.22650152697659,73.16748684880366,18.79694408594723,18.97553211891004,24.69161919319425,25.016067694121478
00000484,gaussian,1.0,0.028845262591995255,0.9742531514023655,0.09925347811334007,73.22650152697659,73.12724804886325,18.79694408594723,19.21989546214986,24.69161919319425,25.490269145657383
00000484,constant,2.0,0.028845262591995255,0.9518583055782253,3.6954530030539416,73.22650152697659,76.92195453003053,18.79694408594723,18.74864892469647,24.69161919319425,24.584460287407005
00000484,rademacher,2.0,0.028845262591995255,0.948652541932099,0.19679519528418155,73.22650152697659,73.02970633169241,18.79694408594723,19.69657027195221,24.69161919319425,25.909396598471346
00000484,gaussian,2.0,0.028845262591995255,0.9502554450121,0.02859012271791528,73.22650152697659,73.2550916496945,18.79694408594723,20.20518252679315,24.69161919319425,26.517028492581453
00000484,constant,3.0,0.028845262591995255,0.9295268619874123,5.542246352222591,73.22650152697659,78.76874787919918,18.79694408594723,18.7266105357206,24.69161919319425,24.53841793019953
00000484,rademacher,3.0,0.028845262591995255,0.9240296445730838,0.09795678253780693,73.22650152697659,73.12854474443878,18.79694408594723,20.781877724490894,24.69161919319425,27.680845062582822
00000484,gaussian,3.0,0.028845262591995255,0.9246962712364336,0.2545103540008711,73.22650152697659,72.97199117297572,18.79694408594723,21.846902430083027,24.69161919319425,29.334154847323425
00000485,constant,1.0,0.025833440074479287,0.9780758042436687,1.75,78.149658203125,79.899658203125,3.814746926985201,3.8147469269852006,5.403005235172199,5.403005235172199
00000485,rademacher,1.0,0.025833440074479287,0.9762440293388864,0.13232421875,78.149658203125,78.017333984375,3.814746926985201,4.787736481474191,5.403005235172199,6.73192203452084
00000485,gaussian,1.0,0.025833440074479287,0.9769377197915958,0.106201171875,78.149658203125,78.04345703125,3.814746926985201,5.3253642006370345,5.403005235172199,7.42404791919789
00000485,constant,2.0,0.025833440074479287,0.9571009101890945,3.5,78.149658203125,81.649658203125,3.814746926985201,3.8147469269852006,5.403005235172199,5.403005235172199
00000485,rademacher,2.0,0.025833440074479287,0.9531957402349835,0.19970703125,78.149658203125,77.949951171875,3.814746926985201,6.824425217681969,5.403005235172199,9.748754749404052
00000485,gaussian,2.0,0.025833440074479287,0.9535770831932413,0.251953125,78.149658203125,77.897705078125,3.814746926985201,8.12930532793735,5.403005235172199,11.584585464367885
00000485,constant,3.0,0.025833440074479287,0.9370149734342296,5.25,78.149658203125,83.399658203125,3.814746926985201,3.8147469269852015,5.403005235172199,5.403005235172199
00000485,rademacher,3.0,0.025833440074479287,0.9302308693152591,0.55078125,78.149658203125,77.598876953125,3.814746926985201,9.288365761538588,5.403005235172199,13.281268202167654
00000485,gaussian,3.0,0.025833440074479287,0.9301591910686037,0.501708984375,78.149658203125,77.64794921875,3.814746926985201,11.464835064416944,5.403005235172199,15.80167360149902
00000486,constant,1.0,0.024525919886378582,0.9765475508615841,2.0,83.4807903402854,85.4807903402854,5.096744385406981,5.09674438540698,7.987977669892216,7.987977669892216
00000486,rademacher,1.0,0.024525919886378582,0.9762676361973123,0.0048298572996827716,83.4807903402854,83.48562019758508,5.096744385406981,6.030047176900311,7.987977669892216,9.24541241087959
00000486,gaussian,1.0,0.024525919886378582,0.977320965946334,0.03327167537543119,83.4807903402854,83.44751866490996,5.096744385406981,6.367637382490315,7.987977669892216,9.737238204092941
00000486,constant,2.0,0.024525919886378582,0.9541890860905878,4.0,83.4807903402854,87.4807903402854,5.096744385406981,5.096744385406982,7.987977669892216,7.987977669892216
00000486,rademacher,2.0,0.024525919886378582,0.953098758647609,0.03139407244786696,83.4807903402854,83.51218441273326,5.096744385406981,8.118933850701668,7.987977669892216,12.375808450557217
00000486,gaussian,2.0,0.024525919886378582,0.9543010614510782,0.005049396267835959,83.4807903402854,83.47574094401756,5.096744385406981,9.165461878061006,7.987977669892216,13.789186067343293
00000486,constant,3.0,0.024525919886378582,0.9328475391334217,6.0,83.4807903402854,89.4807903402854,5.096744385406981,5.096744385406981,7.987977669892216,7.987977669892216
00000486,rademacher,3.0,0.024525919886378582,0.9305426569025979,0.08452250274424955,83.4807903402854,83.56531284302964,5.096744385406981,10.565445710918391,7.987977669892216,15.843219254342419
00000486,gaussian,3.0,0.024525919886378582,0.9307066459456989,0.025580485725143376,83.4807903402854,83.50637082601054,5.096744385406981,12.312350926990245,7.987977669892216,17.768941154201297
00000488,constant,1.0,0.025074136972926372,0.9757583640485272,2.0,80.59165736607143,82.59165736607143,4.130670054688543,4.130670054688543,5.923133283056551,5.923133283056551
00000488,rademacher,1.0,0.025074136972926372,0.9754715304315725,0.083984375,80.59165736607143,80.67564174107143,4.130670054688543,5.0532319110126735,5.923133283056551,7.202077155383
00000488,gaussian,1.0,0.025074136972926372,0.9762854640261678,0.01171875,80.59165736607143,80.57993861607143,4.130670054688543,5.621627572941057,5.923133283056551,8.116845909468408
00000488,constant,2.0,0.025074136972926372,0.9526720805351417,4.0,80.59165736607143,84.59165736607143,4.130670054688543,4.130670054688542,5.923133283056551,5.923133283056551
00000488,rademacher,2.0,0.025074136972926372,0.9514891948443537,0.09375,80.59165736607143,80.49790736607143,4.130670054688543,7.279350236527695,5.923133283056551,10.321363287044537
00000488,gaussian,2.0,0.025074136972926372,0.9525826857771686,0.220703125,80.59165736607143,80.81236049107143,4.130670054688543,8.534819843159905,5.923133283056551,11.972819832730055
00000488,constant,3.0,0.025074136972926372,0.9306619793647009,6.0,80.59165736607143,86.59165736607143,4.130670054688543,4.130670054688542,5.923133283056551,5.923133283056551
00000488,rademacher,3.0,0.025074136972926372,0.928131636237362,0.052734375,80.59165736607143,80.53892299107143,4.130670054688543,9.959449604397195,5.923133283056551,13.94088265898088
00000488,gaussian,3.0,0.025074136972926372,0.9288876272219485,0.019810267857138797,80.59165736607143,80.57184709821429,4.130670054688543,11.866783488426483,5.923133283056551,16.924983194471725
00000489,constant,1.0,0.0245776429474948,0.9788693044840097,1.9857890800299174,93.07728745948641,95.06307653951633,23.58738740227036,23.589110760007024,50.26169308388091,50.234667244792114
00000489,rademacher,1.0,0.0245776429474948,0.9785372112690245,0.0062328596360003985,93.07728745948641,93.08352031912241,23.58738740227036,23.840703271403243,50.26169308388091,50.58019892163721
00000489,gaussian,1.0,0.0245776429474948,0.9794762465395997,0.04736973323360871,93.07728745948641,93.12465719272002,23.58738740227036,23.83785692222992,50.26169308388091,50.38341180644859
00000489,constant,2.0,0.0245776429474948,0.95872643933321,3.9715781600598348,93.07728745948641,97.04886561954625,23.58738740227036,23.59121126708448,50.26169308388091,50.20803144952176
00000489,rademacher,2.0,0.0245776429474948,0.9577360310557866,0.24872352403829723,93.07728745948641,93.32601098352471,23.58738740227036,24.21093393097697,50.26169308388091,50.68481275739987
00000489,gaussian,2.0,0.0245776429474948,0.9576663211891424,0.180462540513588,93.07728745948641,93.25775,23.58738740227036,24.225117935433282,50.26169308388091,50.15817459211888
00000489,constant,3.0,0.0245776429474948,0.9394573391642812,5.95562203939167,93.07728745948641,99.03290949887808,23.58738740227036,23.59100985347961,50.26169308388091,50.179543276478206
00000489,rademacher,3.0,0.0245776429474948,0.9373613514712635,0.38119178013339194,93.07728745948641,93.4584792396198,23.58738740227036,24.740831242794382,50.26169308388091,50.891835459145035
00000489,gaussian,3.0,0.0245776429474948,0.9382149602882834,0.2234380846716988,93.07728745948641,93.30072554415811,23.58738740227036,25.68725674619035,50.26169308388091,51.3154843091537
00000490,constant,1.0,0.019325581033086174,0.9843672133158529,1.7714348206474142,112.35170603674541,114.12314085739283,17.407586703386222,17.37083615411961,37.02265037964857,36.95087482718274
00000490,rademacher,1.0,0.019325581033086174,0.9831869932523826,0.17869641294838345,112.35170603674541,112.17300962379703,17.407586703386222,17.725046953541273,37.02265037964857,37.419779769988004
00000490,gaussian,1.0,0.019325581033086174,0.983355516962266,0.0523624918876493,112.35170603674541,112.29934354485776,17.407586703386222,17.742035133733886,37.02265037964857,37.05222868872283
00000490,constant,2.0,0.019325581033086174,0.9694169167752044,3.525809273840764,112.35170603674541,115.87751531058618,17.407586703386222,17.328382080691654,37.02265037964857,36.86013566684464
00000490,rademacher,2.0,0.019325581033086174,0.9668393107267338,0.07943639349743137,112.35170603674541,112.27226964324798,17.407586703386222,18.165786411458136,37.02265037964857,37.41271316186635
00000490,gaussian,2.0,0.019325581033086174,0.9674990509132324,0.15406979249064534,112.35170603674541,112.19763624425477,17.407586703386222,18.514542365257334,37.02265037964857,37.44612628203856
00000490,constant,3.0,0.019325581033086174,0.955102192631716,5.260061242344705,112.35170603674541,117.61176727909012,17.407586703386222,17.27679083472588,37.02265037964857,36.748410993786464
00000490,rademacher,3.0,0.019325581033086174,0.9507552060058987,0.24557912208457822,112.35170603674541,112.10612691466083,17.407586703386222,19.190349420872757,37.02265037964857,38.380119219791325
00000490,gaussian,3.0,0.019325581033086174,0.951156939449667,0.07869990177609054,112.35170603674541,112.27300613496932,17.407586703386222,19.937999205385946,37.02265037964857,38.416808144363884
00000491,constant,1.0,0.025754733071806243,0.977087228680595,1.8333333333333428,78.25179036458333,80.08512369791667,4.162303574810787,4.162303574810788,6.61517091536368,6.61517091536368
00000491,rademacher,1.0,0.025754733071806243,0.9756957370359782,0.1510416666666572,78.25179036458333,78.10074869791667,4.162303574810787,5.17093778643832,6.61517091536368,7.90792194352293
00000491,gaussian,1.0,0.025754733071806243,0.9758357662732843,0.08642578125,78.25179036458333,78.16536458333333,4.162303574810787,5.738716994376539,6.61517091536368,8.751948366786843
00000491,constant,2.0,0.025754733071806243,0.9552161110735815,3.6666666666666714,78.25179036458333,81.91845703125,4.162303574810787,4.162303574810788,6.61517091536368,6.61517091536368
00000491,rademacher,2.0,0.025754733071806243,0.9521812114635029,0.1529947916666572,78.25179036458333,78.09879557291667,4.162303574810787,7.269126146773501,6.61517091536368,10.614826168082528
00000491,gaussian,2.0,0.025754733071806243,0.9508369943793968,0.24365234375,78.25179036458333,78.00813802083333,4.162303574810787,8.706492659945747,6.61517091536368,12.733818931267857
00000491,constant,3.0,0.025754733071806243,0.9343044983102429,5.5,78.25179036458333,83.75179036458333,4.162303574810787,4.162303574810789,6.61517091536368,6.61517091536368
00000491,rademacher,3.0,0.025754733071806243,0.9291123184406316,0.051595052083328596,78.25179036458333,78.2001953125,4.162303574810787,9.677086029662528,6.61517091536368,14.155044744660948
00000491,gaussian,3.0,0.025754733071806243,0.9287322297485907,0.1824544270833286,78.25179036458333,78.0693359375,4.162303574810787,11.894132088891668,6.61517091536368,17.01008842597644
00000492,constant,1.0,0.02441397873315882,0.9763172637646339,2.0,82.54443359375,84.54443359375,3.836743279592684,3.836743279592684,5.781604351151126,5.781604351151126
00000492,rademacher,1.0,0.02441397873315882,0.9760199979534259,0.072265625,82.54443359375,82.47216796875,3.836743279592684,4.884924309179995,5.781604351151126,7.155429520931113
00000492,gaussian,1.0,0.02441397873315882,0.9762159601347558,0.0966796875,82.54443359375,82.44775390625,3.836743279592684,5.5399815924941125,5.781604351151126,8.069308666991523
00000492,constant,2.0,0.02441397873315882,0.9537410820829207,4.0,82.54443359375,86.54443359375,3.836743279592684,3.8367432795926835,5.781604351151126,5.781604351151126
00000492,rademacher,2.0,0.02441397873315882,0.9525852349924551,0.17578125,82.54443359375,82.36865234375,3.836743279592684,7.06558077867426,5.781604351151126,10.32799211287428
00000492,gaussian,2.0,0.02441397873315882,0.9533130965709076,0.1865234375,82.54443359375,82.73095703125,3.836743279592684,8.386522346979177,5.781604351151126,11.889361658925832
00000492,constant,3.0,0.02441397873315882,0.9321931084684169,6.0,82.54443359375,88.54443359375,3.836743279592684,3.836743279592686,5.781604351151126,5.781604351151126
00000492,rademacher,3.0,0.02441397873315882,0.9298545765611634,0.158203125,82.54443359375,82.70263671875,3.836743279592684,9.77814087703827,5.781604351151126,13.635704674776358
00000492,gaussian,3.0,0.02441397873315882,0.9302702332039978,0.1416015625,82.54443359375,82.40283203125,3.836743279592684,11.901032306237596,5.781604351151126,17.10548812738813
00000493,constant,1.0,0.024780134299049347,0.976510768257415,1.955078125,81.39827473958333,83.35335286458333,4.008935674336075,3.942606647817735,5.701399003105188,5.606867211702039
00000493,rademacher,1.0,0.024780134299049347,0.9759484592907818,0.001953125,81.39827473958333,81.39632161458333,4.008935674336075,4.9589124026448905,5.701399003105188,7.086550136643916
00000493,gaussian,1.0,0.024780134299049347,0.9760482945398014,0.026692708333342807,81.39827473958333,81.42496744791667,4.008935674336075,5.584378529301037,5.701399003105188,7.898474732032593
00000493,constant,2.0,0.024780134299049347,0.9546297091696971,3.8639322916666714,81.39827473958333,85.26220703125,4.008935674336075,3.8512169663367324,5.701399003105188,5.508073934123946
00000493,rademacher,2.0,0.024780134299049347,0.9527880917585494,0.10888671875,81.39827473958333,81.50716145833333,4.008935674336075,7.035661858125905,5.701399003105188,10.174158120030883
00000493,gaussian,2.0,0.024780134299049347,0.9525575180265803,0.11490885416665719,81.39827473958333,81.28336588541667,4.008935674336075,8.581382746916706,5.701399003105188,12.194473727234746
00000493,constant,3.0,0.024780134299049347,0.9340844691585398,5.738606770833343,81.39827473958333,87.13688151041667,4.008935674336075,3.767482438432392,5.701399003105188,5.452617120219407
00000493,rademacher,3.0,0.024780134299049347,0.9303759851180597,0.025553385416671404,81.39827473958333,81.423828125,4.008935674336075,9.614837411545842,5.701399003105188,13.52422607654403
00000493,gaussian,3.0,0.024780134299049347,0.9328885658277818,0.049641927083328596,81.39827473958333,81.3486328125,4.008935674336075,11.457513071625854,5.701399003105188,16.37727327365663
00000494,constant,1.0,0.026526530193572966,0.9761498203950415,1.8571428571428612,76.173828125,78.03097098214286,3.5232367667545366,3.5232367667545366,5.229550349522215,5.229550349522215
00000494,rademacher,1.0,0.026526530193572966,0.9749463459123366,0.0707310267857082,76.173828125,76.10309709821429,3.5232367667545366,4.623741969092849,5.229550349522215,6.715811028562939
00000494,gaussian,1.0,0.026526530193572966,0.9750583100666065,0.0538504464285694,76.173828125,76.11997767857143,3.5232367667545366,5.295672935534269,5.229550349522215,7.59481076610948
00000494,constant,2.0,0.026526530193572966,0.953427451747431,3.714285714285708,76.173828125,79.88811383928571,3.5232367667545366,3.523236766754537,5.229550349522215,5.229550349522215
00000494,rademacher,2.0,0.026526530193572966,0.9505185068717348,0.033203125,76.173828125,76.140625,3.5232367667545366,6.80419761259606,5.229550349522215,9.736311091296807
00000494,gaussian,2.0,0.026526530193572966,0.9502421156079692,0.0535714285714306,76.173828125,76.12025669642857,3.5232367667545366,8.240740230631783,5.229550349522215,11.631368344615854
00000494,constant,3.0,0.026526530193572966,0.9317468119385053,5.571428571428569,76.173828125,81.74525669642857,3.5232367667545366,3.523236766754536,5.229550349522215,5.229550349522215
00000494,rademacher,3.0,0.026526530193572966,0.9265841257053613,0.1954520089285694,76.173828125,75.97837611607143,3.5232367667545366,9.426328263090861,5.229550349522215,13.506585674584718
00000494,gaussian,3.0,0.026526530193572966,0.9276488436573896,0.150390625,76.173828125,76.0234375,3.5232367667545366,11.343624146369448,5.229550349522215,16.161500703083327
00000495,constant,1.0,0.030820773763126426,0.970691902324095,1.976417089678506,65.53426395939087,67.51068104906938,3.673424512321806,3.6672396083178818,5.47585546354875,5.45834700249477
00000495,rademacher,1.0,0.030820773763126426,0.9700575284700734,0.03331218274112757,65.53426395939087,65.50095177664974,3.673424512321806,4.7695343807553385,5.47585546354875,6.994666715663458
00000495,gaussian,1.0,0.030820773763126426,0.9709588927749684,0.06524957698816536,65.53426395939087,65.4690143824027,3.673424512321806,5.367058822577279,5.47585546354875,7.922006929248482
00000495,constant,2.0,0.030820773763126426,0.9430657356450591,3.9526226734348455,65.53426395939087,69.48688663282572,3.673424512321806,3.661357009131891,5.47585546354875,5.4419697560759275
00000495,rademacher,2.0,0.030820773763126426,0.9410900131951108,0.08671742808797944,65.53426395939087,65.62098138747885,3.673424512321806,7.072784935938132,5.47585546354875,10.176890301593119
00000495,gaussian,2.0,0.030820773763126426,0.9406758946170986,0.078468697123526,65.53426395939087,65.45579526226734,3.673424512321806,8.480402279405954,5.47585546354875,12.025544018655037
00000495,constant,3.0,0.030820773763126426,0.9169794065243256,5.928405245346866,65.53426395939087,71.46266920473774,3.673424512321806,3.655481696729574,5.47585546354875,5.428454954037813
00000495,rademacher,3.0,0.030820773763126426,0.9129063711090815,0.06901472913372686,65.53426395939087,65.6032786885246,3.673424512321806,9.70895239387804,5.47585546354875,13.80443442970007
00000495,gaussian,3.0,0.030820773763126426,0.9119517843707079,0.1869712351945907,65.53426395939087,65.34729272419628,3.673424512321806,12.067586452657217,5.47585546354875,17.187877958374482
00000496,constant,1.0,0.027217866733293267,0.9744770269114263,1.7358518739734166,66.34060026877707,68.07645214275048,13.19677660069448,13.129733782545461,16.52902751561124,16.648968122972207
00000496,rademacher,1.0,0.027217866733293267,0.9721690871807176,0.12498133492609043,66.34060026877707,66.21561893385098,13.19677660069448,13.893009580744877,16.52902751561124,17.54093575591052
00000496,gaussian,1.0,0.027217866733293267,0.9718490467078696,0.19023443332835654,66.34060026877707,66.15036583544871,13.19677660069448,14.389626289587351,16.52902751561124,18.18843887118146
00000496,constant,2.0,0.027217866733293267,0.9503118743261975,3.4661788860683913,66.34060026877707,69.80677915484546,13.19677660069448,13.077155838715285,16.52902751561124,16.750235261111047
00000496,rademacher,2.0,0.027217866733293267,0.9452037372849208,0.20215940856201087,66.34060026877707,66.13844086021506,13.19677660069448,15.359832541788446,16.52902751561124,19.8015411782746
00000496,gaussian,2.0,0.027217866733293267,0.9468744372757338,0.2872848565906878,66.34060026877707,66.05331541218638,13.19677660069448,16.266069828601744,16.52902751561124,20.996939747586367
00000496,constant,3.0,0.027217866733293267,0.9274691551324608,5.185456174406454,66.34060026877707,71.52605644318352,13.19677660069448,13.03746818006871,16.52902751561124,16.81580184890468
00000496,rademacher,3.0,0.027217866733293267,0.9188403473845427,0.39347554883681823,66.34060026877707,65.94712471994025,13.19677660069448,17.148107007450413,16.52902751561124,22.389471248452725
00000496,gaussian,3.0,0.027217866733293267,0.9195491862712631,0.25250111990443713,66.34060026877707,66.08809914887263,13.19677660069448,18.824566458817266,16.52902751561124,24.405930416202867
00000498,constant,1.0,0.025851849710147024,0.9764922199517916,1.7999999999999972,74.83583502366464,76.63583502366464,8.478584244494822,8.461787143371309,13.044810550441298,13.005570461958651
00000498,rademacher,1.0,0.025851849710147024,0.9749241762930195,0.06125760649088363,74.83583502366464,74.77457741717376,8.478584244494822,9.115275747339101,13.044810550441298,13.981373781712966
00000498,gaussian,1.0,0.025851849710147024,0.974647404479155,0.11480730223124169,74.83583502366464,74.7210277214334,8.478584244494822,9.524145170335883,13.044810550441298,14.57422095003372
00000498,constant,2.0,0.025851849710147024,0.9540774456053239,3.5991886409736225,74.83583502366464,78.43502366463827,8.478584244494822,8.446480596088865,13.044810550441298,12.967881707798126
00000498,rademacher,2.0,0.025851849710147024,0.950452691450024,0.1516316154958588,74.83583502366464,74.68420340816878,8.478584244494822,10.474651386478374,13.044810550441298,15.862734869021043
00000498,gaussian,2.0,0.025851849710147024,0.9506265703988968,0.27132325736764074,74.83583502366464,74.564511766297,8.478584244494822,11.67861462652878,13.044810550441298,17.66354880781706
00000498,constant,3.0,0.025851849710147024,0.9326843343603157,5.397430696416492,74.83583502366464,80.23326572008114,8.478584244494822,8.43211486455524,13.044810550441298,12.932401763362265
00000498,rademacher,3.0,0.025851849710147024,0.9268463904847177,0.07670600013204876,74.83583502366464,74.7591290235326,8.478584244494822,12.519224927362083,13.044810550441298,18.940158898559265
00000498,gaussian,3.0,0.025851849710147024,0.9268883621239303,0.47233394141356655,74.83583502366464,74.36350108225108,8.478584244494822,14.198737298506371,13.044810550441298,21.10805395046852
00000499,constant,1.0,0.027526353781006648,0.9734379452374168,1.6000000000000014,58.7189453125,60.3189453125,3.44193401824205,3.4419340182420504,5.67012090526003,5.67012090526003
00000499,rademacher,1.0,0.027526353781006648,0.969654398224889,0.22988281249999432,58.7189453125,58.4890625,3.44193401824205,4.471667809738885,5.67012090526003,6.810712873329601
00000499,gaussian,1.0,0.027526353781006648,0.9708314593462438,0.18027343749999858,58.7189453125,58.538671875,3.44193401824205,5.077982586827408,5.67012090526003,7.645108839182901
00000499,constant,2.0,0.027526353781006648,0.9482624289089435,3.200000000000003,58.7189453125,61.9189453125,3.44193401824205,3.4419340182420504,5.67012090526003,5.67012090526003
00000499,rademacher,2.0,0.027526353781006648,0.9403021316273408,0.37890625,58.7189453125,58.3400390625,3.44193401824205,6.515423755061931,5.67012090526003,9.720230369040861
00000499,gaussian,2.0,0.027526353781006648,0.9417289034350811,0.28515625,58.7189453125,58.4337890625,3.44193401824205,7.726685851830939,5.67012090526003,11.047959115432738
00000499,constant,3.0,0.027526353781006648,0.9243704972372293,4.800000000000004,58.7189453125,63.5189453125,3.44193401824205,3.4419340182420504,5.67012090526003,5.67012090526003
00000499,rademacher,3.0,0.027526353781006648,0.911407580756541,0.6580078124999957,58.7189453125,58.0609375,3.44193401824205,8.927840648016737,5.67012090526003,12.89547267318967
00000499,gaussian,3.0,0.027526353781006648,0.9139489395430894,0.45795683818860766,58.7189453125,58.26098847431139,3.44193401824205,10.820596485032723,5.67012090526003,15.70874399637677
00000504,constant,1.0,0.02583998763157125,0.976979727136897,1.8333333333333286,77.90787760416667,79.7412109375,3.688230784931328,3.6882307849313296,5.396619663381613,5.396619663381613
00000504,rademacher,1.0,0.02583998763157125,0.9757587893225549,0.02685546875,77.90787760416667,77.88102213541667,3.688230784931328,4.716918854984511,5.396619663381613,6.754969860030706
00000504,gaussian,1.0,0.02583998763157125,0.976092530646231,0.1448567708333428,77.90787760416667,77.76302083333333,3.688230784931328,5.282589566969533,5.396619663381613,7.5900925968757145
00000504,constant,2.0,0.02583998763157125,0.9550069035970534,3.666666666666657,77.90787760416667,81.57454427083333,3.688230784931328,3.688230784931329,5.396619663381613,5.396619663381613
00000504,rademacher,2.0,0.02583998763157125,0.9518283891468878,0.2503255208333428,77.90787760416667,77.65755208333333,3.688230784931328,6.8637194115749445,5.396619663381613,9.823910675636135
00000504,gaussian,2.0,0.02583998763157125,0.9516356576011172,0.2208658854166714,77.90787760416667,77.68701171875,3.688230784931328,8.343097874684823,5.396619663381613,11.763688485376548
00000504,constant,3.0,0.02583998763157125,0.9340061702737986,5.5,77.90787760416667,83.40787760416667,3.688230784931328,3.688230784931328,5.396619663381613,5.396619663381613
00000504,rademacher,3.0,0.02583998763157125,0.9283920969326492,0.53515625,77.90787760416667,77.37272135416667,3.688230784931328,9.446147682679989,5.396619663381613,13.262518173913259
00000504,gaussian,3.0,0.02583998763157125,0.9283863923872142,0.0017903645833285964,77.90787760416667,77.90966796875,3.688230784931328,11.58422245692523,5.396619663381613,16.85590352846045
00000505,constant,1.0,0.02749158299317701,0.9784817396526642,1.8250373320059765,83.55475360876058,85.37979094076655,22.782318328331346,22.767487080732867,48.080880855446566,48.04332092115994
00000505,rademacher,1.0,0.02749158299317701,0.9772257338603736,0.08077205142876664,83.55475360876058,83.63552566018934,22.782318328331346,22.888401974036288,48.080880855446566,48.02063705870826
00000505,gaussian,1.0,0.02749158299317701,0.9772581300932773,0.060496827322154445,83.55475360876058,83.61525043608273,22.782318328331346,22.974232372415965,48.080880855446566,47.958672855265924
00000505,constant,2.0,0.02749158299317701,0.9579411244241736,3.649825783972119,83.55475360876058,87.2045793927327,22.782318328331346,22.753267706063475,48.080880855446566,48.00922700955355
00000505,rademacher,2.0,0.02749158299317701,0.9549600496719147,0.0609189642366772,83.55475360876058,83.61567257299725,22.782318328331346,22.829448247171836,48.080880855446566,47.277375990122785
00000505,gaussian,2.0,0.02749158299317701,0.9556474802292213,0.16488082252959657,83.55475360876058,83.38987278623098,22.782318328331346,23.37194379820697,48.080880855446566,47.855513044820434
00000505,constant,3.0,0.02749158299317701,0.9382740208548824,5.4741164758586365,83.55475360876058,89.02887008461921,22.782318328331346,22.739397193001658,48.080880855446566,47.982038754327355
00000505,rademacher,3.0,0.02749158299317701,0.9333187273162309,0.1763136244311312,83.55475360876058,83.73106723319171,22.782318328331346,23.83493919374666,48.080880855446566,48.1470312832808
00000505,gaussian,3.0,0.02749158299317701,0.9360083756550711,0.0001717359513691008,83.55475360876058,83.55458187280921,22.782318328331346,24.10726157853952,48.080880855446566,47.72865354040918
00000506,constant,1.0,0.027132519858396043,0.97420633450639,2.0,75.72333381315676,77.72333381315676,9.377033543449166,9.377033543449167,13.241506944872986,13.241506944872986
00000506,rademacher,1.0,0.027132519858396043,0.973863860202043,0.03454728659853856,75.72333381315676,75.7578810997553,9.377033543449166,10.001871646481122,13.241506944872986,14.134302663941055
00000506,gaussian,1.0,0.027132519858396043,0.9735882894763994,0.03534149281875898,75.72333381315676,75.75867530597552,9.377033543449166,10.421660704223351,13.241506944872986,14.686248522726597
00000506,constant,2.0,0.027132519858396043,0.949792154979071,3.9952497480927036,75.72333381315676,79.71858356124946,9.377033543449166,9.372644816447293,13.241506944872986,13.235656084251529
00000506,rademacher,2.0,0.027132519858396043,0.9484476491490694,0.0020010564961268074,75.72333381315676,75.72533486965288,9.377033543449166,11.447294987666627,13.241506944872986,15.994302769692723
00000506,gaussian,2.0,0.027132519858396043,0.9486522726346709,0.07257573602947787,75.72333381315676,75.79590954918623,9.377033543449166,12.404374728566198,13.241506944872986,17.28754574820404
00000506,constant,3.0,0.027132519858396043,0.9270077495333889,5.952929322009496,75.72333381315676,81.67626313516625,9.377033543449166,9.34871332685844,13.241506944872986,13.203819618159546
00000506,rademacher,3.0,0.027132519858396043,0.9238729630070179,0.052730327631763885,75.72333381315676,75.67060348552499,9.377033543449166,13.310904978221199,13.241506944872986,18.71808897264807
00000506,gaussian,3.0,0.027132519858396043,0.9267269809163662,0.01941676246551083,75.72333381315676,75.70391705069125,9.377033543449166,14.697713433239157,13.241506944872986,20.401626549309366
00000507,constant,1.0,0.027382968453772062,0.9751416066327867,1.875,73.598388671875,75.473388671875,3.790473898148478,3.7904738981484773,5.450426242140761,5.450426242140761
00000507,rademacher,1.0,0.027382968453772062,0.9739689881596814,0.0728759765625,73.598388671875,73.5255126953125,3.790473898148478,4.835527108031842,5.450426242140761,6.863474938274569
00000507,gaussian,1.0,0.027382968453772062,0.9748471664362424,0.0245361328125,73.598388671875,73.5738525390625,3.790473898148478,5.391512596869358,5.450426242140761,7.5294961604490815
00000507,constant,2.0,0.027382968453772062,0.9514921192054026,3.75,73.598388671875,77.348388671875,3.790473898148478,3.790473898148476,5.450426242140761,5.450426242140761
00000507,rademacher,2.0,0.027382968453772062,0.948659572953276,0.18359375,73.598388671875,73.414794921875,3.790473898148478,6.966644125672314,5.450426242140761,9.868231281337327
00000507,gaussian,2.0,0.027382968453772062,0.95026057993413,0.2364501953125,73.598388671875,73.3619384765625,3.790473898148478,8.184737468906578,5.450426242140761,11.909870164928908
00000507,constant,3.0,0.027382968453772062,0.9289668763761705,5.625,73.598388671875,79.223388671875,3.790473898148478,3.790473898148477,5.450426242140761,5.450426242140761
00000507,rademacher,3.0,0.027382968453772062,0.923807239703249,0.3145751953125,73.598388671875,73.2838134765625,3.790473898148478,9.525964569540747,5.450426242140761,13.740298824164066
00000507,gaussian,3.0,0.027382968453772062,0.9236811174000482,0.0460205078125,73.598388671875,73.6444091796875,3.790473898148478,11.881767306317613,5.450426242140761,16.706420710956685
00000509,constant,1.0,0.027531961637725453,0.9750555392615182,1.875,73.4630126953125,75.3380126953125,3.8674077369978015,3.8674077369978015,5.214687635864145,5.214687635864145
00000509,rademacher,1.0,0.027531961637725453,0.9738920662011471,0.0821533203125,73.4630126953125,73.380859375,3.8674077369978015,4.843037104941937,5.214687635864145,6.692611432029556
00000509,gaussian,1.0,0.027531961637725453,0.9748094786231896,0.0723876953125,73.4630126953125,73.390625,3.8674077369978015,5.370826181203636,5.214687635864145,7.319965420249774
00000509,constant,2.0,0.027531961637725453,0.9513447966204593,3.75,73.4630126953125,77.2130126953125,3.8674077369978015,3.8674077369978015,5.214687635864145,5.214687635864145
00000509,rademacher,2.0,0.027531961637725453,0.9484963319244036,0.0411376953125,73.4630126953125,73.421875,3.8674077369978015,6.968430468083911,5.214687635864145,9.836469970999334
00000509,gaussian,2.0,0.027531961637725453,0.9488141745362823,0.0296630859375,73.4630126953125,73.49267578125,3.8674077369978015,8.363024726786211,5.214687635864145,11.7065032021949
00000509,constant,3.0,0.027531961637725453,0.9287770439324505,5.625,73.4630126953125,79.0880126953125,3.8674077369978015,3.8674077369977997,5.214687635864145,5.214687635864145
00000509,rademacher,3.0,0.027531961637725453,0.9235755714773115,0.3172607421875,73.4630126953125,73.145751953125,3.8674077369978015,9.606904826926812,5.214687635864145,13.674535571370589
00000509,gaussian,3.0,0.027531961637725453,0.9242450227843556,0.3631591796875,73.4630126953125,73.099853515625,3.8674077369978015,11.59827061216448,5.214687635864145,16.609235416024976
00000510,constant,1.0,0.026714186530895627,0.975934331206048,1.8571428571428612,75.3544921875,77.21163504464286,3.5255218642133817,3.5255218642133843,5.177955200736691,5.177955200736691
00000510,rademacher,1.0,0.026714186530895627,0.9747539838798429,0.0040457589285693984,75.3544921875,75.35044642857143,3.5255218642133817,4.586787537172216,5.177955200736691,6.646911434530183
00000510,gaussian,1.0,0.026714186530895627,0.9757524441404636,0.017159598214291805,75.3544921875,75.37165178571429,3.5255218642133817,5.151104314624242,5.177955200736691,7.3433521334460625
00000510,constant,2.0,0.026714186530895627,0.9530031177162861,3.714285714285708,75.3544921875,79.06877790178571,3.5255218642133817,3.5255218642133825,5.177955200736691,5.177955200736691
00000510,rademacher,2.0,0.026714186530895627,0.9499754178957719,0.1994977678571388,75.3544921875,75.15499441964286,3.5255218642133817,6.82977245310703,5.177955200736691,9.543553306702512
00000510,gaussian,2.0,0.026714186530895627,0.9500774280515416,0.14453125,75.3544921875,75.2099609375,3.5255218642133817,8.238028467285035,5.177955200736691,11.945342155534535
00000510,constant,3.0,0.026714186530895627,0.9311295953109512,5.571428571428569,75.3544921875,80.92592075892857,3.5255218642133817,3.525521864213384,5.177955200736691,5.177955200736691
00000510,rademacher,3.0,0.026714186530895627,0.9259482175100328,0.2599051339285694,75.3544921875,75.09458705357143,3.5255218642133817,9.38326041926535,5.177955200736691,13.226934518163578
00000510,gaussian,3.0,0.026714186530895627,0.9259271828359542,0.2777622767857082,75.3544921875,75.07672991071429,3.5255218642133817,11.632745856516392,5.177955200736691,16.530522696135456
00000512,constant,1.0,0.024009144130292252,0.9767668552936942,2.0,84.1591796875,86.1591796875,4.413800666256945,4.413800666256945,6.379887829382517,6.379887829382517
00000512,rademacher,1.0,0.024009144130292252,0.976483274445923,0.056640625,84.1591796875,84.1025390625,4.413800666256945,5.316797422239208,6.379887829382517,7.511088075816533
00000512,gaussian,1.0,0.024009144130292252,0.9771641577060932,0.0322265625,84.1591796875,84.19140625,4.413800666256945,5.913528447388386,6.379887829382517,8.464206434689416
00000512,constant,2.0,0.024009144130292252,0.9545966873167043,4.0,84.1591796875,88.1591796875,4.413800666256945,4.413800666256945,6.379887829382517,6.379887829382517
00000512,rademacher,2.0,0.024009144130292252,0.9535505581694421,0.0625,84.1591796875,84.2216796875,4.413800666256945,7.481339986154975,6.379887829382517,10.977450588627104
00000512,gaussian,2.0,0.024009144130292252,0.9534400344343256,0.104736328125,84.1591796875,84.263916015625,4.413800666256945,8.768406203531873,6.379887829382517,12.833076505960015
00000512,constant,3.0,0.024009144130292252,0.9334156532382322,6.0,84.1591796875,90.1591796875,4.413800666256945,4.413800666256945,6.379887829382517,6.379887829382517
00000512,rademacher,3.0,0.024009144130292252,0.9310896582645612,0.0703125,84.1591796875,84.0888671875,4.413800666256945,9.982928623180708,6.379887829382517,14.291334400224777
00000512,gaussian,3.0,0.024009144130292252,0.9307700917841952,0.1396484375,84.1591796875,84.298828125,4.413800666256945,12.193683470540682,6.379887829382517,17.21321056107964
00000513,constant,1.0,0.026700188467562475,0.9759229012488436,1.8571428571428612,75.35965401785714,77.216796875,3.62818584738429,3.62818584738429,5.230009324018375,5.230009324018375
00000513,rademacher,1.0,0.026700188467562475,0.9746831045151664,0.057059151785708195,75.35965401785714,75.30259486607143,3.62818584738429,4.663788932332431,5.230009324018375,6.538340585739954
00000513,gaussian,1.0,0.026700188467562475,0.9768020490303696,0.0320870535714306,75.35965401785714,75.39174107142857,3.62818584738429,5.151253037654748,5.230009324018375,7.2155940985917875
00000513,constant,2.0,0.026700188467562475,0.9529830009086178,3.7142857142857224,75.35965401785714,79.07393973214286,3.62818584738429,3.6281858473842896,5.230009324018375,5.230009324018375
00000513,rademacher,2.0,0.026700188467562475,0.9500296088739962,0.029296875,75.35965401785714,75.33035714285714,3.62818584738429,6.821019252070827,5.230009324018375,9.6771114349129
00000513,gaussian,2.0,0.026700188467562475,0.9513977490512463,0.279994419642847,75.35965401785714,75.07965959821429,3.62818584738429,8.137216731193996,5.230009324018375,11.492218726583502
00000513,constant,3.0,0.026700188467562475,0.931108012087342,5.571428571428569,75.35965401785714,80.93108258928571,3.62818584738429,3.62818584738429,5.230009324018375,5.230009324018375
00000513,rademacher,3.0,0.026700188467562475,0.9257853592497272,0.2845982142857082,75.35965401785714,75.07505580357143,3.62818584738429,9.44952934804345,5.230009324018375,13.166468237173907
00000513,gaussian,3.0,0.026700188467562475,0.9261205426114292,0.2649274553571388,75.35965401785714,75.0947265625,3.62818584738429,11.561718682576247,5.230009324018375,16.602049729158022
00000515,constant,1.0,0.024146491842939963,0.9765479948810344,2.0,83.314453125,85.314453125,3.8130183877106765,3.8130183877106765,5.510774589993398,5.510774589993398
00000515,rademacher,1.0,0.024146491842939963,0.9762736909882179,0.02734375,83.314453125,83.341796875,3.8130183877106765,4.874034324233955,5.510774589993398,7.09526238245314
00000515,gaussian,1.0,0.024146491842939963,0.9777356373533135,0.001953125,83.314453125,83.3125,3.8130183877106765,5.370513771064813,5.510774589993398,7.660275203495578
00000515,constant,2.0,0.024146491842939963,0.954175045688504,4.0,83.314453125,87.314453125,3.8130183877106765,3.8130183877106774,5.510774589993398,5.510774589993398
00000515,rademacher,2.0,0.024146491842939963,0.9531513320817794,0.203125,83.314453125,83.517578125,3.8130183877106765,7.082088970753101,5.510774589993398,10.204597587133318
00000515,gaussian,2.0,0.024146491842939963,0.9549074169500842,0.0908203125,83.314453125,83.4052734375,3.8130183877106765,8.30091622190277,5.510774589993398,11.753531312093312
00000515,constant,3.0,0.024146491842939963,0.932806315467209,6.0,83.314453125,89.314453125,3.8130183877106765,3.8130183877106765,5.510774589993398,5.510774589993398
00000515,rademacher,3.0,0.024146491842939963,0.9304466694428853,0.029296875,83.314453125,83.28515625,3.8130183877106765,9.831818386122317,5.510774589993398,13.771269191519389
00000515,gaussian,3.0,0.024146491842939963,0.9298337244900267,0.0791015625,83.314453125,83.3935546875,3.8130183877106765,12.01889946646175,5.510774589993398,16.79952876410265
00000516,constant,1.0,0.029825930650842047,0.9739296896196796,1.8437833714721705,69.00381388253241,70.84759725400458,10.94713291913117,10.947132919131166,19.247453982276628,19.247453982276628
00000516,rademacher,1.0,0.029825930650842047,0.9724485141838323,0.10344769394528441,69.00381388253241,68.90036618858713,10.94713291913117,11.55954192136319,19.247453982276628,19.867052403822317
00000516,gaussian,1.0,0.029825930650842047,0.9731006375207816,0.036003051106021644,69.00381388253241,68.96781083142639,10.94713291913117,11.9752264780978,19.247453982276628,20.49313838235737
00000516,constant,2.0,0.029825930650842047,0.94921205227381,3.687566742944327,69.00381388253241,72.69138062547674,10.94713291913117,10.947132919131166,19.247453982276628,19.247453982276628
00000516,rademacher,2.0,0.029825930650842047,0.9456690929993735,0.12860411899312396,69.00381388253241,68.87520976353929,10.94713291913117,12.957398854609808,19.247453982276628,21.93686611924328
00000516,gaussian,2.0,0.029825930650842047,0.9460840762353306,0.29776992648845635,69.00381388253241,68.70604395604396,10.94713291913117,11.667004575374182,19.247453982276628,21.78906205938501
00000516,constant,3.0,0.029825930650842047,0.9257293615349034,5.531350114416483,69.00381388253241,74.5351639969489,10.94713291913117,10.947132919131171,19.247453982276628,19.247453982276628
00000516,rademacher,3.0,0.029825930650842047,0.9196140385196021,0.22182914970798606,69.00381388253241,68.78198473282443,10.94713291913117,14.72584532361511,19.247453982276628,23.731897653809945
00000516,gaussian,3.0,0.029825930650842047,0.9199663947763019,0.13333862860258705,69.00381388253241,69.137152511135,10.94713291913117,14.208310574512577,19.247453982276628,24.546671312373817
00000518,constant,1.0,0.007105485232067511,0.9953447915422291,1.4155251141552867,304.37956621004565,305.79509132420094,12.078247871326178,12.078247871326175,24.878498021953323,24.878498021953323
00000518,rademacher,1.0,0.007105485232067511,0.994370534453115,0.2808219178082254,304.37956621004565,304.0987442922374,12.078247871326178,12.823254787817518,24.878498021953323,25.60234369707179
00000518,gaussian,1.0,0.007105485232067511,0.9947528270921792,0.31221461187215027,304.37956621004565,304.0673515981735,12.078247871326178,13.234361141279802,24.878498021953323,26.085252625526696
00000518,constant,2.0,0.007105485232067511,0.9907456092272648,2.8310502283105166,304.37956621004565,307.21061643835617,12.078247871326178,12.078247871326175,24.878498021953323,24.878498021953323
00000518,rademacher,2.0,0.007105485232067511,0.988696135855424,0.2715662100456484,304.37956621004565,304.108,12.078247871326178,13.873775370659109,24.878498021953323,26.847817428154666
00000518,gaussian,2.0,0.007105485232067511,0.9888815462789768,0.6284246575342536,304.37956621004565,303.7511415525114,12.078247871326178,15.161762134823782,24.878498021953323,28.700444934954096
00000518,constant,3.0,0.007105485232067511,0.9861978535748169,4.246575342465746,304.37956621004565,308.6261415525114,12.078247871326178,12.078247871326177,24.878498021953323,24.878498021953323
00000518,rademacher,3.0,0.007105485232067511,0.9831821170527634,0.6875662100456452,304.37956621004565,303.692,12.078247871326178,15.627913043031823,24.878498021953323,29.407252385523748
00000518,gaussian,3.0,0.007105485232067511,0.9832961391299164,0.6984233529028074,304.37956621004565,303.68114285714285,12.078247871326178,17.209043274968582,24.878498021953323,31.530242591175
00000519,constant,1.0,0.026288751457193102,0.9803298693500431,1.7408695652173947,88.06492753623188,89.80579710144927,20.334489455485482,20.30187316385905,47.28831669533071,47.22443362835906
00000519,rademacher,1.0,0.026288751457193102,0.9786570156991246,0.06956925366732492,88.06492753623188,87.99535828256455,20.334489455485482,20.516649544539657,47.28831669533071,47.204521634239
00000519,gaussian,1.0,0.026288751457193102,0.9787204908599504,0.07130804667271207,88.06492753623188,87.99361948955917,20.334489455485482,20.776474754835636,47.28831669533071,47.617841894918314
00000519,constant,2.0,0.026288751457193102,0.9615708576893116,3.4797101449275374,88.06492753623188,91.54463768115941,20.334489455485482,20.273808767022473,47.28831669533071,47.17071990165885
00000519,rademacher,2.0,0.026288751457193102,0.9577102698093829,0.28424868505693723,88.06492753623188,87.78067885117494,20.334489455485482,21.295602955920597,47.28831669533071,47.999862118260836
00000519,gaussian,2.0,0.026288751457193102,0.957697510080092,0.1682657074945837,88.06492753623188,87.8966618287373,20.334489455485482,21.89987668768494,47.28831669533071,48.412330694514154
00000519,constant,3.0,0.026288751457193102,0.9436189055653957,5.216811594202909,88.06492753623188,93.28173913043479,20.334489455485482,20.249711750022914,47.28831669533071,47.124796304398004
00000519,rademacher,3.0,0.026288751457193102,0.9375912362025252,0.43302747812612097,88.06492753623188,87.63190005810576,20.334489455485482,21.67386093466188,47.28831669533071,47.78572473062996
00000519,gaussian,3.0,0.026288751457193102,0.9371185092675698,0.015799629255127456,88.06492753623188,88.04912790697675,20.334489455485482,23.26985007981143,47.28831669533071,49.24255129256122
00000520,constant,1.0,0.016813202578212262,0.9876951805491244,1.6468965517241543,134.65206896551723,136.29896551724138,16.379182130595535,16.379182130595535,36.205915472731625,36.205915472731625
00000520,rademacher,1.0,0.016813202578212262,0.9862837559134912,0.16293478131578354,134.65206896551723,134.48913418420145,16.379182130595535,16.959894992617652,36.205915472731625,36.71129806607631
00000520,gaussian,1.0,0.016813202578212262,0.9867405678031046,0.035781870969259444,134.65206896551723,134.61628709454797,16.379182130595535,17.210734128442002,36.205915472731625,36.8441481037377
00000520,constant,2.0,0.016813202578212262,0.9758065725727828,3.29379310344828,134.65206896551723,137.9458620689655,16.379182130595535,16.379182130595538,36.205915472731625,36.205915472731625
00000520,rademacher,2.0,0.016813202578212262,0.9727664874388651,0.3133258715945715,134.65206896551723,134.33874309392266,16.379182130595535,17.720602830965895,36.205915472731625,37.60757284373293
00000520,gaussian,2.0,0.016813202578212262,0.9733261095766254,0.04639618793160594,134.65206896551723,134.60567277758562,16.379182130595535,18.164877552576407,36.205915472731625,37.46929787272188
00000520,constant,3.0,0.016813202578212262,0.9642650698839467,4.940689655172434,134.65206896551723,139.59275862068966,16.379182130595535,16.379182130595538,36.205915472731625,36.205915472731625
00000520,rademacher,3.0,0.016813202578212262,0.9595965694820763,0.35801229654694566,134.65206896551723,134.29405666897028,16.379182130595535,19.048527905929422,36.205915472731625,39.05182161077025
00000520,gaussian,3.0,0.016813202578212262,0.9603550966442108,0.182560996009272,134.65206896551723,134.46950796950796,16.379182130595535,19.500910185784377,36.205915472731625,38.585019888109215
00000521,constant,1.0,0.024093439224910917,0.9766927405435991,2.0,83.864013671875,85.864013671875,4.159753736098712,4.159753736098712,5.8716521856568455,5.8716521856568455
00000521,rademacher,1.0,0.024093439224910917,0.9764109410877785,0.029296875,83.864013671875,83.834716796875,4.159753736098712,5.129928281930157,5.8716521856568455,7.242525466256252
00000521,gaussian,1.0,0.024093439224910917,0.9771096921965775,0.025390625,83.864013671875,83.889404296875,4.159753736098712,5.665080458240081,5.8716521856568455,7.991393067582408
00000521,constant,2.0,0.024093439224910917,0.9544524963321922,4.0,83.864013671875,87.864013671875,4.159753736098712,4.159753736098713,5.8716521856568455,5.8716521856568455
00000521,rademacher,2.0,0.024093439224910917,0.9533531180911028,0.1171875,83.864013671875,83.746826171875,4.159753736098712,7.2803409881398,5.8716521856568455,10.395459985025871
00000521,gaussian,2.0,0.024093439224910917,0.9529153909787902,0.00390625,83.864013671875,83.860107421875,4.159753736098712,8.721882456700554,5.8716521856568455,12.14489717168143
00000521,constant,3.0,0.024093439224910917,0.9332051010372688,6.0,83.864013671875,89.864013671875,4.159753736098712,4.159753736098712,5.8716521856568455,5.8716521856568455
00000521,rademacher,3.0,0.024093439224910917,0.9309187050804408,0.05859375,83.864013671875,83.922607421875,4.159753736098712,9.943941215495329,5.8716521856568455,13.77325461749877
00000521,gaussian,3.0,0.024093439224910917,0.9298105901786041,0.2958984375,83.864013671875,83.568115234375,4.159753736098712,12.167355869313141,5.8716521856568455,17.265447046633543
00000522,constant,1.0,0.02539299784206363,0.9763721786752764,1.9210205078125,79.4830322265625,81.404052734375,4.461696503915612,4.399440150290032,5.82954610354098,5.791345158106724
00000522,rademacher,1.0,0.02539299784206363,0.9756060180724263,0.0264892578125,79.4830322265625,79.45654296875,4.461696503915612,5.2927402987355405,5.82954610354098,7.197301249937345
00000522,gaussian,1.0,0.02539299784206363,0.9764335724834221,0.0025634765625,79.4830322265625,79.485595703125,4.461696503915612,5.820237942735805,5.82954610354098,7.901175304511952
00000522,constant,2.0,0.02539299784206363,0.9541482444352283,3.8157958984375,79.4830322265625,83.298828125,4.461696503915612,4.3490976581072065,5.82954610354098,5.775523027027267
00000522,rademacher,2.0,0.02539299784206363,0.9519309839794957,0.170654296875,79.4830322265625,79.3123779296875,4.461696503915612,7.37446993585018,5.82954610354098,10.092268084969856
00000522,gaussian,2.0,0.02539299784206363,0.9534509831563887,0.0455322265625,79.4830322265625,79.528564453125,4.461696503915612,8.483880331424853,5.82954610354098,11.910331565584938
00000522,constant,3.0,0.02539299784206363,0.9330645808493075,5.6973876953125,79.4830322265625,85.180419921875,4.461696503915612,4.315352840398015,5.82954610354098,5.772836436825301
00000522,rademacher,3.0,0.02539299784206363,0.9288083990124395,0.263671875,79.4830322265625,79.2193603515625,4.461696503915612,9.865790111884982,5.82954610354098,13.76557644496576
00000522,gaussian,3.0,0.02539299784206363,0.9288615958991377,0.0321044921875,79.4830322265625,79.450927734375,4.461696503915612,12.042022164904774,5.82954610354098,16.796774804217073
00000524,constant,1.0,0.02460016456857497,0.9765493673224347,2.0,83.39143007360673,85.39143007360673,5.541108735120006,5.541108735120007,9.344126390476907,9.344126390476907
00000524,rademacher,1.0,0.02460016456857497,0.9762645853780125,0.022607781282857786,83.39143007360673,83.36882229232387,5.541108735120006,6.408926708932479,9.344126390476907,10.508868739732732
00000524,gaussian,1.0,0.02460016456857497,0.9766538419601551,0.028391167192424405,83.39143007360673,83.41982124079915,5.541108735120006,6.91201334397051,9.344126390476907,11.166946474298289
00000524,constant,2.0,0.02460016456857497,0.9541762678009542,4.0,83.39143007360673,87.39143007360673,5.541108735120006,5.541108735120006,9.344126390476907,9.344126390476907
00000524,rademacher,2.0,0.02460016456857497,0.9531275960739669,0.10304942166141018,83.39143007360673,83.49447949526814,5.541108735120006,8.48240337093311,9.344126390476907,13.498332333324923
00000524,gaussian,2.0,0.02460016456857497,0.9537696773954956,0.11198738170347156,83.39143007360673,83.27944269190326,5.541108735120006,9.614651846218756,9.344126390476907,14.893035294755745
00000524,constant,3.0,0.02460016456857497,0.9328163322922732,6.0,83.39143007360673,89.39143007360673,5.541108735120006,5.5411087351200035,9.344126390476907,9.344126390476907
00000524,rademacher,3.0,0.02460016456857497,0.9305241708611487,0.09621451104101197,83.39143007360673,83.48764458464774,5.541108735120006,10.788033784544675,9.344126390476907,16.53034809016323
00000524,gaussian,3.0,0.02460016456857497,0.9299593628137832,0.1495793901156759,83.39143007360673,83.5410094637224,5.541108735120006,12.88801062580877,9.344126390476907,19.599912204416515
00000529,constant,1.0,0.025625125695515186,0.9778227269641273,1.8047664442326123,79.63546234509056,81.44022878932317,7.322170011442768,7.322170011442767,6.890520027513982,6.890520027513982
00000529,rademacher,1.0,0.025625125695515186,0.9763249862671187,0.1269780743565292,79.63546234509056,79.50848427073403,7.322170011442768,8.137887400767788,6.890520027513982,8.115078922303208
00000529,gaussian,1.0,0.025625125695515186,0.9770597011390816,0.093422306958999,79.63546234509056,79.54204003813156,7.322170011442768,8.62647663903563,6.890520027513982,8.965108419766716
00000529,constant,2.0,0.025625125695515186,0.9566165389425081,3.6095328884652105,79.63546234509056,83.24499523355577,7.322170011442768,7.322170011442768,6.890520027513982,6.890520027513982
00000529,rademacher,2.0,0.025625125695515186,0.9532471789108957,0.19790276453764477,79.63546234509056,79.43755958055291,7.322170011442768,9.899954922234203,6.890520027513982,10.699649389464337
00000529,gaussian,2.0,0.025625125695515186,0.9534113010244084,0.13498570066730053,79.63546234509056,79.50047664442326,7.322170011442768,11.040470402377585,6.890520027513982,12.737518523994495
00000529,constant,3.0,0.025625125695515186,0.9363127289356761,5.414299332697809,79.63546234509056,85.04976167778837,7.322170011442768,7.322170011442768,6.890520027513982,6.890520027513982
00000529,rademacher,3.0,0.025625125695515186,0.9307548837661346,0.18436606291706426,79.63546234509056,79.4510962821735,7.322170011442768,12.089852922315817,6.890520027513982,14.088943309532922
00000529,gaussian,3.0,0.025625125695515186,0.9307544991259106,0.499142040038123,79.63546234509056,79.13632030505244,7.322170011442768,13.960557644397477,6.890520027513982,17.15054130207381
00000530,constant,1.0,0.02411041059405295,0.9766925739129644,2.0,83.8970703125,85.8970703125,4.154852523985021,4.154852523985021,5.792129850159811,5.792129850159811
00000530,rademacher,1.0,0.02411041059405295,0.9764204656555455,0.017578125,83.8970703125,83.9146484375,4.154852523985021,5.113978402926032,5.792129850159811,7.195776690560247
00000530,gaussian,1.0,0.02411041059405295,0.9778052015029839,0.0029296875,83.8970703125,83.894140625,4.154852523985021,5.61217493990989,5.792129850159811,7.768093640810493
00000530,constant,2.0,0.02411041059405295,0.9544468739445008,4.0,83.8970703125,87.8970703125,4.154852523985021,4.1548525239850225,5.792129850159811,5.792129850159811
00000530,rademacher,2.0,0.02411041059405295,0.953372424679407,0.05078125,83.8970703125,83.8462890625,4.154852523985021,7.2996479761326825,5.792129850159811,10.104765821883467
00000530,gaussian,2.0,0.02411041059405295,0.953593880471706,0.083984375,83.8970703125,83.8130859375,4.154852523985021,8.707999191464364,5.792129850159811,12.143719364952842
00000530,constant,3.0,0.02411041059405295,0.9332061607718998,6.0,83.8970703125,89.8970703125,4.154852523985021,4.15485252398502,5.792129850159811,5.792129850159811
00000530,rademacher,3.0,0.02411041059405295,0.9308808588306166,0.005859375,83.8970703125,83.8912109375,4.154852523985021,9.883979141428659,5.792129850159811,14.185315196625485
00000530,gaussian,3.0,0.02411041059405295,0.9299840592609865,0.3447265625,83.8970703125,84.241796875,4.154852523985021,12.220066521869477,5.792129850159811,16.823317606676216
00000531,constant,1.0,0.02475831982705855,0.9764011997493062,2.0,82.84086593239651,84.84086593239651,7.727512506918095,7.727512506918096,7.682004938770327,7.682004938770327
00000531,rademacher,1.0,0.02475831982705855,0.9761227687263967,0.07330041777439078,82.84086593239651,82.9141663501709,7.727512506918095,8.550699211193448,7.682004938770327,8.969591254941607
00000531,gaussian,1.0,0.02475831982705855,0.9760208297956642,0.06209646790732393,82.84086593239651,82.90296240030384,7.727512506918095,9.106638714287891,7.682004938770327,9.864621730105178
00000531,constant,2.0,0.02475831982705855,0.9538988714167317,4.0,82.84086593239651,86.84086593239651,7.727512506918095,7.727512506918095,7.682004938770327,7.682004938770327
00000531,rademacher,2.0,0.02475831982705855,0.952843775718324,0.14736042537029448,82.84086593239651,82.9882263577668,7.727512506918095,10.362769155320615,7.682004938770327,11.751423511582107
00000531,gaussian,2.0,0.02475831982705855,0.9532097720074011,0.07429423249148215,82.84086593239651,82.76657169990503,7.727512506918095,11.495806220143525,7.682004938770327,13.724231618910897
00000531,constant,3.0,0.02475831982705855,0.9324183364184733,6.0,82.84086593239651,88.84086593239651,7.727512506918095,7.727512506918095,7.682004938770327,7.682004938770327
00000531,rademacher,3.0,0.02475831982705855,0.9299643289705886,0.15153816938853026,82.84086593239651,82.68932776300798,7.727512506918095,12.688223081911884,7.682004938770327,15.385218960412091
00000531,gaussian,3.0,0.02475831982705855,0.9279957961485302,0.15058868211166043,82.84086593239651,82.99145461450817,7.727512506918095,14.789092859277138,7.682004938770327,18.909925806760498
00000532,constant,1.0,0.025494177255811944,0.9783366037735849,1.75,79.123291015625,80.873291015625,3.9100687888190775,3.9100687888190766,5.926233645012935,5.926233645012935
00000532,rademacher,1.0,0.025494177255811944,0.9765097291110263,0.144775390625,79.123291015625,78.978515625,3.9100687888190775,4.889930519096524,5.926233645012935,7.087573609228212
00000532,gaussian,1.0,0.025494177255811944,0.9776075211379384,0.062744140625,79.123291015625,79.060546875,3.9100687888190775,5.414430553167839,5.926233645012935,7.837835459058958
00000532,constant,2.0,0.025494177255811944,0.9576032291044908,3.5,79.123291015625,82.623291015625,3.9100687888190775,3.910068788819076,5.926233645012935,5.926233645012935
00000532,rademacher,2.0,0.025494177255811944,0.9537164445731943,0.16943359375,79.123291015625,78.953857421875,3.9100687888190775,6.931699489601513,5.926233645012935,9.974213758937005
00000532,gaussian,2.0,0.025494177255811944,0.9533556570759117,0.294677734375,79.123291015625,78.82861328125,3.9100687888190775,8.365315326545826,5.926233645012935,11.976272002947985
00000532,constant,3.0,0.025494177255811944,0.937733113807282,5.25,79.123291015625,84.373291015625,3.9100687888190775,3.910068788819078,5.926233645012935,5.926233645012935
00000532,rademacher,3.0,0.025494177255811944,0.9310311856648131,0.45849609375,79.123291015625,78.664794921875,3.9100687888190775,9.384528577831409,5.926233645012935,13.20238158780025
00000532,gaussian,3.0,0.025494177255811944,0.9326259994502277,0.322998046875,79.123291015625,78.80029296875,3.9100687888190775,11.286086494531773,5.926233645012935,16.465428018403284
00000533,constant,1.0,0.026102701623069394,0.9783983443963198,1.7356737222509082,78.84744450180692,80.58311822405783,5.451927266432892,5.451927266432891,9.536758116964686,9.536758116964686
00000533,rademacher,1.0,0.026102701623069394,0.9765715062886158,0.11099638616417451,78.84744450180692,78.73644811564274,5.451927266432892,6.309992732021936,9.536758116964686,10.5902364806277
00000533,gaussian,1.0,0.026102701623069394,0.977151465085767,0.1295818275684013,78.84744450180692,78.71786267423852,5.451927266432892,6.841518368182664,9.536758116964686,11.213150589357678
00000533,constant,2.0,0.026102701623069394,0.9577282377253528,3.471347444501802,78.84744450180692,82.31879194630872,5.451927266432892,5.451927266432892,9.536758116964686,9.536758116964686
00000533,rademacher,2.0,0.026102701623069394,0.9535606293562936,0.24419204956117824,78.84744450180692,78.60325245224574,5.451927266432892,8.123955385105855,9.536758116964686,13.00326520072432
00000533,gaussian,2.0,0.026102701623069394,0.9533749330974518,0.3417656169334009,78.84744450180692,78.50567888487352,5.451927266432892,9.385634161718144,9.536758116964686,14.608824685249152
00000533,constant,3.0,0.026102701623069394,0.9379307167864381,5.20702116675271,78.84744450180692,84.05446566855963,5.451927266432892,5.451927266432893,9.536758116964686,9.536758116964686
00000533,rademacher,3.0,0.026102701623069394,0.9310138314558677,0.3670624677336036,78.84744450180692,78.48038203407332,5.451927266432892,10.402528610624659,9.536758116964686,16.078721750090384
00000533,gaussian,3.0,0.026102701623069394,0.9304297387588988,0.4295726009804781,78.84744450180692,78.41787190082644,5.451927266432892,12.217058351107575,9.536758116964686,18.280521521120413
00000534,constant,1.0,0.028815096829171077,0.9740626385855695,1.8759689922480618,70.50339147286822,72.37936046511628,5.643434842516836,5.643434842516836,6.026737990870298,6.026737990870298
00000534,rademacher,1.0,0.028815096829171077,0.9728440136822372,0.017746409270401386,70.50339147286822,70.48564506359781,5.643434842516836,6.576566252791115,6.026737990870298,7.365419321163673
00000534,gaussian,1.0,0.028815096829171077,0.9734992969893506,0.0634689922480618,70.50339147286822,70.43992248062015,5.643434842516836,7.085671843108905,6.026737990870298,8.299622185956881
00000534,constant,2.0,0.028815096829171077,0.9494491441099037,3.7514534883720927,70.50339147286822,74.25484496124031,5.643434842516836,5.642211975560666,6.026737990870298,6.029885625414632
00000534,rademacher,2.0,0.028815096829171077,0.9464042772157936,0.10908499194756871,70.50339147286822,70.39430648092065,5.643434842516836,8.547801141601212,6.026737990870298,10.261218600384417
00000534,gaussian,2.0,0.028815096829171077,0.9468241131066618,0.30884271453993506,70.50339147286822,70.19454875832828,5.643434842516836,9.75232838817676,6.026737990870298,12.45216290387625
00000534,constant,3.0,0.028815096829171077,0.9261063678802478,5.622819767441868,70.50339147286822,76.12621124031008,5.643434842516836,5.63101660734897,6.026737990870298,6.054926509255944
00000534,rademacher,3.0,0.028815096829171077,0.9209334105729097,0.0270106589147332,70.50339147286822,70.47638081395348,5.643434842516836,10.853823008930753,6.026737990870298,14.20828545387212
00000534,gaussian,3.0,0.028815096829171077,0.9217283885285645,0.2410050404030386,70.50339147286822,70.26238643246518,5.643434842516836,12.836564876894755,6.026737990870298,17.10005313061714
00000535,constant,1.0,0.0285304795160758,0.9746513406514307,1.8333333333333428,70.52473958333333,72.35807291666667,3.9710052431803433,3.9710052431803438,5.529506296261701,5.529506296261701
00000535,rademacher,1.0,0.0285304795160758,0.9730819983727497,0.13720703125,70.52473958333333,70.38753255208333,3.9710052431803433,4.949786450527287,5.529506296261701,6.8739346363867915
00000535,gaussian,1.0,0.0285304795160758,0.9739461051364695,0.0974934895833286,70.52473958333333,70.42724609375,3.9710052431803433,5.533015037254226,5.529506296261701,7.647871512000468
00000535,constant,2.0,0.0285304795160758,0.950558105250226,3.6666666666666714,70.52473958333333,74.19140625,3.9710052431803433,3.9710052431803433,5.529506296261701,5.529506296261701
00000535,rademacher,2.0,0.0285304795160758,0.9469594047469094,0.1634114583333286,70.52473958333333,70.361328125,3.9710052431803433,7.061534445024708,5.529506296261701,9.84614773327784
00000535,gaussian,2.0,0.0285304795160758,0.9472713557089296,0.2970377604166572,70.52473958333333,70.22770182291667,3.9710052431803433,8.371279625968254,5.529506296261701,11.8465688231053
00000535,constant,3.0,0.0285304795160758,0.9276312690807418,5.5,70.52473958333333,76.02473958333333,3.9710052431803433,3.9710052431803433,5.529506296261701,5.529506296261701
00000535,rademacher,3.0,0.0285304795160758,0.9214466497935261,0.1845703125,70.52473958333333,70.34016927083333,3.9710052431803433,9.522726414823294,5.529506296261701,13.366131374786876
00000535,gaussian,3.0,0.0285304795160758,0.9231230244699364,0.021239664726778074,70.52473958333333,70.50349991860655,3.9710052431803433,11.347781232513713,5.529506296261701,15.732741638900862
00000536,constant,1.0,0.029081950331680914,0.9771376421584687,1.8370106761565808,79.28612099644128,81.12313167259786,23.08683743342994,23.05755159984434,47.96736597744765,47.90942741493983
00000536,rademacher,1.0,0.029081950331680914,0.9757672280325748,0.12780150914007038,79.28612099644128,79.15831948730121,23.08683743342994,23.129083335840924,47.96736597744765,47.78472924606802
00000536,gaussian,1.0,0.029081950331680914,0.9770846349501512,0.012049590396443932,79.28612099644128,79.29817058683773,23.08683743342994,23.050840158399847,47.96736597744765,47.436089572622635
00000536,constant,2.0,0.029081950331680914,0.9554311732958852,3.6721233689205235,79.28612099644128,82.95824436536181,23.08683743342994,23.030556226025396,47.96736597744765,47.86668337253478
00000536,rademacher,2.0,0.029081950331680914,0.9524654838115347,0.05965783827929272,79.28612099644128,79.34577883472058,23.08683743342994,23.311630488149472,47.96736597744765,47.43522651047914
00000536,gaussian,2.0,0.029081950331680914,0.953276603210808,0.15631477901067115,79.28612099644128,79.44243577545195,23.08683743342994,23.719848673017854,47.96736597744765,47.78633991372195
00000536,constant,3.0,0.029081950331680914,0.9347335196890714,5.506049822064057,79.28612099644128,84.79217081850534,23.08683743342994,23.005025079701948,47.96736597744765,47.8343224139641
00000536,rademacher,3.0,0.029081950331680914,0.9294231771587421,0.28255466263243534,79.28612099644128,79.00356633380885,23.08683743342994,24.221296071173704,47.96736597744765,48.48594907212131
00000536,gaussian,3.0,0.029081950331680914,0.9308998955527459,0.0989706920559712,79.28612099644128,79.38509168849725,23.08683743342994,24.622807138825394,47.96736597744765,48.09644875146418
00000537,constant,1.0,0.026169187512995996,0.9764561521213299,1.8571428571428612,77.16252790178571,79.01967075892857,3.757942694372269,3.7579426943722685,5.292280336777187,5.292280336777187
00000537,rademacher,1.0,0.026169187512995996,0.9752475689736182,0.0687779017857082,77.16252790178571,77.09375,3.757942694372269,4.810585785025381,5.292280336777187,6.713310956289585
00000537,gaussian,1.0,0.026169187512995996,0.9771769537314607,0.0986328125,77.16252790178571,77.06389508928571,3.757942694372269,5.250521502078313,5.292280336777187,7.3642652202626815
00000537,constant,2.0,0.026169187512995996,0.9540135308100202,3.7142857142857224,77.16252790178571,80.87681361607143,3.757942694372269,3.757942694372268,5.292280336777187,5.292280336777187
00000537,rademacher,2.0,0.026169187512995996,0.9511199939264142,0.1439732142857082,77.16252790178571,77.0185546875,3.757942694372269,6.922398931678706,5.292280336777187,9.920785675309642
00000537,gaussian,2.0,0.026169187512995996,0.9516408178835197,0.1441127232142776,77.16252790178571,77.01841517857143,3.757942694372269,8.18706599182792,5.292280336777187,11.63051422542489
00000537,constant,3.0,0.026169187512995996,0.9325887979063524,5.571428571428584,77.16252790178571,82.73395647321429,3.757942694372269,3.757942694372268,5.292280336777187,5.292280336777187
00000537,rademacher,3.0,0.026169187512995996,0.927468047828788,0.221400669642847,77.16252790178571,76.94112723214286,3.757942694372269,9.44089649871276,5.292280336777187,13.315066203946413
00000537,gaussian,3.0,0.026169187512995996,0.9276093278195804,0.0567801339285694,77.16252790178571,77.10574776785714,3.757942694372269,11.529611897086252,5.292280336777187,16.555339110777535
00000538,constant,1.0,0.024292963782790937,0.97644032478264,2.0,82.943603515625,84.943603515625,4.374538493202289,4.374538493202291,5.693292074976386,5.693292074976386
00000538,rademacher,1.0,0.024292963782790937,0.9761514808598034,0.037109375,82.943603515625,82.906494140625,4.374538493202289,5.3092059687279125,5.693292074976386,7.0329765793313825
00000538,gaussian,1.0,0.024292963782790937,0.9766545909533993,0.0361328125,82.943603515625,82.907470703125,4.374538493202289,5.869251309261315,5.693292074976386,7.927825151651938
00000538,constant,2.0,0.024292963782790937,0.9539705717173986,4.0,82.943603515625,86.943603515625,4.374538493202289,4.374538493202291,5.693292074976386,5.693292074976386
00000538,rademacher,2.0,0.024292963782790937,0.9528806797277409,0.00830078125,82.943603515625,82.935302734375,4.374538493202289,7.490470220293517,5.693292074976386,10.17706972638663
00000538,gaussian,2.0,0.024292963782790937,0.9522644170422264,0.052734375,82.943603515625,82.996337890625,4.374538493202289,8.866417125443384,5.693292074976386,12.03750399229635
00000538,constant,3.0,0.024292963782790937,0.9325168193284347,6.0,82.943603515625,88.943603515625,4.374538493202289,4.374538493202289,5.693292074976386,5.693292074976386
00000538,rademacher,3.0,0.024292963782790937,0.9301514876014274,0.02392578125,82.943603515625,82.919677734375,4.374538493202289,10.00861063298061,5.693292074976386,14.052069402455192
00000538,gaussian,3.0,0.024292963782790937,0.9301932367149759,0.05615234375,82.943603515625,82.887451171875,4.374538493202289,12.206183664634569,5.693292074976386,17.17513235410876
00000539,constant,1.0,0.02434046613538777,0.9764372311302307,2.0,82.900634765625,84.900634765625,4.4070683091918745,4.407068309191876,5.837466087293043,5.837466087293043
00000539,rademacher,1.0,0.02434046613538777,0.9761584702315486,0.015625,82.900634765625,82.916259765625,4.4070683091918745,5.318568902927522,5.837466087293043,7.180363224618407
00000539,gaussian,1.0,0.02434046613538777,0.9768894168202423,0.0234375,82.900634765625,82.877197265625,4.4070683091918745,5.842962527051927,5.837466087293043,7.899717936290023
00000539,constant,2.0,0.02434046613538777,0.9539619885094607,4.0,82.900634765625,86.900634765625,4.4070683091918745,4.407068309191875,5.837466087293043,5.837466087293043
00000539,rademacher,2.0,0.02434046613538777,0.9528950515084621,0.07421875,82.900634765625,82.974853515625,4.4070683091918745,7.438717280855812,5.837466087293043,10.394656486084877
00000539,gaussian,2.0,0.02434046613538777,0.9539120374367565,0.0478515625,82.900634765625,82.852783203125,4.4070683091918745,8.628830466983143,5.837466087293043,12.21698949468784
00000539,constant,3.0,0.02434046613538777,0.9325006796892379,6.0,82.900634765625,88.900634765625,4.4070683091918745,4.407068309191875,5.837466087293043,5.837466087293043
00000539,rademacher,3.0,0.02434046613538777,0.930100830873697,0.08203125,82.900634765625,82.818603515625,4.4070683091918745,10.095472158204235,5.837466087293043,14.064279594865978
00000539,gaussian,3.0,0.02434046613538777,0.9310524265439769,0.0048828125,82.900634765625,82.895751953125,4.4070683091918745,12.088151232132983,5.837466087293043,16.531289753271317
00000540,constant,1.0,0.024648720441716523,0.9761298486548173,2.0,81.86311848958333,83.86311848958333,4.055180960770908,4.055180960770909,5.74192197314817,5.74192197314817
00000540,rademacher,1.0,0.024648720441716523,0.9758391001930907,0.001953125,81.86311848958333,81.86116536458333,4.055180960770908,5.058719991930523,5.74192197314817,7.195985370234438
00000540,gaussian,1.0,0.024648720441716523,0.9761911774234401,0.09765625,81.86311848958333,81.96077473958333,4.055180960770908,5.608921585170198,5.74192197314817,7.868529392041459
00000540,constant,2.0,0.024648720441716523,0.9533817340865147,4.0,81.86311848958333,85.86311848958333,4.055180960770908,4.055180960770908,5.74192197314817,5.74192197314817
00000540,rademacher,2.0,0.024648720441716523,0.9522936847310702,0.13671875,81.86311848958333,81.99983723958333,4.055180960770908,7.226158410124384,5.74192197314817,10.255376317470713
00000540,gaussian,2.0,0.024648720441716523,0.9540306281094527,0.0712890625,81.86311848958333,81.79182942708333,4.055180960770908,8.438675097549458,5.74192197314817,12.114362825262226
00000540,constant,3.0,0.024648720441716523,0.9316766389418891,6.0,81.86311848958333,87.86311848958333,4.055180960770908,4.055180960770909,5.74192197314817,5.74192197314817
00000540,rademacher,3.0,0.024648720441716523,0.9292662158585746,0.01171875,81.86311848958333,81.87483723958333,4.055180960770908,9.867699317089711,5.74192197314817,14.017667482826745
00000540,gaussian,3.0,0.024648720441716523,0.9318609040620903,0.12890625,81.86311848958333,81.73421223958333,4.055180960770908,11.543035734593552,5.74192197314817,16.46140065107574
00000541,constant,1.0,0.03871051906825726,0.9642014579932467,1.923076923076927,51.82624699519231,53.74932391826923,2.9341238379736208,2.9341238379736208,4.102219188987356,4.102219188987356
00000541,rademacher,1.0,0.03871051906825726,0.962796161293997,0.0948768028846132,51.82624699519231,51.73137019230769,2.9341238379736208,4.1937891437604415,4.102219188987356,5.873515596441246
00000541,gaussian,1.0,0.03871051906825726,0.9644980022648121,0.0456730769230731,51.82624699519231,51.78057391826923,2.9341238379736208,4.773704521271734,4.102219188987356,6.736695487638205
00000541,constant,2.0,0.03871051906825726,0.9308861965346622,3.8461538461538467,51.82624699519231,55.67240084134615,2.9341238379736208,2.9341238379736208,4.102219188987356,4.102219188987356
00000541,rademacher,2.0,0.03871051906825726,0.9269190664023952,0.08984375,51.82624699519231,51.73640324519231,2.9341238379736208,6.620184857388583,4.102219188987356,9.26624925544449
00000541,gaussian,2.0,0.03871051906825726,0.9282615343583613,0.0841346153846132,51.82624699519231,51.91038161057692,2.9341238379736208,8.018641984035,4.102219188987356,10.995399933576918
00000541,constant,3.0,0.03871051906825726,0.8998068367529272,5.769080528846153,51.82624699519231,57.59532752403846,2.9341238379736208,2.933550211529927,4.102219188987356,4.101239125327178
00000541,rademacher,3.0,0.03871051906825726,0.8924453364927218,0.0990835336538467,51.82624699519231,51.72716346153846,2.9341238379736208,9.303361197744714,4.102219188987356,13.19006187387811
00000541,gaussian,3.0,0.03871051906825726,0.8916998286705823,0.1958383413461533,51.82624699519231,52.02208533653846,2.9341238379736208,11.536592181926387,4.102219188987356,16.288087629741117
00000542,constant,1.0,0.028643014493555538,0.9740834376205338,1.875,70.6033935546875,72.4783935546875,3.4720905668207807,3.4720905668207798,4.893758460341084,4.893758460341084
00000542,rademacher,1.0,0.028643014493555538,0.972831105959711,0.111572265625,70.6033935546875,70.4918212890625,3.4720905668207807,4.572434780912718,4.893758460341084,6.460473424048647
00000542,gaussian,1.0,0.028643014493555538,0.9733817601168248,0.0147705078125,70.6033935546875,70.6181640625,3.4720905668207807,5.165347128364516,4.893758460341084,7.252506310904965
00000542,constant,2.0,0.028643014493555538,0.949490306046223,3.75,70.6033935546875,74.3533935546875,3.4720905668207807,3.472090566820781,4.893758460341084,4.893758460341084
00000542,rademacher,2.0,0.028643014493555538,0.9463181624281092,0.28076171875,70.6033935546875,70.3226318359375,3.4720905668207807,6.758393163598221,4.893758460341084,9.633796704874623
00000542,gaussian,2.0,0.028643014493555538,0.9478883425178732,0.142578125,70.6033935546875,70.4608154296875,3.4720905668207807,8.091940383554878,4.893758460341084,11.580068961779595
00000542,constant,3.0,0.028643014493555538,0.9261232522871797,5.625,70.6033935546875,76.2283935546875,3.4720905668207807,3.47209056682078,4.893758460341084,4.893758460341084
00000542,rademacher,3.0,0.028643014493555538,0.9206737882218388,0.1541748046875,70.6033935546875,70.44921875,3.4720905668207807,9.385250731980516,4.893758460341084,13.29975716788542
00000542,gaussian,3.0,0.028643014493555538,0.9195040929135456,0.3310546875,70.6033935546875,70.2723388671875,3.4720905668207807,11.735898380090395,4.893758460341084,16.684860570569676
00000543,constant,1.0,0.02570235159100169,0.9781746937186074,1.75,78.500732421875,80.250732421875,3.4466113942000582,3.446611394200058,4.886565483083392,4.886565483083392
00000543,rademacher,1.0,0.02570235159100169,0.9763390591600413,0.117431640625,78.500732421875,78.38330078125,3.4466113942000582,4.536641027310262,4.886565483083392,6.289002811462353
00000543,gaussian,1.0,0.02570235159100169,0.9773508768692293,0.036865234375,78.500732421875,78.4638671875,3.4466113942000582,5.0933551308799645,4.886565483083392,7.114515898790234
00000543,constant,2.0,0.02570235159100169,0.9572902772484756,3.5,78.500732421875,82.000732421875,3.4466113942000582,3.446611394200058,4.886565483083392,4.886565483083392
00000543,rademacher,2.0,0.02570235159100169,0.953402740192531,0.15185546875,78.500732421875,78.348876953125,3.4466113942000582,6.643598311871691,4.886565483083392,9.320074207274185
00000543,gaussian,2.0,0.02570235159100169,0.9539621469923966,0.269287109375,78.500732421875,78.2314453125,3.4466113942000582,7.990450722635642,4.886565483083392,11.379479067301936
00000543,constant,3.0,0.02570235159100169,0.9372817322660199,5.25,78.500732421875,83.750732421875,3.4466113942000582,3.4466113942000582,4.886565483083392,4.886565483083392
00000543,rademacher,3.0,0.02570235159100169,0.9308683800388728,0.312744140625,78.500732421875,78.18798828125,3.4466113942000582,9.112673899276775,4.886565483083392,12.853063531020581
00000543,gaussian,3.0,0.02570235159100169,0.9324575995371207,0.44091796875,78.500732421875,78.059814453125,3.4466113942000582,11.111855897964006,4.886565483083392,15.704148263069298
00000544,constant,1.0,0.03325288818123859,0.9695352536355589,1.969931901519125,62.77726558407543,64.74719748559455,19.08665863610782,19.0830247794362,24.83215419993571,24.831122903734823
00000544,rademacher,1.0,0.03325288818123859,0.9688248888421682,0.04532689208510732,62.77726558407543,62.82259247616054,19.08665863610782,19.3794344637585,24.83215419993571,25.195854986954465
00000544,gaussian,1.0,0.03325288818123859,0.9696079334579243,0.05872531561905703,62.77726558407543,62.71854026845637,19.08665863610782,19.579335026487275,24.83215419993571,25.283866736765635
00000544,constant,2.0,0.03325288818123859,0.9408880841822274,3.939863803038243,62.77726558407543,66.71712938711367,19.08665863610782,19.07944856380817,24.83215419993571,24.830161186556396
00000544,rademacher,2.0,0.03325288818123859,0.9385516841522231,0.06437352491251858,62.77726558407543,62.71289205916291,19.08665863610782,20.201855578970374,24.83215419993571,26.29410145477274
00000544,gaussian,2.0,0.03325288818123859,0.9388748428924293,0.19741397045283549,62.77726558407543,62.974679554528265,19.08665863610782,20.956364485532937,24.83215419993571,26.980534157230288
00000544,constant,3.0,0.03325288818123859,0.9138977694260054,5.909795704557361,62.77726558407543,68.68706128863279,19.08665863610782,19.076004338015625,24.83215419993571,24.82926929971172
00000544,rademacher,3.0,0.03325288818123859,0.9093416881939254,0.09445392043853218,62.77726558407543,62.87171950451396,19.08665863610782,21.615941974483764,24.83215419993571,27.882466317205765
00000544,gaussian,3.0,0.03325288818123859,0.910062290445344,0.19339379125320733,62.77726558407543,62.97065937532864,19.08665863610782,22.679955449063524,24.83215419993571,29.283565668569253
00000545,constant,1.0,0.027186204064873744,0.9737730978738921,1.7777777777777857,66.07074652777777,67.84852430555556,3.517228612653854,3.517228612653853,5.177435644920666,5.177435644920666
00000545,rademacher,1.0,0.027186204064873744,0.9717863716492975,0.08550347222221433,66.07074652777777,65.98524305555556,3.517228612653854,4.580723215312718,5.177435644920666,6.6393945414251965
00000545,gaussian,1.0,0.027186204064873744,0.9724003896720692,0.10026041666665719,66.07074652777777,65.97048611111111,3.517228612653854,5.184266390058081,5.177435644920666,7.443305678643502
00000545,constant,2.0,0.027186204064873744,0.9488941321680371,3.555555555555557,66.07074652777777,69.62630208333333,3.517228612653854,3.517228612653852,5.177435644920666,5.177435644920666
00000545,rademacher,2.0,0.027186204064873744,0.9442977736059652,0.2037760416666572,66.07074652777777,65.86697048611111,3.517228612653854,6.740878375938322,5.177435644920666,9.697206416533414
00000545,gaussian,2.0,0.027186204064873744,0.9438570703455873,0.4067925347222143,66.07074652777777,65.66395399305556,3.517228612653854,8.20467335828966,5.177435644920666,11.785896180565068
00000545,constant,3.0,0.027186204064873744,0.9252631994845424,5.333333333333343,66.07074652777777,71.40407986111111,3.517228612653854,3.5172286126538514,5.177435644920666,5.177435644920666
00000545,rademacher,3.0,0.027186204064873744,0.9171918130910861,0.5491536458333286,66.07074652777777,65.52159288194444,3.517228612653854,9.233550216372699,5.177435644920666,12.980974863244239
00000545,gaussian,3.0,0.027186204064873744,0.9177926449962287,0.5345052083333286,66.07074652777777,65.53624131944444,3.517228612653854,11.350383676361561,5.177435644920666,15.85142561092796
00000546,constant,1.0,0.024820458608877063,0.9776428930746209,1.8564453125,81.298828125,83.1552734375,3.9226929092294207,3.855065504730312,5.456573027866162,5.449755870122591
00000546,rademacher,1.0,0.024820458608877063,0.9764939458301745,0.0721028645833286,81.298828125,81.22672526041667,3.9226929092294207,4.874144417734795,5.456573027866162,6.89625834713102
00000546,gaussian,1.0,0.024820458608877063,0.9773720445351746,0.047688802083328596,81.298828125,81.25113932291667,3.9226929092294207,5.436707269886154,5.456573027866162,7.605938176094543
00000546,constant,2.0,0.024820458608877063,0.956466870930678,3.6961263020833286,81.298828125,84.99495442708333,3.9226929092294207,3.815863511507386,5.456573027866162,5.448248879387923
00000546,rademacher,2.0,0.024820458608877063,0.9536437453019293,0.1502278645833286,81.298828125,81.14860026041667,3.9226929092294207,6.963162416723981,5.456573027866162,9.91163607716363
00000546,gaussian,2.0,0.024820458608877063,0.954098848652322,0.1892903645833286,81.298828125,81.10953776041667,3.9226929092294207,8.329529188006346,5.456573027866162,11.687327457531945
00000546,constant,3.0,0.024820458608877063,0.9362536880897663,5.530110677083329,81.298828125,86.82893880208333,3.9226929092294207,3.800271572545911,5.456573027866162,5.449705104986311
00000546,rademacher,3.0,0.024820458608877063,0.931271357902787,0.2347005208333286,81.298828125,81.06412760416667,3.9226929092294207,9.42023586335465,5.456573027866162,13.374973334402917
00000546,gaussian,3.0,0.024820458608877063,0.9302846630518977,0.3396809895833286,81.298828125,80.95914713541667,3.9226929092294207,11.732568979152143,5.456573027866162,16.651444242782997
00000547,constant,1.0,0.024193491652928802,0.9765322829957521,2.0,83.2908203125,85.2908203125,4.1299416789275,4.1299416789275005,5.900893881568093,5.900893881568093
00000547,rademacher,1.0,0.024193491652928802,0.9762518307039172,0.013671875,83.2908203125,83.2771484375,4.1299416789275,5.164135434812826,5.900893881568093,7.374844490404122
00000547,gaussian,1.0,0.024193491652928802,0.9768941105588191,0.044921875,83.2908203125,83.3357421875,4.1299416789275,5.710883140266021,5.900893881568093,8.134118489441551
00000547,constant,2.0,0.024193491652928802,0.9541514516879677,4.0,83.2908203125,87.2908203125,4.1299416789275,4.1299416789275,5.900893881568093,5.900893881568093
00000547,rademacher,2.0,0.024193491652928802,0.9530460719382928,0.06640625,83.2908203125,83.2244140625,4.1299416789275,7.304219412051838,5.900893881568093,10.232832021992797
00000547,gaussian,2.0,0.024193491652928802,0.9538991912500258,0.1337890625,83.2908203125,83.424609375,4.1299416789275,8.501983351639009,5.900893881568093,11.88306568804813
00000547,constant,3.0,0.024193491652928802,0.932777594281327,6.0,83.2908203125,89.2908203125,4.1299416789275,4.1299416789275,5.900893881568093,5.900893881568093
00000547,rademacher,3.0,0.024193491652928802,0.9303890198529429,0.08203125,83.2908203125,83.2087890625,4.1299416789275,9.89507473324465,5.900893881568093,14.142454236505918
00000547,gaussian,3.0,0.024193491652928802,0.931136782080345,0.025390625,83.2908203125,83.2654296875,4.1299416789275,12.015456674127526,5.900893881568093,16.6856419653732
00000548,constant,1.0,0.026271479942228903,0.9765360917472453,1.8542556219755255,77.2640193566752,79.11827497865073,4.358235542408256,4.358235542408255,7.117306584968776,7.117306584968776
00000548,rademacher,1.0,0.026271479942228903,0.975300213371784,0.0963563905493885,77.2640193566752,77.16766296612582,4.358235542408256,5.384426580410921,7.117306584968776,8.560275652046007
00000548,gaussian,1.0,0.026271479942228903,0.9749898550961992,0.04554511813265094,77.2640193566752,77.21847423854256,4.358235542408256,5.991476361953599,7.117306584968776,9.187628419792963
00000548,constant,2.0,0.026271479942228903,0.9541631438419853,3.708511243951037,77.2640193566752,80.97253060062624,4.358235542408256,4.358235542408255,7.117306584968776,7.117306584968776
00000548,rademacher,2.0,0.026271479942228903,0.9510668722130575,0.32877882152007487,77.2640193566752,76.93524053515513,4.358235542408256,7.456182902911844,7.117306584968776,11.265890356760915
00000548,gaussian,2.0,0.026271479942228903,0.9522137014498908,0.10105323085682016,77.2640193566752,77.16296612581839,4.358235542408256,8.577204972171666,7.117306584968776,13.004550327547634
00000548,constant,3.0,0.026271479942228903,0.9327971955871739,5.562766865926562,77.2640193566752,82.82678622260177,4.358235542408256,4.358235542408255,7.117306584968776,7.117306584968776
00000548,rademacher,3.0,0.026271479942228903,0.9278805401495913,0.10760034158838039,77.2640193566752,77.15641901508683,4.358235542408256,9.956280793804016,7.117306584968776,14.839096329042892
00000548,gaussian,3.0,0.026271479942228903,0.9274373392801887,0.2574722459436316,77.2640193566752,77.00654711073157,4.358235542408256,12.064648851020515,7.117306584968776,18.14414306066586
00000549,constant,1.0,0.025530227011237607,0.9794909135818987,1.7709684634310037,85.17333929769626,86.94430776112726,15.20309560228006,15.20309560228006,30.67404294166236,30.67404294166236
00000549,rademacher,1.0,0.025530227011237607,0.97794733147893,0.12010735853276344,85.17333929769626,85.0532319391635,15.20309560228006,15.778040309906414,30.67404294166236,31.315611768041755
00000549,gaussian,1.0,0.025530227011237607,0.9781104073715848,0.09502200076181566,85.17333929769626,85.07831729693444,15.20309560228006,15.955264674746646,30.67404294166236,31.36738131275381
00000549,constant,2.0,0.025530227011237607,0.9598618272588596,3.5419369268620073,85.17333929769626,88.71527622455827,15.20309560228006,15.20309560228006,30.67404294166236,30.67404294166236
00000549,rademacher,2.0,0.025530227011237607,0.9564397787270376,0.09746642392723004,85.17333929769626,85.07587287376903,15.20309560228006,16.82377663061075,30.67404294166236,32.51534378834988
00000549,gaussian,2.0,0.025530227011237607,0.9567832811684254,0.03966262953683497,85.17333929769626,85.13367666815942,15.20309560228006,17.349369533385453,30.67404294166236,33.02465346789438
00000549,constant,3.0,0.025530227011237607,0.9410272826374452,5.312905390293011,85.17333929769626,90.48624468798927,15.20309560228006,15.20309560228006,30.67404294166236,30.67404294166236
00000549,rademacher,3.0,0.025530227011237607,0.9355288643866334,0.08460974358467865,85.17333929769626,85.08872955411158,15.20309560228006,18.005244987491956,30.67404294166236,33.79218478405211
00000549,gaussian,3.0,0.025530227011237607,0.933299795214212,0.02331690629455352,85.17333929769626,85.1500223914017,15.20309560228006,19.534354333932185,30.67404294166236,35.83783789605453
00000550,constant,1.0,0.02576603698267295,0.9750709030791905,2.0,78.2880859375,80.2880859375,3.9024462629995065,3.902446262999504,5.200229095384561,5.200229095384561
00000550,rademacher,1.0,0.02576603698267295,0.9747536857319419,0.017578125,78.2880859375,78.2705078125,3.9024462629995065,4.9196569347857535,5.200229095384561,6.747431669379767
00000550,gaussian,1.0,0.02576603698267295,0.9760042224682134,0.0302734375,78.2880859375,78.318359375,3.9024462629995065,5.482734256277651,5.200229095384561,7.586997061713375
00000550,constant,2.0,0.02576603698267295,0.9513582581382746,4.0,78.2880859375,82.2880859375,3.9024462629995065,3.902446262999503,5.200229095384561,5.200229095384561
00000550,rademacher,2.0,0.02576603698267295,0.9501660523708307,0.078125,78.2880859375,78.3662109375,3.9024462629995065,7.131213895788915,5.200229095384561,9.881435408916168
00000550,gaussian,2.0,0.02576603698267295,0.9502912290454057,0.1044921875,78.2880859375,78.18359375,3.9024462629995065,8.570685062733451,5.200229095384561,11.88185310556109
00000550,constant,3.0,0.02576603698267295,0.9287769422978145,6.0,78.2880859375,84.2880859375,3.9024462629995065,3.9024462629995043,5.200229095384561,5.200229095384561
00000550,rademacher,3.0,0.02576603698267295,0.9261433367835814,0.017578125,78.2880859375,78.3056640625,3.9024462629995065,9.802202011652561,5.200229095384561,13.799387285775545
00000550,gaussian,3.0,0.02576603698267295,0.9257847263980757,0.1923828125,78.2880859375,78.095703125,3.9024462629995065,12.12436416685693,5.200229095384561,17.011874574941995
00000552,constant,1.0,0.02878919900575087,0.9741616243204895,1.8685197155785431,70.47795733678086,72.3464770523594,5.280227700179419,5.264013766904641,10.042135312372347,10.04804957661949
00000552,rademacher,1.0,0.02878919900575087,0.972861153880989,0.14815772462830523,70.47795733678086,70.32979961215256,5.280227700179419,6.243777962369283,10.042135312372347,11.22830557993365
00000552,gaussian,1.0,0.02878919900575087,0.9735933252561254,0.06658047834517333,70.47795733678086,70.41137685843569,5.280227700179419,6.784030109359486,10.042135312372347,11.865011822592843
00000552,constant,2.0,0.02878919900575087,0.9496397488694246,3.736134453781517,70.47795733678086,74.21409179056238,5.280227700179419,5.264013766904641,10.042135312372347,10.04804957661949
00000552,rademacher,2.0,0.02878919900575087,0.9465560189702188,0.12398190045247759,70.47795733678086,70.35397543632838,5.280227700179419,8.278832967589224,10.042135312372347,13.873934146058712
00000552,gaussian,2.0,0.02878919900575087,0.9471918362534234,0.04511958629605317,70.47795733678086,70.43283775048481,5.280227700179419,9.581583208130187,10.042135312372347,15.761304018870817
00000552,constant,3.0,0.02878919900575087,0.9263252516601755,5.603749191984491,70.47795733678086,76.08170652876535,5.280227700179419,5.264013766904641,10.042135312372347,10.04804957661949
00000552,rademacher,3.0,0.02878919900575087,0.9209397452285449,0.09838396897220036,70.47795733678086,70.37957336780866,5.280227700179419,10.730823175355734,10.042135312372347,17.31668275386577
00000552,gaussian,3.0,0.02878919900575087,0.921486552808957,0.24149967679379358,70.47795733678086,70.23645765998707,5.280227700179419,12.62125158615134,10.042135312372347,20.03731200139253
00000553,constant,1.0,0.027265620348085644,0.9753273297126768,1.8366350446428612,72.63225446428571,74.46888950892857,3.549092725234686,3.513569905952758,5.2130523325393385,5.18852315353825
00000553,rademacher,1.0,0.027265620348085644,0.9739145116891444,0.1058872767857082,72.63225446428571,72.5263671875,3.549092725234686,4.600470041629698,5.2130523325393385,6.55959176599402
00000553,gaussian,1.0,0.027265620348085644,0.9745647104805308,0.0718470982142776,72.63225446428571,72.56040736607143,3.549092725234686,5.128481080842539,5.2130523325393385,7.38571519679329
00000553,constant,2.0,0.027265620348085644,0.9522415086057103,3.6414620535714306,72.63225446428571,76.27371651785714,3.549092725234686,3.4510431854075145,5.2130523325393385,5.150366896586952
00000553,rademacher,2.0,0.027265620348085644,0.9485958888705639,0.2101004464285694,72.63225446428571,72.42215401785714,3.549092725234686,6.753102306106935,5.2130523325393385,9.508825201240484
00000553,gaussian,2.0,0.027265620348085644,0.9503322617228872,0.111328125,72.63225446428571,72.52092633928571,3.549092725234686,7.921533363768157,5.2130523325393385,11.278982050363012
00000553,constant,3.0,0.027265620348085644,0.9307870817332103,5.399553571428584,72.63225446428571,78.03180803571429,3.549092725234686,3.377966854898774,5.2130523325393385,5.100554030982566
00000553,rademacher,3.0,0.027265620348085644,0.9241754045115458,0.4598214285714164,72.63225446428571,72.17243303571429,3.549092725234686,9.292410591717607,5.2130523325393385,13.242829598402597
00000553,gaussian,3.0,0.027265620348085644,0.926102377282878,0.028738839285708195,72.63225446428571,72.603515625,3.549092725234686,11.255655682215297,5.2130523325393385,16.00392675777106
00000554,constant,1.0,0.025664531212802773,0.9751330487568257,2.0,78.53111049107143,80.53111049107143,3.8049126803469173,3.804912680346917,5.290902227674526,5.290902227674526
00000554,rademacher,1.0,0.025664531212802773,0.9748276369961495,0.0703125,78.53111049107143,78.60142299107143,3.8049126803469173,4.877170169452201,5.290902227674526,6.781146023465422
00000554,gaussian,1.0,0.025664531212802773,0.9749040676711123,0.0263671875,78.53111049107143,78.50474330357143,3.8049126803469173,5.47245759252902,5.290902227674526,7.79923796205046
00000554,constant,2.0,0.025664531212802773,0.9514856874325955,4.0,78.53111049107143,82.53111049107143,3.8049126803469173,3.8049126803469155,5.290902227674526,5.290902227674526
00000554,rademacher,2.0,0.025664531212802773,0.9503335547804905,0.21875,78.53111049107143,78.74986049107143,3.8049126803469173,7.108375086061755,5.290902227674526,10.01957585053068
00000554,gaussian,2.0,0.025664531212802773,0.950454185832726,0.1279296875,78.53111049107143,78.65904017857143,3.8049126803469173,8.642616315173532,5.290902227674526,12.134251196772198
00000554,constant,3.0,0.025664531212802773,0.928965752848153,6.0,78.53111049107143,84.53111049107143,3.8049126803469173,3.8049126803469164,5.290902227674526,5.290902227674526
00000554,rademacher,3.0,0.025664531212802773,0.926357285480369,0.01171875,78.53111049107143,78.54282924107143,3.8049126803469173,9.787862744460607,5.290902227674526,13.836383703805094
00000554,gaussian,3.0,0.025664531212802773,0.9273994425213503,0.0908203125,78.53111049107143,78.62193080357143,3.8049126803469173,11.791576389543408,5.290902227674526,16.579763124571038
00000555,constant,1.0,0.03136704904912535,0.9711285506390299,1.9031249999999886,64.062109375,65.965234375,3.2360119946588966,3.2101955892895107,4.649829260828902,4.642978361672607
00000555,rademacher,1.0,0.03136704904912535,0.9699301224735142,0.1040039062500071,64.062109375,63.95810546875,3.2360119946588966,4.380075526149906,4.649829260828902,6.30821752222064
00000555,gaussian,1.0,0.03136704904912535,0.9706493881095244,0.02070312500001137,64.062109375,64.04140625,3.2360119946588966,4.972580438009482,4.649829260828902,6.923747044688092
00000555,constant,2.0,0.03136704904912535,0.943930411258526,3.8031249999999943,64.062109375,67.865234375,3.2360119946588966,3.2101955892895107,4.649829260828902,4.642978361672607
00000555,rademacher,2.0,0.03136704904912535,0.9408262916635214,0.06718750000000284,64.062109375,63.994921875,3.2360119946588966,6.701590497986506,4.649829260828902,9.728469077849658
00000555,gaussian,2.0,0.03136704904912535,0.9407300732206725,0.20234375000000426,64.062109375,63.859765625,3.2360119946588966,8.173988410034514,4.649829260828902,11.888435787409847
00000555,constant,3.0,0.03136704904912535,0.918223226333854,5.703125,64.062109375,69.765234375,3.2360119946588966,3.2101955892895098,4.649829260828902,4.642978361672607
00000555,rademacher,3.0,0.03136704904912535,0.9126379351103043,0.12177734375000426,64.062109375,63.94033203125,3.2360119946588966,9.386123438149422,4.649829260828902,13.104928197690919
00000555,gaussian,3.0,0.03136704904912535,0.9132161495460481,0.3442382812500071,64.062109375,63.71787109375,3.2360119946588966,11.464337992107975,4.649829260828902,16.160486598864047
00000556,constant,1.0,0.026535161378973403,0.9758817708031098,1.875,75.9603271484375,77.8353271484375,3.93319241885939,3.9331924188593894,5.40050510284598,5.40050510284598
00000556,rademacher,1.0,0.026535161378973403,0.9747485011685805,0.0863037109375,75.9603271484375,75.8740234375,3.93319241885939,4.9053244258978435,5.40050510284598,6.773028478189341
00000556,gaussian,1.0,0.026535161378973403,0.9752047348253263,0.0794677734375,75.9603271484375,75.880859375,3.93319241885939,5.496158320592304,5.40050510284598,7.611927447513974
00000556,constant,2.0,0.026535161378973403,0.9529111962252997,3.75,75.9603271484375,79.7103271484375,3.93319241885939,3.93319241885939,5.40050510284598,5.40050510284598
00000556,rademacher,2.0,0.026535161378973403,0.9502529510961214,0.00830078125,75.9603271484375,75.9520263671875,3.93319241885939,7.043711913515125,5.40050510284598,9.786870365636126
00000556,gaussian,2.0,0.026535161378973403,0.9503330716397843,0.0216064453125,75.9603271484375,75.98193359375,3.93319241885939,8.44547711121744,5.40050510284598,12.003562332934472
00000556,constant,3.0,0.026535161378973403,0.9310054867036835,5.625,75.9603271484375,81.5853271484375,3.93319241885939,3.933192418859389,5.40050510284598,5.40050510284598
00000556,rademacher,3.0,0.026535161378973403,0.9261729776821492,0.233154296875,75.9603271484375,75.7271728515625,3.93319241885939,9.610568919905282,5.40050510284598,13.612632569860125
00000556,gaussian,3.0,0.026535161378973403,0.9270020405032932,0.0870361328125,75.9603271484375,75.873291015625,3.93319241885939,11.578375802168583,5.40050510284598,16.800213637112076
00000558,constant,1.0,0.026124322310548904,0.975253791316264,2.0,78.91891529064304,80.91891529064304,9.256247339720193,9.256247339720193,13.000135644656421,13.000135644656421
00000558,rademacher,1.0,0.026124322310548904,0.9749366739903113,0.008457511075306456,78.91891529064304,78.92737280171835,9.256247339720193,9.902741851166704,13.000135644656421,13.911352636884988
00000558,gaussian,1.0,0.026124322310548904,0.9749660682129707,0.003893140018789154,78.91891529064304,78.92280843066183,9.256247339720193,10.25040755253704,13.000135644656421,14.54406036802296
00000558,constant,2.0,0.026124322310548904,0.9517227868963932,4.0,78.91891529064304,82.91891529064304,9.256247339720193,9.256247339720192,13.000135644656421,13.000135644656421
00000558,rademacher,2.0,0.026124322310548904,0.9505348702214114,0.05155054369713241,78.91891529064304,78.97046583434017,9.256247339720193,11.326829576537015,13.000135644656421,16.175055253755215
00000558,gaussian,2.0,0.026124322310548904,0.9499530082990997,0.14859964255707325,78.91891529064304,78.77031564808597,9.256247339720193,12.262527283091579,13.000135644656421,17.215489533282945
00000558,constant,3.0,0.026124322310548904,0.9293064226216918,6.0,78.91891529064304,84.91891529064304,9.256247339720193,9.256247339720193,13.000135644656421,13.000135644656421
00000558,rademacher,3.0,0.026124322310548904,0.92665291627454,0.0753121224325497,78.91891529064304,78.84360316821049,9.256247339720193,13.24310690651944,13.000135644656421,18.829129294085227
00000558,gaussian,3.0,0.026124322310548904,0.9277378602189404,0.40197622385748843,78.91891529064304,79.32089151450053,9.256247339720193,14.97700493944216,13.000135644656421,21.25475967619879
00000559,constant,1.0,0.025934117434255152,0.9757517168346063,1.9559014267185546,78.8852140077821,80.84111543450065,3.894439657549071,3.8297797516690406,5.607024033062528,5.519310947523445
00000559,rademacher,1.0,0.025934117434255152,0.9751712433055744,0.012321660181584093,78.8852140077821,78.87289234760051,3.894439657549071,4.850352275402973,5.607024033062528,7.0516875498508815
00000559,gaussian,1.0,0.025934117434255152,0.9764133496457734,0.0849546044098588,78.8852140077821,78.80025940337224,3.894439657549071,5.414412171864447,5.607024033062528,7.709596146342021
00000559,constant,2.0,0.025934117434255152,0.9533105114543755,3.8561932555123235,78.8852140077821,82.74140726329442,3.894439657549071,3.73728267079336,5.607024033062528,5.4106203095057985
00000559,rademacher,2.0,0.025934117434255152,0.9512776058785521,0.09111543450063664,78.8852140077821,78.79409857328146,3.894439657549071,7.024667889147602,5.607024033062528,10.030039488914676
00000559,gaussian,2.0,0.025934117434255152,0.9523345093175679,0.029182879377430027,78.8852140077821,78.85603112840467,3.894439657549071,8.36738636131049,5.607024033062528,11.797712455316393
00000559,constant,3.0,0.025934117434255152,0.9322497690942747,5.7235732814526585,78.8852140077821,84.60878728923475,3.894439657549071,3.6602397957191006,5.607024033062528,5.356996106917214
00000559,rademacher,3.0,0.025934117434255152,0.928061495946064,0.29782749675744924,78.8852140077821,78.58738651102465,3.894439657549071,9.661896262496704,5.607024033062528,13.83762471084548
00000559,gaussian,3.0,0.025934117434255152,0.9316813399354761,0.20119974059662127,78.8852140077821,78.68401426718547,3.894439657549071,11.239637613780538,5.607024033062528,16.19853518394703
00000561,constant,1.0,0.024250528454809815,0.9765880947425146,2.0,83.62939453125,85.62939453125,4.09037907536514,4.090379075365138,5.976870089137125,5.976870089137125
00000561,rademacher,1.0,0.024250528454809815,0.9762972028274793,0.078125,83.62939453125,83.55126953125,4.09037907536514,5.079835734187076,5.976870089137125,7.3610018318787125
00000561,gaussian,1.0,0.024250528454809815,0.9775148578009588,0.0224609375,83.62939453125,83.65185546875,4.09037907536514,5.56399667400761,5.976870089137125,8.096498419845629
00000561,constant,2.0,0.024250528454809815,0.9542686154651986,4.0,83.62939453125,87.62939453125,4.09037907536514,4.090379075365139,5.976870089137125,5.976870089137125
00000561,rademacher,2.0,0.024250528454809815,0.9531837020905427,0.0546875,83.62939453125,83.68408203125,4.09037907536514,7.306208069301597,5.976870089137125,10.466250617174952
00000561,gaussian,2.0,0.024250528454809815,0.9540909907776919,0.0029296875,83.62939453125,83.63232421875,4.09037907536514,8.476941097025076,5.976870089137125,12.061554474255516
00000561,constant,3.0,0.024250528454809815,0.9329567090959111,6.0,83.62939453125,89.62939453125,4.09037907536514,4.090379075365138,5.976870089137125,5.976870089137125
00000561,rademacher,3.0,0.024250528454809815,0.9306490215401942,0.169921875,83.62939453125,83.79931640625,4.09037907536514,9.848999255351641,5.976870089137125,14.07635059875618
00000561,gaussian,3.0,0.024250528454809815,0.9308046417953391,0.130859375,83.62939453125,83.49853515625,4.09037907536514,12.010085239221826,5.976870089137125,16.78650891611504
00000562,constant,1.0,0.02415009837196589,0.9765782689502188,2.0,83.517822265625,85.517822265625,4.176114465797584,4.176114465797578,5.944804447561264,5.944804447561264
00000562,rademacher,1.0,0.02415009837196589,0.9762917335983636,0.0234375,83.517822265625,83.494384765625,4.176114465797584,5.109844251797636,5.944804447561264,7.271026784435077
00000562,gaussian,1.0,0.02415009837196589,0.9775858927905289,0.0615234375,83.517822265625,83.456298828125,4.176114465797584,5.66850265732149,5.944804447561264,8.139905570660922
00000562,constant,2.0,0.02415009837196589,0.9542445553475735,4.0,83.517822265625,87.517822265625,4.176114465797584,4.1761144657975775,5.944804447561264,5.944804447561264
00000562,rademacher,2.0,0.02415009837196589,0.9531313823785652,0.08984375,83.517822265625,83.427978515625,4.176114465797584,7.376093197825791,5.944804447561264,10.709627466717695
00000562,gaussian,2.0,0.02415009837196589,0.9540744633452527,0.016357421875,83.517822265625,83.5341796875,4.176114465797584,8.552172959897659,5.944804447561264,12.161816382211475
00000562,constant,3.0,0.02415009837196589,0.9329196950895231,6.0,83.517822265625,89.517822265625,4.176114465797584,4.176114465797584,5.944804447561264,5.944804447561264
00000562,rademacher,3.0,0.02415009837196589,0.9306312734615829,0.09375,83.517822265625,83.611572265625,4.176114465797584,9.91517735931603,5.944804447561264,14.03746321362074
00000562,gaussian,3.0,0.02415009837196589,0.932744073470865,0.1552734375,83.517822265625,83.362548828125,4.176114465797584,11.85675151725379,5.944804447561264,16.831901644439334
00000564,constant,1.0,0.026538445928770846,0.976490440572189,1.8333333333333428,76.19856770833333,78.03190104166667,3.7490477726109273,3.749047772610927,5.07115080133155,5.07115080133155
00000564,rademacher,1.0,0.026538445928770846,0.9751492879140642,0.09293619791665719,76.19856770833333,76.10563151041667,3.7490477726109273,4.783458943972101,5.07115080133155,6.516303431944473
00000564,gaussian,1.0,0.026538445928770846,0.9753959090976249,0.06298828125,76.19856770833333,76.13557942708333,3.7490477726109273,5.353809719558638,5.07115080133155,7.383463854251495
00000564,constant,2.0,0.026538445928770846,0.9540686667115016,3.6666666666666714,76.19856770833333,79.865234375,3.7490477726109273,3.7490477726109273,5.07115080133155,5.07115080133155
00000564,rademacher,2.0,0.026538445928770846,0.9507973920613613,0.3030598958333286,76.19856770833333,75.8955078125,3.7490477726109273,6.875753491883851,5.07115080133155,9.394784537125311
00000564,gaussian,2.0,0.026538445928770846,0.9511604427329959,0.15087890625,76.19856770833333,76.04768880208333,3.7490477726109273,8.304483733108793,5.07115080133155,11.69027083425073
00000564,constant,3.0,0.026538445928770846,0.9326553177077627,5.5,76.19856770833333,81.69856770833333,3.7490477726109273,3.7490477726109273,5.07115080133155,5.07115080133155
00000564,rademacher,3.0,0.026538445928770846,0.926941044595875,0.46533203125,76.19856770833333,75.73323567708333,3.7490477726109273,9.432054512531572,5.07115080133155,13.101932630780652
00000564,gaussian,3.0,0.026538445928770846,0.9275007313585965,0.1145833333333286,76.19856770833333,76.083984375,3.7490477726109273,11.487326624142542,5.07115080133155,16.29808056526348
00000566,constant,1.0,0.024608844282771616,0.9760903805394053,2.0,81.7041015625,83.7041015625,3.968672086969733,3.968672086969732,5.687598948992597,5.687598948992597
00000566,rademacher,1.0,0.024608844282771616,0.9757826902169632,0.125,81.7041015625,81.5791015625,3.968672086969733,5.029024996782734,5.687598948992597,7.250295810431726
00000566,gaussian,1.0,0.024608844282771616,0.9762368830350638,0.0244140625,81.7041015625,81.6796875,3.968672086969733,5.540624838497654,5.687598948992597,7.847439154734668
00000566,constant,2.0,0.024608844282771616,0.9533046440874958,4.0,81.7041015625,85.7041015625,3.968672086969733,3.9686720869697325,5.687598948992597,5.687598948992597
00000566,rademacher,2.0,0.024608844282771616,0.9521863395096534,0.01953125,81.7041015625,81.7236328125,3.968672086969733,7.169190663160737,5.687598948992597,10.144283193352551
00000566,gaussian,2.0,0.024608844282771616,0.9520739441685753,0.0107421875,81.7041015625,81.71484375,3.968672086969733,8.552566175268744,5.687598948992597,12.225898358478519
00000566,constant,3.0,0.024608844282771616,0.9315601843174298,6.0,81.7041015625,87.7041015625,3.968672086969733,3.968672086969733,5.687598948992597,5.687598948992597
00000566,rademacher,3.0,0.024608844282771616,0.9292254088610218,0.2578125,81.7041015625,81.9619140625,3.968672086969733,9.809998163000703,5.687598948992597,13.77325103865462
00000566,gaussian,3.0,0.024608844282771616,0.9308854044356841,0.1337890625,81.7041015625,81.5703125,3.968672086969733,11.735428714014562,5.687598948992597,16.325964175861245
00000567,constant,1.0,0.0253469172668189,0.9762685124252162,2.0,82.40763524516012,84.40763524516012,23.53635301581241,23.53635301581241,16.91971626467772,16.91971626467772
00000567,rademacher,1.0,0.0253469172668189,0.9759651585939314,0.05156504432784459,82.40763524516012,82.35607020083228,23.53635301581241,23.90086643383954,16.91971626467772,17.699502947015148
00000567,gaussian,1.0,0.0253469172668189,0.9760173646423096,0.08693587318950335,82.40763524516012,82.49457111834963,23.53635301581241,24.171898402480615,16.91971626467772,18.07453048793628
00000567,constant,2.0,0.0253469172668189,0.9536572495874968,4.0,82.40763524516012,86.40763524516012,23.53635301581241,23.53635301581241,16.91971626467772,16.91971626467772
00000567,rademacher,2.0,0.0253469172668189,0.9525821254279263,0.11516605777147504,82.40763524516012,82.5228013029316,23.53635301581241,24.910480347197076,16.91971626467772,19.330256167537918
00000567,gaussian,2.0,0.0253469172668189,0.9524674544791645,0.06356284697007197,82.40763524516012,82.34407239819005,23.53635301581241,25.51016015276045,16.91971626467772,20.71723642270714
00000567,constant,3.0,0.0253469172668189,0.9320773020021325,6.0,82.40763524516012,88.40763524516012,23.53635301581241,23.53635301581241,16.91971626467772,16.91971626467772
00000567,rademacher,3.0,0.0253469172668189,0.9296630189518734,0.029004870697946217,82.40763524516012,82.43664011585807,23.53635301581241,26.263506233705687,16.91971626467772,22.19531817715178
00000567,gaussian,3.0,0.0253469172668189,0.9320153177457399,0.21043791673774592,82.40763524516012,82.61807316189787,23.53635301581241,27.24581986554302,16.91971626467772,23.78623361705587
00000568,constant,1.0,0.025655226538382255,0.9776165063394405,1.8000000000000114,78.64296875,80.44296875,3.8446374156745096,3.84463741567451,5.433564378087029,5.433564378087029
00000568,rademacher,1.0,0.025655226538382255,0.9760116515537043,0.14589843749999432,78.64296875,78.4970703125,3.8446374156745096,4.817026134935122,5.433564378087029,6.765741707543111
00000568,gaussian,1.0,0.025655226538382255,0.9762910498344745,0.111328125,78.64296875,78.531640625,3.8446374156745096,5.513801406852994,5.433564378087029,7.717286826083691
00000568,constant,2.0,0.025655226538382255,0.9562153869536719,3.6000000000000085,78.64296875,82.24296875,3.8446374156745096,3.8446374156745096,5.433564378087029,5.433564378087029
00000568,rademacher,2.0,0.025655226538382255,0.9528485036740796,0.11249999999999716,78.64296875,78.53046875,3.8446374156745096,6.906249281792411,5.433564378087029,9.52844964855106
00000568,gaussian,2.0,0.025655226538382255,0.9533476146757796,0.20624999999999716,78.64296875,78.43671875,3.8446374156745096,8.28620639928214,5.433564378087029,11.555669930038333
00000568,constant,3.0,0.025655226538382255,0.9357355333488264,5.400000000000006,78.64296875,84.04296875,3.8446374156745096,3.8446374156745113,5.433564378087029,5.433564378087029
00000568,rademacher,3.0,0.025655226538382255,0.929973004649733,0.33574218749998863,78.64296875,78.3072265625,3.8446374156745096,9.435660680501694,5.433564378087029,13.186876765354857
00000568,gaussian,3.0,0.025655226538382255,0.9287952909645021,0.4212890624999943,78.64296875,78.2216796875,3.8446374156745096,11.821512668746658,5.433564378087029,16.746887651356708
00000569,constant,1.0,0.025282843206703234,0.9761345002667088,1.7110260770975145,70.02551020408163,71.73653628117914,9.497217964907032,9.484643281889296,13.142669365120183,13.137020812994985
00000569,rademacher,1.0,0.025282843206703234,0.9738286255780153,0.11324939614399909,70.02551020408163,69.91226080793763,9.497217964907032,10.120200164017191,13.142669365120183,13.97560974397473
00000569,gaussian,1.0,0.025282843206703234,0.9738931102433019,0.07270408163265074,70.02551020408163,69.95280612244898,9.497217964907032,10.588497978108673,13.142669365120183,14.642872665668657
00000569,constant,2.0,0.025282843206703234,0.9533889311253729,3.422052154195015,70.02551020408163,73.44756235827664,9.497217964907032,9.472652606554492,13.142669365120183,13.131544489231473
00000569,rademacher,2.0,0.025282843206703234,0.9481529065285711,0.3628117913832085,70.02551020408163,69.66269841269842,9.497217964907032,11.573914272250157,13.142669365120183,16.22971969639157
00000569,gaussian,2.0,0.025282843206703234,0.947879715423523,0.40733354166846425,70.02551020408163,69.61817666241316,9.497217964907032,12.548228402756706,13.142669365120183,17.420273814771825
00000569,constant,3.0,0.025282843206703234,0.9316845144149087,5.133078231292529,70.02551020408163,75.15858843537416,9.497217964907032,9.46144562722926,13.142669365120183,13.126240944729101
00000569,rademacher,3.0,0.025282843206703234,0.923296641506929,0.4190457867297681,70.02551020408163,69.60646441735186,9.497217964907032,13.388652464923576,13.142669365120183,18.924459106549662
00000569,gaussian,3.0,0.025282843206703234,0.9223216880890004,0.3510915994304611,70.02551020408163,69.67441860465117,9.497217964907032,15.102402169872017,13.142669365120183,21.414120420899014
00000570,constant,1.0,0.024352121872885588,0.9763535344210842,2.0,82.6318359375,84.6318359375,3.9957321903931944,3.995732190393193,5.854792956059162,5.854792956059162
00000570,rademacher,1.0,0.024352121872885588,0.9760727421332244,0.013671875,82.6318359375,82.6455078125,3.9957321903931944,4.966123688892694,5.854792956059162,7.13123034823345
00000570,gaussian,1.0,0.024352121872885588,0.9763353163367174,0.03515625,82.6318359375,82.6669921875,3.9957321903931944,5.558035422059069,5.854792956059162,8.032353387226713
00000570,constant,2.0,0.024352121872885588,0.9538022342212352,4.0,82.6318359375,86.6318359375,3.9957321903931944,3.9957321903931935,5.854792956059162,5.854792956059162
00000570,rademacher,2.0,0.024352121872885588,0.952679921946263,0.109375,82.6318359375,82.5224609375,3.9957321903931944,7.211511912524935,5.854792956059162,10.185045987396773
00000570,gaussian,2.0,0.024352121872885588,0.9529545716591722,0.1484375,82.6318359375,82.7802734375,3.9957321903931944,8.536254444213409,5.854792956059162,11.952381102399709
00000570,constant,3.0,0.024352121872885588,0.932279443360989,6.0,82.6318359375,88.6318359375,3.9957321903931944,3.9957321903931935,5.854792956059162,5.854792956059162
00000570,rademacher,3.0,0.024352121872885588,0.9298178517812394,0.181640625,82.6318359375,82.4501953125,3.9957321903931944,9.873837504345193,5.854792956059162,13.997109229693608
00000570,gaussian,3.0,0.024352121872885588,0.9298402231513858,0.068359375,82.6318359375,82.5634765625,3.9957321903931944,12.005994875294878,5.854792956059162,17.192937264742937
00000571,constant,1.0,0.026487019163087107,0.975357926288116,1.5632330987417333,62.13009170398806,63.69332480272979,5.330064510935542,5.330064510935542,10.03249380116135,10.03249380116135
00000571,rademacher,1.0,0.026487019163087107,0.9715326387758424,0.23589375176963046,62.13009170398806,61.89419795221843,5.330064510935542,6.332585702800028,10.03249380116135,11.11826067509033
00000571,gaussian,1.0,0.026487019163087107,0.9718383993425678,0.37326576542150747,62.13009170398806,61.75682593856655,5.330064510935542,6.880749316680297,10.03249380116135,11.90971413215661
00000571,constant,2.0,0.026487019163087107,0.9519259997712007,3.1264661974834667,62.13009170398806,65.25655790147152,5.330064510935542,5.330064510935541,10.03249380116135,10.03249380116135
00000571,rademacher,2.0,0.026487019163087107,0.9440857839938152,0.3407976114310074,62.13009170398806,61.78929409255705,5.330064510935542,8.17522139294319,10.03249380116135,13.854528957485948
00000571,gaussian,2.0,0.026487019163087107,0.943872991220113,0.367506379755973,62.13009170398806,61.762585324232084,5.330064510935542,9.47283254214874,10.03249380116135,15.6051660718703
00000571,constant,3.0,0.026487019163087107,0.9296231865553729,4.689699296225214,62.13009170398806,66.81979100021327,5.330064510935542,5.330064510935542,10.03249380116135,10.03249380116135
00000571,rademacher,3.0,0.026487019163087107,0.9173908446283067,0.4514059775105679,62.13009170398806,61.67868572647749,5.330064510935542,10.212722518800714,10.03249380116135,16.542403174465182
00000571,gaussian,3.0,0.026487019163087107,0.9160722722001791,0.5201066389144486,62.13009170398806,61.60998506507361,5.330064510935542,12.354257495041185,10.03249380116135,19.35580245840637
00000572,constant,1.0,0.025381064670935347,0.9768375606204468,1.8909754825247802,79.78768909754825,81.67866458007303,4.317216560904817,4.306670498541299,6.61107913962288,6.593694304577115
00000572,rademacher,1.0,0.025381064670935347,0.9758594613460532,0.10102590853765037,79.78768909754825,79.6866631890106,4.317216560904817,5.2890932909603885,6.61107913962288,7.856984486009355
00000572,gaussian,1.0,0.025381064670935347,0.9767551027878804,0.054425317336111334,79.78768909754825,79.84211441488436,4.317216560904817,5.847041726169689,6.61107913962288,8.63828025588732
00000572,constant,2.0,0.025381064670935347,0.9547297873712814,3.7816031994435804,79.78768909754825,83.56929229699183,4.317216560904817,4.298634733009009,6.61107913962288,6.584563552329588
00000572,rademacher,2.0,0.025381064670935347,0.952295601232949,0.09633107285689846,79.78768909754825,79.69135802469135,4.317216560904817,7.3809005393123375,6.61107913962288,10.777542915945165
00000572,gaussian,2.0,0.025381064670935347,0.9518018430334909,0.12455866276565075,79.78768909754825,79.6631304347826,4.317216560904817,8.73105648739399,6.61107913962288,12.40908018249917
00000572,constant,3.0,0.025381064670935347,0.9336024530040958,5.672057033559383,79.78768909754825,85.45974613110764,4.317216560904817,4.292103653817374,6.61107913962288,6.579976068989264
00000572,rademacher,3.0,0.025381064670935347,0.9293681470711389,0.11812388015694353,79.78768909754825,79.66956521739131,4.317216560904817,9.840960639895233,6.61107913962288,14.511441084438875
00000572,gaussian,3.0,0.025381064670935347,0.9280547537092987,0.22674317509998332,79.78768909754825,79.56094592244827,4.317216560904817,12.179599364119357,6.61107913962288,17.251420228755446
00000574,constant,1.0,0.025229514127374442,0.9762317485557516,1.9408482142857224,79.83049665178571,81.77134486607143,3.8906296984127424,3.8184638781027784,5.239180056116301,5.160637111809517
00000574,rademacher,1.0,0.025229514127374442,0.9755735494907056,0.018275669642861203,79.83049665178571,79.84877232142857,3.8906296984127424,4.874347338043143,5.239180056116301,6.76440391099647
00000574,gaussian,1.0,0.025229514127374442,0.9764444674822034,0.0675223214285694,79.83049665178571,79.76297433035714,3.8906296984127424,5.365253748036741,5.239180056116301,7.343439007851854
00000574,constant,2.0,0.025229514127374442,0.9539629876625542,3.848214285714292,79.83049665178571,83.6787109375,3.8906296984127424,3.740801609182369,5.239180056116301,5.10884280621308
00000574,rademacher,2.0,0.025229514127374442,0.9519680594331947,0.0213448660714306,79.83049665178571,79.85184151785714,3.8906296984127424,6.997058599166762,5.239180056116301,9.845801008254794
00000574,gaussian,2.0,0.025229514127374442,0.9522007918445813,0.12890625,79.83049665178571,79.70159040178571,3.8906296984127424,8.37578596081766,5.239180056116301,11.65041215278742
00000574,constant,3.0,0.025229514127374442,0.9329855891052462,5.728794642857153,79.83049665178571,85.55929129464286,3.8906296984127424,3.678965611625291,5.239180056116301,5.106803194078357
00000574,rademacher,3.0,0.025229514127374442,0.9291997385691377,0.1265345982142918,79.83049665178571,79.95703125,3.8906296984127424,9.598835739228656,5.239180056116301,13.859532277396067
00000574,gaussian,3.0,0.025229514127374442,0.928619471860961,0.0352957589285694,79.83049665178571,79.79520089285714,3.8906296984127424,11.8481935216057,5.239180056116301,16.80180029705831
00000575,constant,1.0,0.026937939884313793,0.9739297043320639,1.7778862847222285,66.46419270833333,68.24207899305556,4.162717621234451,4.157515492217146,5.883122654807662,5.88270631940141
00000575,rademacher,1.0,0.026937939884313793,0.9719426836242379,0.10015190972221433,66.46419270833333,66.36404079861111,4.162717621234451,5.129154249777639,5.883122654807662,7.168155565174789
00000575,gaussian,1.0,0.026937939884313793,0.9727255010283906,0.025716145833328596,66.46419270833333,66.4384765625,4.162717621234451,5.679836744187272,5.883122654807662,7.935518836696436
00000575,constant,2.0,0.026937939884313793,0.949195959107582,3.5556640625,66.46419270833333,70.01985677083333,4.162717621234451,4.157515492217146,5.883122654807662,5.88270631940141
00000575,rademacher,2.0,0.026937939884313793,0.944627017779834,0.20789930555555713,66.46419270833333,66.25629340277777,4.162717621234451,7.135758572444023,5.883122654807662,10.006624888394164
00000575,gaussian,2.0,0.026937939884313793,0.9452366925146888,0.35741028836588384,66.46419270833333,66.10678241996744,4.162717621234451,8.265421034519653,5.883122654807662,11.75508896343636
00000575,constant,3.0,0.026937939884313793,0.9256929635915471,5.333441840277786,66.46419270833333,71.79763454861111,4.162717621234451,4.157515492217147,5.883122654807662,5.88270631940141
00000575,rademacher,3.0,0.026937939884313793,0.9180075209210931,0.32313368055555713,66.46419270833333,66.14105902777777,4.162717621234451,9.577426764777286,5.883122654807662,13.33877858967458
00000575,gaussian,3.0,0.026937939884313793,0.9192881100605245,0.46658063843210584,66.46419270833333,65.99761206990122,4.162717621234451,11.524081737289675,5.883122654807662,16.120282287456167
00000576,constant,1.0,0.025054785444908776,0.9765286253724751,1.9865470852017921,82.81930888947507,84.80585597467686,8.593504537897557,8.557960064709587,16.55982127484061,16.516718557873723
00000576,rademacher,1.0,0.025054785444908776,0.9761786428778138,0.0883671854391963,82.81930888947507,82.90767607491426,8.593504537897557,9.36467961021108,16.55982127484061,17.49773965062256
00000576,gaussian,1.0,0.025054785444908776,0.976316344618911,0.03751469422441289,82.81930888947507,82.78179419525065,8.593504537897557,9.881272425739965,16.55982127484061,18.184559243444387
00000576,constant,2.0,0.025054785444908776,0.9545921687149954,3.935109469796899,82.81930888947507,86.75441835927197,8.593504537897557,8.462818666134941,16.55982127484061,16.408876270620517
00000576,rademacher,2.0,0.025054785444908776,0.9531149346951351,0.056512055701986696,82.81930888947507,82.76279683377308,8.593504537897557,11.203028228419042,16.55982127484061,20.241092227175706
00000576,gaussian,2.0,0.025054785444908776,0.9528129034265006,0.0025438421163812563,82.81930888947507,82.82185273159145,8.593504537897557,12.200332420568412,16.55982127484061,21.55074901531322
00000576,constant,3.0,0.025054785444908776,0.9342419282844815,5.824848324980223,82.81930888947507,88.64415721445529,8.593504537897557,8.325497181419594,16.55982127484061,16.27425580668254
00000576,rademacher,3.0,0.025054785444908776,0.9310079807183876,0.0991392498756909,82.81930888947507,82.91844813935076,8.593504537897557,13.214886921218303,16.55982127484061,22.97542351878807
00000576,gaussian,3.0,0.025054785444908776,0.9315079460389897,0.17198628330255872,82.81930888947507,82.64732260617251,8.593504537897557,15.021903088445807,16.55982127484061,25.232757574202935
00000578,constant,1.0,0.02456847855620862,0.9761523642895034,2.0,81.9490234375,83.9490234375,4.046097050959823,4.046097050959823,5.456355429562869,5.456355429562869
00000578,rademacher,1.0,0.02456847855620862,0.9758593810713622,0.01953125,81.9490234375,81.9294921875,4.046097050959823,5.014687400554596,5.456355429562869,6.9063071725916005
00000578,gaussian,1.0,0.02456847855620862,0.9763439442145695,0.0185546875,81.9490234375,81.967578125,4.046097050959823,5.647323710226958,5.456355429562869,7.833934277733863
00000578,constant,2.0,0.02456847855620862,0.9534286545348774,4.0,81.9490234375,85.9490234375,4.046097050959823,4.046097050959823,5.456355429562869,5.456355429562869
00000578,rademacher,2.0,0.02456847855620862,0.9523045215797382,0.03515625,81.9490234375,81.9841796875,4.046097050959823,7.2229447769736925,5.456355429562869,10.239193813476131
00000578,gaussian,2.0,0.02456847855620862,0.953198400566699,0.17578125,81.9490234375,81.7732421875,4.046097050959823,8.543522830673123,5.456355429562869,11.91234521889816
00000578,constant,3.0,0.02456847855620862,0.9317429790938445,6.0,81.9490234375,87.9490234375,4.046097050959823,4.046097050959823,5.456355429562869,5.456355429562869
00000578,rademacher,3.0,0.02456847855620862,0.9293090922467147,0.010546875000002842,81.9490234375,81.9595703125,4.046097050959823,9.849061242573217,5.456355429562869,14.21425559700214
00000578,gaussian,3.0,0.02456847855620862,0.928229203511367,0.0771484375,81.9490234375,82.026171875,4.046097050959823,12.18301048858321,5.456355429562869,17.06180536582194
00000579,constant,1.0,0.025860110779123202,0.975062247026381,2.0,78.2474609375,80.2474609375,7.516222438595532,7.516222438595531,7.206633365257733,7.206633365257733
00000579,rademacher,1.0,0.025860110779123202,0.974759630188921,0.078125,78.2474609375,78.3255859375,7.516222438595532,8.29942723627519,7.206633365257733,8.421793728945879
00000579,gaussian,1.0,0.025860110779123202,0.9758621879559884,0.078125,78.2474609375,78.3255859375,7.516222438595532,8.686844984288477,7.206633365257733,9.051427253288395
00000579,constant,2.0,0.025860110779123202,0.9513447920476079,4.0,78.2474609375,82.2474609375,7.516222438595532,7.516222438595531,7.206633365257733,7.206633365257733
00000579,rademacher,2.0,0.025860110779123202,0.9501754437157593,0.1484375,78.2474609375,78.3958984375,7.516222438595532,10.05414325607752,7.206633365257733,11.123876045368126
00000579,gaussian,2.0,0.025860110779123202,0.9505680559511377,0.0078125,78.2474609375,78.2552734375,7.516222438595532,11.119212460010303,7.206633365257733,12.952768466975929
00000579,constant,3.0,0.025860110779123202,0.9287580532610636,6.0,78.2474609375,84.2474609375,7.516222438595532,7.516222438595532,7.206633365257733,7.206633365257733
00000579,rademacher,3.0,0.025860110779123202,0.9261728845802788,0.134765625,78.2474609375,78.3822265625,7.516222438595532,12.303659077788964,7.206633365257733,14.91154730295769
00000579,gaussian,3.0,0.025860110779123202,0.9254569335058912,0.16230468749999716,78.2474609375,78.08515625,7.516222438595532,14.238544012831886,7.206633365257733,17.519281237587073
00000580,constant,1.0,0.02532538859467719,0.975691388404912,1.9803466796875,79.573486328125,81.5538330078125,4.160452979444385,4.128176720708304,5.398285368993028,5.376008468136638
00000580,rademacher,1.0,0.02532538859467719,0.9752567821087501,0.0264892578125,79.573486328125,79.5469970703125,4.160452979444385,5.131738525592632,5.398285368993028,6.789316004878852
00000580,gaussian,1.0,0.02532538859467719,0.9764650423953606,0.0355224609375,79.573486328125,79.6090087890625,4.160452979444385,5.5921257705460965,5.398285368993028,7.635146094195678
00000580,constant,2.0,0.02532538859467719,0.9529696420347804,3.923828125,79.573486328125,83.497314453125,4.160452979444385,4.0675097494494095,5.398285368993028,5.331588287525037
00000580,rademacher,2.0,0.02532538859467719,0.9513838381117427,0.035888671875,79.573486328125,79.609375,4.160452979444385,7.213463645470592,5.398285368993028,9.923592500277158
00000580,gaussian,2.0,0.02532538859467719,0.9526339287051936,0.0419921875,79.573486328125,79.531494140625,4.160452979444385,8.446268118785902,5.398285368993028,11.898141051911999
00000580,constant,3.0,0.02532538859467719,0.931632152826114,5.8355712890625,79.573486328125,85.4090576171875,4.160452979444385,4.0026628289241675,5.398285368993028,5.283441328983294
00000580,rademacher,3.0,0.02532538859467719,0.9282418710916576,0.07275390625,79.573486328125,79.500732421875,4.160452979444385,9.769697628779113,5.398285368993028,13.618815906767345
00000580,gaussian,3.0,0.02532538859467719,0.9293303524530859,0.0350341796875,79.573486328125,79.6085205078125,4.160452979444385,11.79378464207576,5.398285368993028,16.804748236253516
00000582,constant,1.0,0.024233461211819487,0.9765381469597396,2.0,83.37158203125,85.37158203125,4.180828091547396,4.1808280915473945,5.972036278590805,5.972036278590805
00000582,rademacher,1.0,0.024233461211819487,0.9762571004436059,0.001953125,83.37158203125,83.37353515625,4.180828091547396,5.1433737490698554,5.972036278590805,7.290919823463945
00000582,gaussian,1.0,0.024233461211819487,0.9770515327909641,0.1044921875,83.37158203125,83.47607421875,4.180828091547396,5.657030255252103,5.972036278590805,8.041431338172405
00000582,constant,2.0,0.024233461211819487,0.9541653044515792,4.0,83.37158203125,87.37158203125,4.180828091547396,4.180828091547397,5.972036278590805,5.972036278590805
00000582,rademacher,2.0,0.024233461211819487,0.9530444834206483,0.0859375,83.37158203125,83.28564453125,4.180828091547396,7.331040461401553,5.972036278590805,10.374790478750679
00000582,gaussian,2.0,0.024233461211819487,0.9532004089395557,0.24609375,83.37158203125,83.61767578125,4.180828091547396,8.655892682942191,5.972036278590805,12.003484208675342
00000582,constant,3.0,0.024233461211819487,0.9328099304497003,6.0,83.37158203125,89.37158203125,4.180828091547396,4.180828091547397,5.972036278590805,5.972036278590805
00000582,rademacher,3.0,0.024233461211819487,0.9304071883723496,0.099609375,83.37158203125,83.27197265625,4.180828091547396,9.951037238929235,5.972036278590805,14.086023745948438
00000582,gaussian,3.0,0.024233461211819487,0.9299339660760252,0.025390625,83.37158203125,83.39697265625,4.180828091547396,12.162339599764287,5.972036278590805,17.443730347756183
00000583,constant,1.0,0.025610234169143663,0.977623724431012,1.7999999999999972,78.7228515625,80.5228515625,3.6550967192392996,3.6550967192392996,5.4359092794561,5.4359092794561
00000583,rademacher,1.0,0.025610234169143663,0.976075991600102,0.11289062499999147,78.7228515625,78.6099609375,3.6550967192392996,4.709583546127928,5.4359092794561,6.831836289539508
00000583,gaussian,1.0,0.025610234169143663,0.9761924014653092,0.07929687499999716,78.7228515625,78.8021484375,3.6550967192392996,5.305161245921914,5.4359092794561,7.553265083594631
00000583,constant,2.0,0.025610234169143663,0.9562337332646879,3.6000000000000085,78.7228515625,82.3228515625,3.6550967192392996,3.6550967192392996,5.4359092794561,5.4359092794561
00000583,rademacher,2.0,0.025610234169143663,0.9527284633294528,0.18476562499999716,78.7228515625,78.5380859375,3.6550967192392996,6.792125650930112,5.4359092794561,9.845799206186404
00000583,gaussian,2.0,0.025610234169143663,0.9538760611782294,0.19453124999999716,78.7228515625,78.5283203125,3.6550967192392996,8.187277997172652,5.4359092794561,12.149312904153032
00000583,constant,3.0,0.025610234169143663,0.9357683993991275,5.400000000000006,78.7228515625,84.1228515625,3.6550967192392996,3.6550967192393005,5.4359092794561,5.4359092794561
00000583,rademacher,3.0,0.025610234169143663,0.9298514195765266,0.3539062499999943,78.7228515625,78.3689453125,3.6550967192392996,9.328305369984964,5.4359092794561,13.612070991279865
00000583,gaussian,3.0,0.025610234169143663,0.9308007089235025,0.40937499999999716,78.7228515625,78.3134765625,3.6550967192392996,11.38799749175707,5.4359092794561,15.87341940105812
00000584,constant,1.0,0.02619969360057466,0.9777124495795447,1.75,76.8134765625,78.5634765625,3.7873726650648356,3.7873726650648356,5.240939376224954,5.240939376224954
00000584,rademacher,1.0,0.02619969360057466,0.9758723753311773,0.136474609375,76.8134765625,76.677001953125,3.7873726650648356,4.7384442655657555,5.240939376224954,6.4793562026293205
00000584,gaussian,1.0,0.02619969360057466,0.9760627269643014,0.048828125,76.8134765625,76.7646484375,3.7873726650648356,5.40781489214107,5.240939376224954,7.493381285312483
00000584,constant,2.0,0.02619969360057466,0.956402524288372,3.5,76.8134765625,80.3134765625,3.7873726650648356,3.7873726650648374,5.240939376224954,5.240939376224954
00000584,rademacher,2.0,0.02619969360057466,0.9522920678303001,0.15771484375,76.8134765625,76.65576171875,3.7873726650648356,6.8420361281769555,5.240939376224954,9.547790829736776
00000584,gaussian,2.0,0.02619969360057466,0.9525679786470455,0.2080078125,76.8134765625,76.60546875,3.7873726650648356,8.281551541369863,5.240939376224954,11.712230655841289
00000584,constant,3.0,0.02619969360057466,0.9360072828531648,5.25,76.8134765625,82.0634765625,3.7873726650648356,3.7873726650648347,5.240939376224954,5.240939376224954
00000584,rademacher,3.0,0.02619969360057466,0.9292859183002823,0.2578125,76.8134765625,76.5556640625,3.7873726650648356,9.33144282791542,5.240939376224954,13.402211008300494
00000584,gaussian,3.0,0.02619969360057466,0.9289610605008877,0.294921875,76.8134765625,76.5185546875,3.7873726650648356,11.465053006955454,5.240939376224954,15.934027909352247
00000585,constant,1.0,0.024152501540375355,0.9766008658107422,2.0,83.612548828125,85.612548828125,3.7854472468488285,3.785447246848828,5.405150099389437,5.405150099389437
00000585,rademacher,1.0,0.024152501540375355,0.9763268885696317,0.04296875,83.612548828125,83.655517578125,3.7854472468488285,4.793917959517678,5.405150099389437,6.864540131872129
00000585,gaussian,1.0,0.024152501540375355,0.9769542927287169,0.103515625,83.612548828125,83.509033203125,3.7854472468488285,5.452306106228703,5.405150099389437,7.727971285632586
00000585,constant,2.0,0.024152501540375355,0.9542850295663418,4.0,83.612548828125,87.612548828125,3.7854472468488285,3.785447246848828,5.405150099389437,5.405150099389437
00000585,rademacher,2.0,0.024152501540375355,0.9531529216979246,0.16796875,83.612548828125,83.444580078125,3.7854472468488285,7.064306661689971,5.405150099389437,10.299526638173665
00000585,gaussian,2.0,0.024152501540375355,0.9537934692108535,0.078125,83.612548828125,83.690673828125,3.7854472468488285,8.48326380636949,5.405150099389437,12.136832283592902
00000585,constant,3.0,0.024152501540375355,0.9329738919114783,6.0,83.612548828125,89.612548828125,3.7854472468488285,3.785447246848828,5.405150099389437,5.405150099389437
00000585,rademacher,3.0,0.024152501540375355,0.9305460322297562,0.169921875,83.612548828125,83.442626953125,3.7854472468488285,9.872775642579166,5.405150099389437,13.997947056823358
00000585,gaussian,3.0,0.024152501540375355,0.9299121652777309,0.3720703125,83.612548828125,83.984619140625,3.7854472468488285,12.102949690416013,5.405150099389437,17.191784961298087
00000586,constant,1.0,0.0242193096806774,0.9765129534272968,2.0,83.1533203125,85.1533203125,4.101398169500179,4.101398169500177,5.783868333977317,5.783868333977317
00000586,rademacher,1.0,0.0242193096806774,0.9762264063334339,0.052734375,83.1533203125,83.1005859375,4.101398169500179,5.103150317521571,5.783868333977317,7.191556588760195
00000586,gaussian,1.0,0.0242193096806774,0.9759986086149922,0.119140625,83.1533203125,83.2724609375,4.101398169500179,5.685142049196301,5.783868333977317,8.213424749284716
00000586,constant,2.0,0.0242193096806774,0.9541038713653426,4.0,83.1533203125,87.1533203125,4.101398169500179,4.101398169500177,5.783868333977317,5.783868333977317
00000586,rademacher,2.0,0.0242193096806774,0.9530237519066898,0.0078125,83.1533203125,83.1455078125,4.101398169500179,7.195066212377138,5.783868333977317,10.084389022830702
00000586,gaussian,2.0,0.0242193096806774,0.9549076483874296,0.2060546875,83.1533203125,83.359375,4.101398169500179,8.424926241571912,5.783868333977317,11.892141352610192
00000586,constant,3.0,0.0242193096806774,0.9327002070257303,6.0,83.1533203125,89.1533203125,4.101398169500179,4.101398169500177,5.783868333977317,5.783868333977317
00000586,rademacher,3.0,0.0242193096806774,0.9304135095647447,0.140625,83.1533203125,83.2939453125,4.101398169500179,9.867302671368062,5.783868333977317,13.855602658069516
00000586,gaussian,3.0,0.0242193096806774,0.9306917226762176,0.0439453125,83.1533203125,83.197265625,4.101398169500179,12.08390872641073,5.783868333977317,16.733512098657197
00000587,constant,1.0,0.024183553215765933,0.9765438567189313,2.0,83.3681640625,85.3681640625,3.6297507139106444,3.6297507139106444,5.2660776606086275,5.2660776606086275
00000587,rademacher,1.0,0.024183553215765933,0.9762834511603805,0.12890625,83.3681640625,83.4970703125,3.6297507139106444,4.718111741431436,5.2660776606086275,6.769024838338564
00000587,gaussian,1.0,0.024183553215765933,0.9770465530458304,0.0048828125,83.3681640625,83.373046875,3.6297507139106444,5.308408858068636,5.2660776606086275,7.558464016140317
00000587,constant,2.0,0.024183553215765933,0.9541735409708529,4.0,83.3681640625,87.3681640625,3.6297507139106444,3.629750713910645,5.2660776606086275,5.2660776606086275
00000587,rademacher,2.0,0.024183553215765933,0.9530731115612162,0.05078125,83.3681640625,83.3173828125,3.6297507139106444,7.058723076687255,5.2660776606086275,9.99299217608338
00000587,gaussian,2.0,0.024183553215765933,0.9531206758929531,0.0634765625,83.3681640625,83.431640625,3.6297507139106444,8.455654367695422,5.2660776606086275,12.191762978080567
00000587,constant,3.0,0.024183553215765933,0.9328092524963776,6.0,83.3681640625,89.3681640625,3.6297507139106444,3.6297507139106444,5.2660776606086275,5.2660776606086275
00000587,rademacher,3.0,0.024183553215765933,0.9304465830572111,0.0234375,83.3681640625,83.3447265625,3.6297507139106444,9.667363823619919,5.2660776606086275,13.45440172916312
00000587,gaussian,3.0,0.024183553215765933,0.9317278434477688,0.0419921875,83.3681640625,83.41015625,3.6297507139106444,11.87107766853605,5.2660776606086275,16.694295741714548
00000588,constant,1.0,0.026717712309183378,0.9756946017365044,1.8109172763083876,72.72509848058526,74.53601575689365,7.149069828163848,7.149069828163848,8.029455460090718,8.029455460090718
00000588,rademacher,1.0,0.026717712309183378,0.974078383940292,0.09079427346551938,72.72509848058526,72.63430420711974,7.149069828163848,7.920512762736961,8.029455460090718,8.960929001622707
00000588,gaussian,1.0,0.026717712309183378,0.9747699234097198,0.06204276871130787,72.72509848058526,72.66305571187395,7.149069828163848,8.465649864625664,8.029455460090718,9.751309140596723
00000588,constant,2.0,0.026717712309183378,0.9525479385413711,3.621834552616761,72.72509848058526,76.34693303320202,7.149069828163848,7.149069828163848,8.029455460090718,8.029455460090718
00000588,rademacher,2.0,0.026717712309183378,0.948785535180206,0.23445545258469735,72.72509848058526,72.49064302800056,7.149069828163848,9.758336285557762,8.029455460090718,11.794376936763044
00000588,gaussian,2.0,0.026717712309183378,0.9506947658766519,0.17507737463337492,72.72509848058526,72.55002110595188,7.149069828163848,10.677815833115522,8.029455460090718,13.049784549058268
00000588,constant,3.0,0.026717712309183378,0.9304774042113524,5.432751828925149,72.72509848058526,78.15785030951041,7.149069828163848,7.149069828163848,8.029455460090718,8.029455460090718
00000588,rademacher,3.0,0.026717712309183378,0.9243550339945981,0.08662395201784534,72.72509848058526,72.63847452856741,7.149069828163848,11.82570910235254,8.029455460090718,15.053556757227714
00000588,gaussian,3.0,0.026717712309183378,0.9268512820512821,0.05317729831925533,72.72509848058526,72.671921182266,7.149069828163848,13.379665571765528,8.029455460090718,16.97454451288045
00000589,constant,1.0,0.03101030523842582,0.9714470899036804,1.814006888633756,61.79574157186097,63.60974846049473,14.460646720805368,14.445736612446876,24.14235278506713,24.106495129820512
00000589,rademacher,1.0,0.03101030523842582,0.9695968263952329,0.03603384743508542,61.79574157186097,61.75970772442589,14.460646720805368,14.861404719009641,24.14235278506713,24.464622473084738
00000589,gaussian,1.0,0.03101030523842582,0.9704100349879656,0.7228082643085685,61.79574157186097,62.51854983616954,14.460646720805368,13.95945629629824,24.14235278506713,23.977612341467296
00000589,constant,2.0,0.03101030523842582,0.9444960275677228,3.627805030790114,61.79574157186097,65.42354660265109,14.460646720805368,14.431286386986995,24.14235278506713,24.07147476798706
00000589,rademacher,2.0,0.03101030523842582,0.9399813857596137,0.5751852161204098,61.79574157186097,62.37092678798138,14.460646720805368,14.665815783487082,24.14235278506713,24.56479399625547
00000589,gaussian,2.0,0.03101030523842582,0.9402333342635624,1.1955990310896354,61.79574157186097,62.99134060295061,14.460646720805368,15.306510645497871,24.14235278506713,24.064717793522345
00000589,constant,3.0,0.03101030523842582,0.9190228409454295,5.440872560275551,61.79574157186097,67.23661413213652,14.460646720805368,14.416710040131337,24.14235278506713,24.038793761536308
00000589,rademacher,3.0,0.03101030523842582,0.9114342644314269,0.651886572042244,61.79574157186097,62.447628143903216,14.460646720805368,16.26919690257243,24.14235278506713,26.684897415067223
00000589,gaussian,3.0,0.03101030523842582,0.9134384084405195,2.1972001156186636,61.79574157186097,63.992941687479636,14.460646720805368,17.418241622236625,24.14235278506713,26.609293247477062
00000590,constant,1.0,0.025919885884933973,0.9770268810960266,1.8333333333333428,78.05305989583333,79.88639322916667,3.573600731965101,3.5736007319651004,5.399293880121827,5.399293880121827
00000590,rademacher,1.0,0.025919885884933973,0.9756435500664942,0.1339518229166572,78.05305989583333,77.91910807291667,3.573600731965101,4.626970616184843,5.399293880121827,6.844884267055373
00000590,gaussian,1.0,0.025919885884933973,0.9765527537265883,0.07926432291665719,78.05305989583333,77.97379557291667,3.573600731965101,5.18006421669834,5.399293880121827,7.547724310257782
00000590,constant,2.0,0.025919885884933973,0.9550874886717855,3.6666666666666714,78.05305989583333,81.7197265625,3.573600731965101,3.5736007319650995,5.399293880121827,5.399293880121827
00000590,rademacher,2.0,0.025919885884933973,0.9520448238582804,0.041015625,78.05305989583333,78.01204427083333,3.573600731965101,6.768553722467382,5.399293880121827,9.907472296649356
00000590,gaussian,2.0,0.025919885884933973,0.9522047587418144,0.1429036458333286,78.05305989583333,77.91015625,3.573600731965101,8.209766130540457,5.399293880121827,11.981854253670475
00000590,constant,3.0,0.025919885884933973,0.9341154056691803,5.5,78.05305989583333,83.55305989583333,3.573600731965101,3.573600731965101,5.399293880121827,5.399293880121827
00000590,rademacher,3.0,0.025919885884933973,0.928569123271313,0.4765625,78.05305989583333,77.57649739583333,3.573600731965101,9.339940089178825,5.399293880121827,13.453598589718622
00000590,gaussian,3.0,0.025919885884933973,0.9268540910923015,0.4820963541666572,78.05305989583333,77.57096354166667,3.573600731965101,11.856589971045969,5.399293880121827,16.639785798030243
00000591,constant,1.0,0.019485799564369757,0.9818867997127027,1.467691505992704,79.79338196977592,81.26107347576863,7.5920162525107795,7.564130085719017,14.849425382613012,14.84629018389412
00000591,rademacher,1.0,0.019485799564369757,0.9784286953032989,0.25638353309014406,79.79338196977592,79.53699843668578,7.5920162525107795,8.461765631978565,14.849425382613012,15.721252906313552
00000591,gaussian,1.0,0.019485799564369757,0.9788730799224689,0.1940597591398472,79.79338196977592,79.59932221063607,7.5920162525107795,8.874147389583948,14.849425382613012,16.085514973847573
00000591,constant,2.0,0.019485799564369757,0.9644606260649371,2.934080250130279,79.79338196977592,82.7274622199062,7.5920162525107795,7.564130085719018,14.849425382613012,14.84629018389412
00000591,rademacher,2.0,0.019485799564369757,0.9573700811632111,0.45092692677357604,79.79338196977592,79.34245504300235,7.5920162525107795,9.988301192687608,14.849425382613012,17.711191832672803
00000591,gaussian,2.0,0.019485799564369757,0.9571918960759238,0.41163490328308683,79.79338196977592,79.38174706649284,7.5920162525107795,11.10451581952852,14.849425382613012,19.239331069555327
00000591,constant,3.0,0.019485799564369757,0.9476598088730441,4.400468994267854,79.79338196977592,84.19385096404378,7.5920162525107795,7.56413008571902,14.849425382613012,14.84629018389412
00000591,rademacher,3.0,0.019485799564369757,0.9365217557082123,0.7161981366598837,79.79338196977592,79.07718383311604,7.5920162525107795,11.689875911663737,14.849425382613012,19.807834315400324
00000591,gaussian,3.0,0.019485799564369757,0.935137983354389,0.6971880177425476,79.79338196977592,79.09619395203337,7.5920162525107795,14.048441265997194,14.849425382613012,23.480663503791643
00000593,constant,1.0,0.029010381393277607,0.9737726096245896,1.8888888888888857,70.17751736111111,72.06640625,3.9368580762052354,3.9368580762052354,5.892963722283488,5.892963722283488
00000593,rademacher,1.0,0.029010381393277607,0.9726440523352397,0.0341796875,70.17751736111111,70.14333767361111,3.9368580762052354,4.953715714476063,5.892963722283488,7.237379803419461
00000593,gaussian,1.0,0.029010381393277607,0.9739531318239985,0.08767361111111427,70.17751736111111,70.08984375,3.9368580762052354,5.452637168155618,5.892963722283488,7.962044806099622
00000593,constant,2.0,0.029010381393277607,0.9488927720972407,3.7777777777777715,70.17751736111111,73.95529513888889,3.9368580762052354,3.936858076205237,5.892963722283488,5.892963722283488
00000593,rademacher,2.0,0.029010381393277607,0.9459296112810047,0.2578125,70.17751736111111,69.91970486111111,3.9368580762052354,7.049166881951371,5.892963722283488,10.210291895208817
00000593,gaussian,2.0,0.029010381393277607,0.9450660873803642,0.058268229166671404,70.17751736111111,70.11924913194444,3.9368580762052354,8.493915243830036,5.892963722283488,12.165471092556052
00000593,constant,3.0,0.029010381393277607,0.9252565889055163,5.666666666666657,70.17751736111111,75.84418402777777,3.9368580762052354,3.9368580762052363,5.892963722283488,5.892963722283488
00000593,rademacher,3.0,0.029010381393277607,0.9200121930365865,0.24262152777778567,70.17751736111111,69.93489583333333,3.9368580762052354,9.601256264717353,5.892963722283488,13.638414224223917
00000593,gaussian,3.0,0.029010381393277607,0.9214379440449495,0.05034722222222854,70.17751736111111,70.12717013888889,3.9368580762052354,11.621767470665906,5.892963722283488,16.667136402268493
00000594,constant,1.0,0.02505451037926255,0.9756851766175941,2.0,80.32210286458333,82.32210286458333,4.5462781697567385,4.546278169756737,6.04048897442929,6.04048897442929
00000594,rademacher,1.0,0.02505451037926255,0.9753819422202293,0.025390625,80.32210286458333,80.29671223958333,4.5462781697567385,5.45567143119334,6.04048897442929,7.35462652746273
00000594,gaussian,1.0,0.02505451037926255,0.975872731059453,0.05078125,80.32210286458333,80.27132161458333,4.5462781697567385,6.0205860412747825,6.04048897442929,8.117193595385757
00000594,constant,2.0,0.02505451037926255,0.952533899531921,4.0,80.32210286458333,84.32210286458333,4.5462781697567385,4.5462781697567385,6.04048897442929,6.04048897442929
00000594,rademacher,2.0,0.02505451037926255,0.9513606094707675,0.0546875,80.32210286458333,80.26741536458333,4.5462781697567385,7.542545672985848,6.04048897442929,10.477659872478176
00000594,gaussian,2.0,0.02505451037926255,0.9514191330408808,0.021484375,80.32210286458333,80.34358723958333,4.5462781697567385,8.880886443156362,6.04048897442929,12.290575403648049
00000594,constant,3.0,0.02505451037926255,0.9304646063168056,6.0,80.32210286458333,86.32210286458333,4.5462781697567385,4.546278169756739,6.04048897442929,6.04048897442929
00000594,rademacher,3.0,0.02505451037926255,0.927887350376222,0.12890625,80.32210286458333,80.19319661458333,4.5462781697567385,10.041939473986615,6.04048897442929,14.207112786862055
00000594,gaussian,3.0,0.02505451037926255,0.9283603068933878,0.1329752604166714,80.32210286458333,80.455078125,4.5462781697567385,12.228110887780323,6.04048897442929,17.071972007974377
00000595,constant,1.0,0.027498580186565983,0.9750279713352679,1.875,73.298828125,75.173828125,4.161909887675224,4.161909887675224,5.666591978045346,5.666591978045346
00000595,rademacher,1.0,0.027498580186565983,0.9738878318085612,0.0738525390625,73.298828125,73.2249755859375,4.161909887675224,5.137545135843301,5.666591978045346,6.9523905928607785
00000595,gaussian,1.0,0.027498580186565983,0.9747500242535259,0.011474609375,73.298828125,73.310302734375,4.161909887675224,5.661718757048892,5.666591978045346,7.738977297608665
00000595,constant,2.0,0.027498580186565983,0.9512818034763404,3.75,73.298828125,77.048828125,4.161909887675224,4.161909887675225,5.666591978045346,5.666591978045346
00000595,rademacher,2.0,0.027498580186565983,0.9482855308393138,0.27685546875,73.298828125,73.02197265625,4.161909887675224,7.173710276770235,5.666591978045346,9.933666274177611
00000595,gaussian,2.0,0.027498580186565983,0.9488885567807458,0.1353759765625,73.298828125,73.1634521484375,4.161909887675224,8.535423353090486,5.666591978045346,11.971790865244824
00000595,constant,3.0,0.027498580186565983,0.9286777079363508,5.625,73.298828125,78.923828125,4.161909887675224,4.1619098876752245,5.666591978045346,5.666591978045346
00000595,rademacher,3.0,0.027498580186565983,0.9234677262817809,0.2230224609375,73.298828125,73.0758056640625,4.161909887675224,9.69621202747191,5.666591978045346,13.52974353330994
00000595,gaussian,3.0,0.027498580186565983,0.9263481063166666,0.135009765625,73.298828125,73.163818359375,4.161909887675224,11.387860592696594,5.666591978045346,16.113378859794203
00000597,constant,1.0,0.024593709152864764,0.9761104489378923,2.0,81.73515625,83.73515625,3.931533457583041,3.931533457583042,5.449656092982151,5.449656092982151
00000597,rademacher,1.0,0.024593709152864764,0.9758256387016371,0.02734375,81.73515625,81.7625,3.931533457583041,4.96088975260105,5.449656092982151,6.986789536824671
00000597,gaussian,1.0,0.024593709152864764,0.976357071507343,0.0078125,81.73515625,81.72734375,3.931533457583041,5.542516183508079,5.449656092982151,7.629186153881383
00000597,constant,2.0,0.024593709152864764,0.9533378591410685,4.0,81.73515625,85.73515625,3.931533457583041,3.931533457583042,5.449656092982151,5.449656092982151
00000597,rademacher,2.0,0.024593709152864764,0.9521952517310668,0.08984375,81.73515625,81.6453125,3.931533457583041,7.204233686798679,5.449656092982151,9.957691303290343
00000597,gaussian,2.0,0.024593709152864764,0.9537347167262299,0.2109375,81.73515625,81.52421875,3.931533457583041,8.412633306668372,5.449656092982151,11.716417500809381
00000597,constant,3.0,0.024593709152864764,0.9316056847223088,6.0,81.73515625,87.73515625,3.931533457583041,3.9315334575830434,5.449656092982151,5.449656092982151
00000597,rademacher,3.0,0.024593709152864764,0.9291430100038282,0.08203125,81.73515625,81.653125,3.931533457583041,9.839525360322742,5.449656092982151,13.640687215229192
00000597,gaussian,3.0,0.024593709152864764,0.9287395756238486,0.0830078125,81.73515625,81.6521484375,3.931533457583041,12.064103191788956,5.449656092982151,17.260420057452738
00000598,constant,1.0,0.026849821001193326,0.9755147431811974,1.6032492518170187,64.14172723386062,65.74497648567764,7.214795583628509,7.194584803069317,13.607087492937934,13.580314890143566
00000598,rademacher,1.0,0.026849821001193326,0.9720324860524704,0.26036767849507925,64.14172723386062,63.88135955536554,7.214795583628509,8.07162491566684,13.607087492937934,14.616025830354705
00000598,gaussian,1.0,0.026849821001193326,0.971956251357274,0.12547402599064128,64.14172723386062,64.01625320786998,7.214795583628509,8.584861217063825,13.607087492937934,15.282488957091777
00000598,constant,2.0,0.026849821001193326,0.9522512656922028,3.2064985036340374,64.14172723386062,67.34822573749466,7.214795583628509,7.174453399765023,13.607087492937934,13.5543871746535
00000598,rademacher,2.0,0.026849821001193326,0.9451276185028955,0.2794812445558108,64.14172723386062,63.86224598930481,7.214795583628509,9.726916830507136,13.607087492937934,16.748211297089
00000598,gaussian,2.0,0.026849821001193326,0.9432358431051191,0.4692839304802163,64.14172723386062,63.672443303380405,7.214795583628509,11.05358269419759,13.607087492937934,18.537805521993285
00000598,constant,3.0,0.026849821001193326,0.9300916754249715,4.809747755451056,64.14172723386062,68.95147498931168,7.214795583628509,7.154439298149782,13.607087492937934,13.52936139508957
00000598,rademacher,3.0,0.026849821001193326,0.9185708684445645,0.6019326253882227,64.14172723386062,63.5397946084724,7.214795583628509,11.625006279148732,13.607087492937934,19.414479403211264
00000598,gaussian,3.0,0.026849821001193326,0.9183769628473346,0.2918876616681061,64.14172723386062,63.849839572192515,7.214795583628509,13.764002244525482,13.607087492937934,22.110243212987267
00000600,constant,1.0,0.026394534417030716,0.9761954531243021,1.8571428571428612,76.23088727678571,78.08803013392857,3.592992581300987,3.592992581300988,5.175540096675634,5.175540096675634
00000600,rademacher,1.0,0.026394534417030716,0.9749874847060397,0.0008370535714306016,76.23088727678571,76.23172433035714,3.592992581300987,4.662291932225497,5.175540096675634,6.558055505486228
00000600,gaussian,1.0,0.026394534417030716,0.9751555040572957,0.01953125,76.23088727678571,76.21135602678571,3.592992581300987,5.268940516782045,5.175540096675634,7.414654889346418
00000600,constant,2.0,0.026394534417030716,0.9535061880065057,3.7142857142857224,76.23088727678571,79.94517299107143,3.592992581300987,3.592992581300988,5.175540096675634,5.175540096675634
00000600,rademacher,2.0,0.026394534417030716,0.9505856286462195,0.1604352678571388,76.23088727678571,76.07045200892857,3.592992581300987,6.854953395070451,5.175540096675634,9.555180723970627
00000600,gaussian,2.0,0.026394534417030716,0.9504635558151207,0.1007254464285694,76.23088727678571,76.13016183035714,3.592992581300987,8.327280656618907,5.175540096675634,11.717455675702578
00000600,constant,3.0,0.026394534417030716,0.9318556240385566,5.571428571428584,76.23088727678571,81.80231584821429,3.592992581300987,3.592992581300988,5.175540096675634,5.175540096675634
00000600,rademacher,3.0,0.026394534417030716,0.9266760775888723,0.3147321428571388,76.23088727678571,75.91615513392857,3.592992581300987,9.414751899106621,5.175540096675634,13.563184499400583
00000600,gaussian,3.0,0.026394534417030716,0.9249091707167448,0.1167689732142776,76.23088727678571,76.11411830357143,3.592992581300987,11.78010517760414,5.175540096675634,16.834027598707696
00000601,constant,1.0,0.024757653950763653,0.9759595750972836,2.0,81.21796875,83.21796875,3.8678636718954245,3.8678636718954236,5.588418683622528,5.588418683622528
00000601,rademacher,1.0,0.024757653950763653,0.9756706427814752,0.0234375,81.21796875,81.24140625,3.8678636718954245,4.8795193344667185,5.588418683622528,6.926446619923614
00000601,gaussian,1.0,0.024757653950763653,0.9764052444404323,0.056640625,81.21796875,81.274609375,3.8678636718954245,5.460841734303018,5.588418683622528,7.749158732442737
00000601,constant,2.0,0.024757653950763653,0.9530500829673906,4.0,81.21796875,85.21796875,3.8678636718954245,3.8678636718954253,5.588418683622528,5.588418683622528
00000601,rademacher,2.0,0.024757653950763653,0.951893181540658,0.08984375,81.21796875,81.128125,3.8678636718954245,7.177665232388667,5.588418683622528,10.361159389021815
00000601,gaussian,2.0,0.024757653950763653,0.9510888800860697,0.1435546875,81.21796875,81.3615234375,3.8678636718954245,8.645104413107962,5.588418683622528,12.125221099052169
00000601,constant,3.0,0.024757653950763653,0.9311956395166564,6.0,81.21796875,87.21796875,3.8678636718954245,3.867863671895423,5.588418683622528,5.588418683622528
00000601,rademacher,3.0,0.024757653950763653,0.9287350990305673,0.005859375,81.21796875,81.212109375,3.8678636718954245,9.76747372642437,5.588418683622528,13.668335984550492
00000601,gaussian,3.0,0.024757653950763653,0.9296659259328133,0.294921875,81.21796875,80.923046875,3.8678636718954245,11.858282890666942,5.588418683622528,16.6402271145921
00000603,constant,1.0,0.025639433950161293,0.9772016807062525,1.8333333333333428,78.66292317708333,80.49625651041667,3.4146995796630315,3.4146995796630306,5.085535548469464,5.085535548469464
00000603,rademacher,1.0,0.025639433950161293,0.9758658075074154,0.10546875,78.66292317708333,78.55745442708333,3.4146995796630315,4.521337153042851,5.085535548469464,6.5917225709414895
00000603,gaussian,1.0,0.025639433950161293,0.9757222314206695,0.00146484375,78.66292317708333,78.66145833333333,3.4146995796630315,5.214008074084366,5.085535548469464,7.495549429203291
00000603,constant,2.0,0.025639433950161293,0.9554272722779618,3.6666666666666714,78.66292317708333,82.32958984375,3.4146995796630315,3.4146995796630306,5.085535548469464,5.085535548469464
00000603,rademacher,2.0,0.025639433950161293,0.9523269402625971,0.1536458333333286,78.66292317708333,78.50927734375,3.4146995796630315,6.7242386057220775,5.085535548469464,9.680940225403114
00000603,gaussian,2.0,0.025639433950161293,0.9535267527581988,0.10888671875,78.66292317708333,78.55403645833333,3.4146995796630315,7.971590017016776,5.085535548469464,11.539673718091473
00000603,constant,3.0,0.025639433950161293,0.9346075077403871,5.5,78.66292317708333,84.16292317708333,3.4146995796630315,3.4146995796630315,5.085535548469464,5.085535548469464
00000603,rademacher,3.0,0.025639433950161293,0.9292242010539246,0.365234375,78.66292317708333,78.29768880208333,3.4146995796630315,9.264577197772189,5.085535548469464,12.99108145832595
00000603,gaussian,3.0,0.025639433950161293,0.9292326919967018,0.041829427083328596,78.66292317708333,78.62109375,3.4146995796630315,11.63061088878297,5.085535548469464,16.264170062262924
00000604,constant,1.0,0.028138384124491725,0.9737461728980094,1.8872751499000628,70.09686875416389,71.98414390406396,11.551396086663837,11.53592302874135,17.600536764020703,17.57453740488281
00000604,rademacher,1.0,0.028138384124491725,0.9726111651787137,0.01852098600933516,70.09686875416389,70.07834776815456,11.551396086663837,12.064595791126433,17.600536764020703,18.340932086835082
00000604,gaussian,1.0,0.028138384124491725,0.9730340325483037,0.08114590273152089,70.09686875416389,70.01572285143237,11.551396086663837,12.390133647307238,17.600536764020703,18.774415284965507
00000604,constant,2.0,0.028138384124491725,0.948857856117288,3.774017321785479,70.09686875416389,73.87088607594937,11.551396086663837,11.523073836792392,17.600536764020703,17.556803515069138
00000604,rademacher,2.0,0.028138384124491725,0.9460097851016921,0.10433144073105893,70.09686875416389,69.99253731343283,11.551396086663837,13.276217116420506,17.600536764020703,19.87698030360682
00000604,gaussian,2.0,0.028138384124491725,0.946574031038614,0.10992845565642995,70.09686875416389,69.98694029850746,11.551396086663837,14.243389379387395,17.600536764020703,21.045204085401597
00000604,constant,3.0,0.028138384124491725,0.9252247356025869,5.660359760159892,70.09686875416389,75.75722851432378,11.551396086663837,11.512098228362982,17.600536764020703,17.546530471118537
00000604,rademacher,3.0,0.028138384124491725,0.9198600347719258,0.22989994584611395,70.09686875416389,69.86696880831778,11.551396086663837,14.92898460233867,17.600536764020703,21.779210617231822
00000604,gaussian,3.0,0.028138384124491725,0.9198573649081101,0.26948938866135563,70.09686875416389,69.82737936550254,11.551396086663837,16.631720776026693,17.600536764020703,24.665293761805945
00000605,constant,1.0,0.03321789649066183,0.9699267459392138,1.8923733333333317,61.14570666666667,63.03808,17.034360035507916,17.01979351983576,21.18978075397367,21.164794839852732
00000605,rademacher,1.0,0.03321789649066183,0.9685939338756367,0.04596269397625008,61.14570666666667,61.09974397269042,17.034360035507916,17.425279632756858,21.18978075397367,21.776656704630458
00000605,gaussian,1.0,0.03321789649066183,0.9690252248224633,0.10707685127876942,61.14570666666667,61.0386298153879,17.034360035507916,17.740775976908264,21.18978075397367,22.129931908955633
00000605,constant,2.0,0.03321789649066183,0.941637328715926,3.784639999999996,61.14570666666667,64.93034666666667,17.034360035507916,17.005527795506577,21.18978075397367,21.141098676109525
00000605,rademacher,2.0,0.03321789649066183,0.9382225537406612,0.03685929850799141,61.14570666666667,61.18256596517466,17.034360035507916,18.457333345492554,21.18978075397367,22.746373788292455
00000605,gaussian,2.0,0.03321789649066183,0.9370278185470508,0.038045337609119656,61.14570666666667,61.18375200427579,17.034360035507916,19.459893692350178,21.18978075397367,24.080421697397796
00000605,constant,3.0,0.03321789649066183,0.9149630381654288,5.6768,61.14570666666667,66.82250666666667,17.034360035507916,16.99153397917165,21.18978075397367,21.118766925163115
00000605,rademacher,3.0,0.03321789649066183,0.9085687881790491,0.09844404904477244,61.14570666666667,61.0472626176219,17.034360035507916,19.96113023291486,21.18978075397367,24.938998165718168
00000605,gaussian,3.0,0.03321789649066183,0.9099237176501229,0.06993611872146488,61.14570666666667,61.075770547945204,17.034360035507916,21.113056036074507,21.18978075397367,26.44569841753994
00000607,constant,1.0,0.03323929626074404,0.969429144177998,1.9090909090909065,60.58043323863637,62.48952414772727,3.2236209179546433,3.2236209179546425,4.771135536743608,4.771135536743608
00000607,rademacher,1.0,0.03323929626074404,0.9682250650013996,0.05397727272727337,60.58043323863637,60.52645596590909,3.2236209179546433,4.398246964945856,4.771135536743608,6.376024252801216
00000607,gaussian,1.0,0.03323929626074404,0.9689177909290726,0.11772017045454675,60.58043323863637,60.46271306818182,3.2236209179546433,5.016743275488074,4.771135536743608,7.3394685039656595
00000607,constant,2.0,0.03323929626074404,0.9406836673642301,3.81818181818182,60.58043323863637,64.39861505681819,3.2236209179546433,3.223620917954642,4.771135536743608,4.771135536743608
00000607,rademacher,2.0,0.03323929626074404,0.937404222381605,0.05060369318182012,60.58043323863637,60.52982954545455,3.2236209179546433,6.727482134758608,4.771135536743608,9.685959009865424
00000607,gaussian,2.0,0.03323929626074404,0.9379495036556672,0.009055397727266268,60.58043323863637,60.58948863636363,3.2236209179546433,8.155344190314668,4.771135536743608,11.450055297079901
00000607,constant,3.0,0.03323929626074404,0.913597487173445,5.727272727272727,60.58043323863637,66.3077059659091,3.2236209179546433,3.2236209179546425,4.771135536743608,4.771135536743608
00000607,rademacher,3.0,0.03323929626074404,0.9077574051896765,0.044744318181813014,60.58043323863637,60.62517755681818,3.2236209179546433,9.384364503899334,4.771135536743608,13.477016616566774
00000607,gaussian,3.0,0.03323929626074404,0.9087403112987585,0.14888139204546036,60.58043323863637,60.43155184659091,3.2236209179546433,11.542794111162344,4.771135536743608,16.44445910357837
00000608,constant,1.0,0.025361478626112464,0.9768298354310746,1.8837890625,79.4891357421875,81.3729248046875,4.50979609255024,4.472518387712312,6.213379512224567,6.23117764389255
00000608,rademacher,1.0,0.025361478626112464,0.9758221237057055,0.1083984375,79.4891357421875,79.3807373046875,4.50979609255024,5.391408901769257,6.213379512224567,7.442623561365885
00000608,gaussian,1.0,0.025361478626112464,0.9763099879750756,0.076904296875,79.4891357421875,79.4122314453125,4.50979609255024,5.912809709729878,6.213379512224567,8.14734036234897
00000608,constant,2.0,0.025361478626112464,0.9547832640744184,3.761474609375,79.4891357421875,83.2506103515625,4.50979609255024,4.450618789213777,6.213379512224567,6.240639976500537
00000608,rademacher,2.0,0.025361478626112464,0.9522364677494868,0.15673828125,79.4891357421875,79.3323974609375,4.50979609255024,7.387840200202351,6.213379512224567,10.324192254631264
00000608,gaussian,2.0,0.025361478626112464,0.9521591527569379,0.472412109375,79.4891357421875,79.0167236328125,4.50979609255024,8.619833805094528,6.213379512224567,12.142146793404237
00000608,constant,3.0,0.025361478626112464,0.9337433623623179,5.6368408203125,79.4891357421875,85.1259765625,4.50979609255024,4.440497221857631,6.213379512224567,6.24204113618309
00000608,rademacher,3.0,0.025361478626112464,0.9293792972611653,0.059814453125,79.4891357421875,79.4293212890625,4.50979609255024,9.849190921662258,6.213379512224567,14.083034492870322
00000608,gaussian,3.0,0.025361478626112464,0.9298299253595107,0.2515869140625,79.4891357421875,79.237548828125,4.50979609255024,11.946785871016527,6.213379512224567,17.15147494731903
00000610,constant,1.0,0.03305557002239467,0.9700577625839916,1.89279624893436,61.39141091219096,63.28420716112532,17.04742486866331,17.039977515140777,21.338810261469348,21.323741586340706
00000610,rademacher,1.0,0.03305557002239467,0.9687077111002,0.13339108910665942,61.39141091219096,61.258019823084304,17.04742486866331,17.496130902703694,21.338810261469348,21.82197822633873
00000610,gaussian,1.0,0.03305557002239467,0.9688254237404021,0.013686123424307084,61.39141091219096,61.40509703561527,17.04742486866331,17.678363053918808,21.338810261469348,22.04158879805823
00000610,constant,2.0,0.03305557002239467,0.9418687927375233,3.7853793691389654,61.39141091219096,65.17679028132993,17.04742486866331,17.03300048262054,21.338810261469348,21.311905735682455
00000610,rademacher,2.0,0.03305557002239467,0.9383536596669032,0.1765084497669136,61.39141091219096,61.21490246242405,17.04742486866331,18.43701125920126,21.338810261469348,22.925185380970778
00000610,gaussian,2.0,0.03305557002239467,0.9392210933801866,0.05185668375969499,61.39141091219096,61.33955422843127,17.04742486866331,19.260657735332007,21.338810261469348,24.076403375274317
00000610,constant,3.0,0.03305557002239467,0.9152805760882692,5.677855924978687,61.39141091219096,67.06926683716965,17.04742486866331,17.026312303925234,21.338810261469348,21.30204658139492
00000610,rademacher,3.0,0.03305557002239467,0.9088817188579935,0.2855022091192936,61.39141091219096,61.10590870307167,17.04742486866331,19.9445389071997,21.338810261469348,25.50345837525668
00000610,gaussian,3.0,0.03305557002239467,0.907673845011404,0.04523654446073522,61.39141091219096,61.34617436773023,17.04742486866331,21.42497220961222,21.338810261469348,27.0926297562864
00000613,constant,1.0,0.024617992562223523,0.9761685631414547,2.0,82.0388671875,84.0388671875,4.561172924180724,4.561172924180727,5.977798134922405,5.977798134922405
00000613,rademacher,1.0,0.024617992562223523,0.9758774302501164,0.005859375,82.0388671875,82.0447265625,4.561172924180724,5.480430069750622,5.977798134922405,7.38803004417626
00000613,gaussian,1.0,0.024617992562223523,0.9769428563355342,0.0888671875,82.0388671875,81.95,4.561172924180724,5.998625346876652,5.977798134922405,8.158035197235582
00000613,constant,2.0,0.024617992562223523,0.9534638766179816,4.0,82.0388671875,86.0388671875,4.561172924180724,4.561172924180724,5.977798134922405,5.977798134922405
00000613,rademacher,2.0,0.024617992562223523,0.9523435502986081,0.0234375,82.0388671875,82.0623046875,4.561172924180724,7.550311075163075,5.977798134922405,10.199534681509409
00000613,gaussian,2.0,0.024617992562223523,0.9532064284237258,0.12363281249999147,82.0388671875,82.1625,4.561172924180724,8.852430028357206,5.977798134922405,12.768155891436297
00000613,constant,3.0,0.024617992562223523,0.9318016944753182,6.0,82.0388671875,88.0388671875,4.561172924180724,4.561172924180727,5.977798134922405,5.977798134922405
00000613,rademacher,3.0,0.024617992562223523,0.9293730312520089,0.0625,82.0388671875,82.1013671875,4.561172924180724,10.14500978985346,5.977798134922405,14.044251710347762
00000613,gaussian,3.0,0.024617992562223523,0.9289786800726566,0.20253906249999432,82.0388671875,82.24140625,4.561172924180724,12.299210664668758,5.977798134922405,17.294269889798052
00000614,constant,1.0,0.02961727371745251,0.972647029918196,1.8221506331926207,64.86836258609198,66.6905132192846,8.662843256741795,8.658851058336046,10.858283557833513,10.857179003086053
00000614,rademacher,1.0,0.02961727371745251,0.9708342696486832,0.1525216618529157,64.86836258609198,64.71584092423906,8.662843256741795,9.373757272505474,10.858283557833513,11.75015919523825
00000614,gaussian,1.0,0.02961727371745251,0.9722434449838406,0.11386358586980805,64.86836258609198,64.75449900022217,8.662843256741795,9.685867386775797,10.858283557833513,12.340877927680454
00000614,constant,2.0,0.02961727371745251,0.9467659400597975,3.6443012663852556,64.86836258609198,68.51266385247723,8.662843256741795,8.654858859930298,10.858283557833513,10.856118268606314
00000614,rademacher,2.0,0.02961727371745251,0.9425549609427732,0.24298762775401883,64.86836258609198,64.62537495833796,8.662843256741795,10.84796229595603,10.858283557833513,14.081235315191302
00000614,gaussian,2.0,0.02961727371745251,0.9412275795949346,0.17340590979782178,64.86836258609198,64.69495667629415,8.662843256741795,12.081180052977048,10.858283557833513,15.722008154210911
00000614,constant,3.0,0.02961727371745251,0.9222337693515321,5.466451899577876,64.86836258609198,70.33481448566985,8.662843256741795,8.650866661524548,10.858283557833513,10.855101451666123
00000614,rademacher,3.0,0.02961727371745251,0.9150295842419099,0.3004132978357461,64.86836258609198,64.56794928825623,8.662843256741795,12.882954355026607,10.858283557833513,17.17137106718637
00000614,gaussian,3.0,0.02961727371745251,0.9141580644580158,0.2040753798588355,64.86836258609198,65.07243796595081,8.662843256741795,14.899705201750571,10.858283557833513,19.650136287513387
00000615,constant,1.0,0.029387625529410853,0.9745189768354335,1.5311355311355328,59.15934065934066,60.69047619047619,15.081853068568117,15.081853068568117,32.442144067877166,32.442144067877166
00000615,rademacher,1.0,0.029387625529410853,0.9702413708765172,0.213852798598559,59.15934065934066,58.9454878607421,15.081853068568117,15.677731413210921,32.442144067877166,32.93148707608492
00000615,gaussian,1.0,0.029387625529410853,0.9712301966388738,0.16277551164201043,59.15934065934066,58.99656514769865,15.081853068568117,16.042031640944202,32.442144067877166,33.28657275729217
00000615,constant,2.0,0.029387625529410853,0.9504406218379174,3.0622710622710656,59.15934065934066,62.22161172161172,15.081853068568117,15.081853068568117,32.442144067877166,32.442144067877166
00000615,rademacher,2.0,0.029387625529410853,0.9417748713793038,0.21784031522503255,59.15934065934066,58.941500344115624,15.081853068568117,16.591351028322354,32.442144067877166,33.850053161071145
00000615,gaussian,2.0,0.029387625529410853,0.9428423799897414,0.1944646262828087,59.15934065934066,58.96487603305785,15.081853068568117,17.070446857754195,32.442144067877166,34.31175702383146
00000615,constant,3.0,0.029387625529410853,0.9275833836076877,4.593406593406598,59.15934065934066,63.752747252747255,15.081853068568117,15.081853068568117,32.442144067877166,32.442144067877166
00000615,rademacher,3.0,0.029387625529410853,0.91317430015958,0.690196360189475,59.15934065934066,58.46914429915118,15.081853068568117,17.920835485066725,32.442144067877166,35.51917186134549
00000615,gaussian,3.0,0.029387625529410853,0.9136444653257862,0.5634785903751407,59.15934065934066,58.595862068965516,15.081853068568117,19.020444490388925,32.442144067877166,36.391627718026704
00000620,constant,1.0,0.025543482446075298,0.976510859478751,1.902587890625,79.2681884765625,81.1707763671875,4.1314443126937235,4.071463692203851,5.621426851354179,5.588570796305664
00000620,rademacher,1.0,0.025543482446075298,0.9756452331938111,0.0091552734375,79.2681884765625,79.259033203125,4.1314443126937235,5.063972444681399,5.621426851354179,7.087551560762527
00000620,gaussian,1.0,0.025543482446075298,0.9763718270576074,0.0518798828125,79.2681884765625,79.21630859375,4.1314443126937235,5.639017006728441,5.621426851354179,7.798288538779063
00000620,constant,2.0,0.025543482446075298,0.95431442983797,3.787353515625,79.2681884765625,83.0555419921875,4.1314443126937235,4.031029793634061,5.621426851354179,5.578134598909932
00000620,rademacher,2.0,0.025543482446075298,0.9519561587172276,0.0103759765625,79.2681884765625,79.278564453125,4.1314443126937235,7.144241937270198,5.621426851354179,9.989163429766409
00000620,gaussian,2.0,0.025543482446075298,0.9525784267715967,0.052734375,79.2681884765625,79.2154541015625,4.1314443126937235,8.508710530601665,5.621426851354179,11.606460142145371
00000620,constant,3.0,0.025543482446075298,0.9332052236553514,5.6641845703125,79.2681884765625,84.932373046875,4.1314443126937235,4.008541646544362,5.621426851354179,5.575375282732285
00000620,rademacher,3.0,0.025543482446075298,0.9288284953597374,0.1207275390625,79.2681884765625,79.1474609375,4.1314443126937235,9.667563828453956,5.621426851354179,13.499406346481688
00000620,gaussian,3.0,0.025543482446075298,0.927646532744241,0.1236572265625,79.2681884765625,79.14453125,4.1314443126937235,11.953330157752411,5.621426851354179,16.601015977644593
00000621,constant,1.0,0.025027742032957014,0.9770499535942799,1.8854631696428612,80.33816964285714,82.2236328125,3.9879778037152773,3.9230294703366537,5.586129043146492,5.5294753719608964
00000621,rademacher,1.0,0.025027742032957014,0.9760670260618755,0.0979352678571388,80.33816964285714,80.240234375,3.9879778037152773,4.933249236942218,5.586129043146492,6.884460577021882
00000621,gaussian,1.0,0.025027742032957014,0.9769259039186121,0.07393973214284699,80.33816964285714,80.26422991071429,3.9879778037152773,5.4778558101105315,5.586129043146492,7.796211976375131
00000621,constant,2.0,0.025027742032957014,0.955361038711101,3.751255580357153,80.33816964285714,84.08942522321429,3.9879778037152773,3.881728391166239,5.586129043146492,5.517999696428427
00000621,rademacher,2.0,0.025027742032957014,0.9528469569818796,0.034598214285708195,80.33816964285714,80.30357142857143,3.9879778037152773,7.040958560804469,5.586129043146492,10.072637662551662
00000621,gaussian,2.0,0.025027742032957014,0.9528922645462046,0.1841517857142776,80.33816964285714,80.15401785714286,3.9879778037152773,8.413843029857869,5.586129043146492,11.511544058737995
00000621,constant,3.0,0.025027742032957014,0.9346945334489039,5.609933035714292,80.33816964285714,85.94810267857143,3.9879778037152773,3.8596387539874386,5.586129043146492,5.517314709226894
00000621,rademacher,3.0,0.025027742032957014,0.9301353199271806,0.1831752232142776,80.33816964285714,80.15499441964286,3.9879778037152773,9.58908626114602,5.586129043146492,13.615511375378842
00000621,gaussian,3.0,0.025027742032957014,0.9299422833278589,0.012974330357138797,80.33816964285714,80.3251953125,3.9879778037152773,11.821707018816179,5.586129043146492,16.210611744634345
00000622,constant,1.0,0.024539220143631444,0.9761959534979912,2.0,82.0537109375,84.0537109375,4.54704024500378,4.54704024500378,6.405215296952365,6.405215296952365
00000622,rademacher,1.0,0.024539220143631444,0.9759074114578556,0.01171875,82.0537109375,82.0419921875,4.54704024500378,5.505914874513233,6.405215296952365,7.657813959153723
00000622,gaussian,1.0,0.024539220143631444,0.9764490026345503,0.00390625,82.0537109375,82.0576171875,4.54704024500378,5.942305614561136,6.405215296952365,8.377897257677065
00000622,constant,2.0,0.024539220143631444,0.9534988231716036,4.0,82.0537109375,86.0537109375,4.54704024500378,4.547040245003776,6.405215296952365,6.405215296952365
00000622,rademacher,2.0,0.024539220143631444,0.9523879240828145,0.015625,82.0537109375,82.0380859375,4.54704024500378,7.424216925289694,6.405215296952365,10.506941998389706
00000622,gaussian,2.0,0.024539220143631444,0.9526022067215054,0.02734375,82.0537109375,82.0263671875,4.54704024500378,8.899405384457598,6.405215296952365,12.645347759025558
00000622,constant,3.0,0.024539220143631444,0.9318372878649078,6.0,82.0537109375,88.0537109375,4.54704024500378,4.547040245003778,6.405215296952365,6.405215296952365
00000622,rademacher,3.0,0.024539220143631444,0.9295156003789139,0.19921875,82.0537109375,82.2529296875,4.54704024500378,10.083048360573965,6.405215296952365,14.207708252598803
00000622,gaussian,3.0,0.024539220143631444,0.9291694516989271,0.061914062499994316,82.0537109375,81.991796875,4.54704024500378,12.296857087263225,6.405215296952365,17.229039447640922
00000623,constant,1.0,0.02538127266185059,0.9762835525130608,1.9261474609375,79.389404296875,81.3155517578125,4.4986660046719855,4.441409437099287,5.654895677725257,5.638724001945706
00000623,rademacher,1.0,0.02538127266185059,0.9755443244877281,0.021484375,79.389404296875,79.367919921875,4.4986660046719855,5.338223673164273,5.654895677725257,6.955690927824449
00000623,gaussian,1.0,0.02538127266185059,0.9756472126904271,0.003662109375,79.389404296875,79.3857421875,4.4986660046719855,5.920729580797402,5.654895677725257,7.8897973953233675
00000623,constant,2.0,0.02538127266185059,0.9539891475119813,3.8250732421875,79.389404296875,83.2144775390625,4.4986660046719855,4.385073896345548,5.654895677725257,5.625406646847809
00000623,rademacher,2.0,0.02538127266185059,0.9518720429284631,0.0091552734375,79.389404296875,79.3985595703125,4.4986660046719855,7.353311658196418,5.654895677725257,9.966089597419842
00000623,gaussian,2.0,0.02538127266185059,0.9531179304487686,0.157958984375,79.389404296875,79.2314453125,4.4986660046719855,8.486546368323882,5.654895677725257,11.776336817105683
00000623,constant,3.0,0.02538127266185059,0.9328173343527086,5.7132568359375,79.389404296875,85.1026611328125,4.4986660046719855,4.341136259302798,5.654895677725257,5.624799491041985
00000623,rademacher,3.0,0.02538127266185059,0.9285735507773852,0.2950439453125,79.389404296875,79.0943603515625,4.4986660046719855,9.850615182148722,5.654895677725257,13.731161054862616
00000623,gaussian,3.0,0.02538127266185059,0.9313974850196325,0.1094970703125,79.389404296875,79.4989013671875,4.4986660046719855,11.546598723768112,5.654895677725257,16.167119383986932
00000624,constant,1.0,0.024207966712216932,0.9765622990778656,2.0,83.438720703125,85.438720703125,4.2237156396262945,4.223715639626294,6.184201306815182,6.184201306815182
00000624,rademacher,1.0,0.024207966712216932,0.9762734712414917,0.076171875,83.438720703125,83.362548828125,4.2237156396262945,5.193072047260818,6.184201306815182,7.489758833898225
00000624,gaussian,1.0,0.024207966712216932,0.976443037425734,0.0341796875,83.438720703125,83.472900390625,4.2237156396262945,5.749939151724014,6.184201306815182,8.314950478712756
00000624,constant,2.0,0.024207966712216932,0.9542087466878125,4.0,83.438720703125,87.438720703125,4.2237156396262945,4.223715639626294,6.184201306815182,6.184201306815182
00000624,rademacher,2.0,0.024207966712216932,0.953099938530156,0.08984375,83.438720703125,83.348876953125,4.2237156396262945,7.362552024502326,6.184201306815182,10.633323121776836
00000624,gaussian,2.0,0.024207966712216932,0.9532117299204388,0.0576171875,83.438720703125,83.496337890625,4.2237156396262945,8.64987935349547,6.184201306815182,12.392999804113352
00000624,constant,3.0,0.024207966712216932,0.9328658271937894,6.0,83.438720703125,89.438720703125,4.2237156396262945,4.223715639626294,6.184201306815182,6.184201306815182
00000624,rademacher,3.0,0.024207966712216932,0.9305805278860565,0.111328125,83.438720703125,83.550048828125,4.2237156396262945,9.87858781234109,6.184201306815182,14.144124560278497
00000624,gaussian,3.0,0.024207966712216932,0.9312274852727196,0.013916015625,83.438720703125,83.45263671875,4.2237156396262945,12.00649576001185,6.184201306815182,17.165953973294524
00000625,constant,1.0,0.024214993592984024,0.9764740725774976,2.0,83.0716796875,85.0716796875,3.850546438552392,3.850546438552393,5.532467821804916,5.532467821804916
00000625,rademacher,1.0,0.024214993592984024,0.976200319589736,0.04296875,83.0716796875,83.1146484375,3.850546438552392,4.91079548851716,5.532467821804916,6.927098784439953
00000625,gaussian,1.0,0.024214993592984024,0.9771899527947769,0.009765625,83.0716796875,83.0814453125,3.850546438552392,5.440765530499564,5.532467821804916,7.7918403508106575
00000625,constant,2.0,0.024214993592984024,0.954033920508202,4.0,83.0716796875,87.0716796875,3.850546438552392,3.8505464385523935,5.532467821804916,5.532467821804916
00000625,rademacher,2.0,0.024214993592984024,0.952969791535205,0.09765625,83.0716796875,83.1693359375,3.850546438552392,7.072417809727236,5.532467821804916,9.999502363003899
00000625,gaussian,2.0,0.024214993592984024,0.9549594745732288,0.220703125,83.0716796875,82.8509765625,3.850546438552392,8.23272984701325,5.532467821804916,11.57763452400772
00000625,constant,3.0,0.024214993592984024,0.9326122088293531,6.0,83.0716796875,89.0716796875,3.850546438552392,3.850546438552393,5.532467821804916,5.532467821804916
00000625,rademacher,3.0,0.024214993592984024,0.9302746467693285,0.099609375,83.0716796875,83.1712890625,3.850546438552392,9.749297462683863,5.532467821804916,13.38837272388576
00000625,gaussian,3.0,0.024214993592984024,0.9310730921834084,0.0712890625,83.0716796875,83.000390625,3.850546438552392,11.80849527632599,5.532467821804916,17.21250108029124
00000626,constant,1.0,0.024466821125170797,0.9762335583547915,2.0,82.193603515625,84.193603515625,4.022110473837497,4.022110473837495,5.392271487792204,5.392271487792204
00000626,rademacher,1.0,0.024466821125170797,0.9759439278670048,0.02734375,82.193603515625,82.166259765625,4.022110473837497,5.017439564637458,5.392271487792204,6.776839175729739
00000626,gaussian,1.0,0.024466821125170797,0.9758614314097804,0.0166015625,82.193603515625,82.177001953125,4.022110473837497,5.692231045677139,5.392271487792204,7.746150279182301
00000626,constant,2.0,0.024466821125170797,0.9535786817127367,4.0,82.193603515625,86.193603515625,4.022110473837497,4.022110473837496,5.392271487792204,5.392271487792204
00000626,rademacher,2.0,0.024466821125170797,0.9524472603216598,0.0703125,82.193603515625,82.123291015625,4.022110473837497,7.225443628565936,5.392271487792204,9.995872816155844
00000626,gaussian,2.0,0.024466821125170797,0.9522036758374142,0.001953125,82.193603515625,82.191650390625,4.022110473837497,8.623331115690146,5.392271487792204,11.97742927552366
00000626,constant,3.0,0.024466821125170797,0.9319540140792435,6.0,82.193603515625,88.193603515625,4.022110473837497,4.022110473837496,5.392271487792204,5.392271487792204
00000626,rademacher,3.0,0.024466821125170797,0.9295507881337234,0.017578125,82.193603515625,82.211181640625,4.022110473837497,9.919581791353252,5.392271487792204,13.538161761324329
00000626,gaussian,3.0,0.024466821125170797,0.9268461758808364,0.1591796875,82.193603515625,82.034423828125,4.022110473837497,12.401569435936615,5.392271487792204,17.639416014601593
00000627,constant,1.0,0.02671459162773929,0.9746694333792769,1.9611639094215718,75.50393054088936,77.46509445031093,5.956157573864047,5.956157573864047,6.572189059886721,6.572189059886721
00000627,rademacher,1.0,0.02671459162773929,0.9740746707170199,0.03824944268450281,75.50393054088936,75.46568109820485,5.956157573864047,6.855002523754382,6.572189059886721,7.881467087556875
00000627,gaussian,1.0,0.02671459162773929,0.9750043728155101,0.021823301654350757,75.50393054088936,75.52575384254371,5.956157573864047,7.447488171782136,6.572189059886721,8.6332026525814
00000627,constant,2.0,0.02671459162773929,0.9505988643145411,3.9223278188431294,75.50393054088936,79.42625835973249,5.956157573864047,5.956157573864048,6.572189059886721,6.572189059886721
00000627,rademacher,2.0,0.02671459162773929,0.9488343558282208,0.05819547107826395,75.50393054088936,75.4457350698111,5.956157573864047,8.939623096115863,6.572189059886721,10.760196153267437
00000627,gaussian,2.0,0.02671459162773929,0.9489103478347762,0.024873870702805334,75.50393054088936,75.52880441159216,5.956157573864047,10.221324906396827,6.572189059886721,12.808685764870246
00000627,constant,3.0,0.02671459162773929,0.9276898791203246,5.883491728264701,75.50393054088936,81.38742226915406,5.956157573864047,5.956157573864048,6.572189059886721,6.572189059886721
00000627,rademacher,3.0,0.02671459162773929,0.9242069517476607,0.07985168616042415,75.50393054088936,75.42407885472893,5.956157573864047,11.350611331608945,6.572189059886721,14.759318345340086
00000627,gaussian,3.0,0.02671459162773929,0.9252545010401705,0.16617675612231153,75.50393054088936,75.33775378476705,5.956157573864047,13.259844032761109,6.572189059886721,17.15811240088911
00000628,constant,1.0,0.023955236422854694,0.9768014537302787,2.0,84.256103515625,86.256103515625,4.046084574621201,4.046084574621199,5.874872030758073,5.874872030758073
00000628,rademacher,1.0,0.023955236422854694,0.9765257812567127,0.025390625,84.256103515625,84.230712890625,4.046084574621201,5.003382847229328,5.874872030758073,7.174807757610266
00000628,gaussian,1.0,0.023955236422854694,0.9777745305345917,0.015625,84.256103515625,84.271728515625,4.046084574621201,5.5271672210148255,5.874872030758073,7.915993143804845
00000628,constant,2.0,0.023955236422854694,0.9546601307912762,4.0,84.256103515625,88.256103515625,4.046084574621201,4.046084574621201,5.874872030758073,5.874872030758073
00000628,rademacher,2.0,0.023955236422854694,0.9536377008372935,0.106201171875,84.256103515625,84.3623046875,4.046084574621201,7.244229693082694,5.874872030758073,10.360584019771107
00000628,gaussian,2.0,0.023955236422854694,0.9535556480215578,0.0107421875,84.256103515625,84.245361328125,4.046084574621201,8.561889292236339,5.874872030758073,12.285736406998236
00000628,constant,3.0,0.023955236422854694,0.9335003218947973,6.0,84.256103515625,90.256103515625,4.046084574621201,4.046084574621201,5.874872030758073,5.874872030758073
00000628,rademacher,3.0,0.023955236422854694,0.9312008372532943,0.017578125,84.256103515625,84.238525390625,4.046084574621201,9.819505366224552,5.874872030758073,13.77361559262765
00000628,gaussian,3.0,0.023955236422854694,0.9296889194500116,0.032958984375,84.256103515625,84.2890625,4.046084574621201,12.23486262628809,5.874872030758073,17.626547233214197
00000629,constant,1.0,0.024236153140313542,0.9765402324051743,1.7142857142857082,71.46261160714286,73.17689732142857,3.4648309430620956,3.464830943062096,5.208509063106711,5.208509063106711
00000629,rademacher,1.0,0.024236153140313542,0.9743491341073013,0.0902622767857224,71.46261160714286,71.37234933035714,3.4648309430620956,4.533384979613177,5.208509063106711,6.5590988198649685
00000629,gaussian,1.0,0.024236153140313542,0.9752726360284892,0.1443917410714306,71.46261160714286,71.31821986607143,3.4648309430620956,5.165861033228012,5.208509063106711,7.489194775692953
00000629,constant,2.0,0.024236153140313542,0.9541683975611619,3.4285714285714306,71.46261160714286,74.89118303571429,3.4648309430620956,3.464830943062096,5.208509063106711,5.208509063106711
00000629,rademacher,2.0,0.024236153140313542,0.9491887316532869,0.2784598214285694,71.46261160714286,71.18415178571429,3.4648309430620956,6.608639587791702,5.208509063106711,9.479541014543033
00000629,gaussian,2.0,0.024236153140313542,0.9483378171370215,0.2537667410714306,71.46261160714286,71.20884486607143,3.4648309430620956,8.08057371698777,5.208509063106711,11.624902960554795
00000629,constant,3.0,0.024236153140313542,0.9328088434816656,5.142857142857139,71.46261160714286,76.60546875,3.4648309430620956,3.4648309430620956,5.208509063106711,5.208509063106711
00000629,rademacher,3.0,0.024236153140313542,0.9246111626293926,0.461216517857153,71.46261160714286,71.00139508928571,3.4648309430620956,9.089798074847064,5.208509063106711,13.314083553333644
00000629,gaussian,3.0,0.024236153140313542,0.9233958155969593,0.4515904017857224,71.46261160714286,71.01102120535714,3.4648309430620956,11.56440511442147,5.208509063106711,16.83246465785977
00000630,constant,1.0,0.024653981193205696,0.9774500515660852,1.9217276499434206,83.4881176914372,85.40984534138062,9.515445555269855,9.500469511821992,15.086051144738562,15.05185032964864
00000630,rademacher,1.0,0.024653981193205696,0.9766904713506124,0.05846850245190183,83.4881176914372,83.4296491889853,9.515445555269855,10.369493687452934,15.086051144738562,16.101825212708277
00000630,gaussian,1.0,0.024653981193205696,0.9781623863811604,0.0184835910977057,83.4881176914372,83.46963410033949,9.515445555269855,10.715361055416471,15.086051144738562,16.760626609122685
00000630,constant,2.0,0.024653981193205696,0.955921514421779,3.843078083741986,83.4881176914372,87.33119577517918,9.515445555269855,9.485860014183501,15.086051144738562,15.020953131498565
00000630,rademacher,2.0,0.024653981193205696,0.9540392801003197,0.02640513013957957,83.4881176914372,83.46171256129762,9.515445555269855,12.216818541731069,15.086051144738562,18.630065249187055
00000630,gaussian,2.0,0.024653981193205696,0.9546490267425018,0.02612490429945069,83.4881176914372,83.51424259573665,9.515445555269855,13.35875010809853,15.086051144738562,20.29409920619505
00000630,constant,3.0,0.024653981193205696,0.9353287870687159,5.764239909468117,83.4881176914372,89.25235760090531,9.515445555269855,9.471641291578894,15.086051144738562,14.99195050301773
00000630,rademacher,3.0,0.024653981193205696,0.9318073125831199,0.11995473406261681,83.4881176914372,83.36816295737458,9.515445555269855,14.533597337497412,15.086051144738562,21.858162096433148
00000630,gaussian,3.0,0.024653981193205696,0.934161979138223,0.03225198038475696,83.4881176914372,83.52036967182195,9.515445555269855,16.062132200376773,15.086051144738562,24.149689158710157
00000631,constant,1.0,0.026795578712644996,0.974930275084525,1.8027452372500221,70.15441959531417,71.95716483256419,6.976712052537418,6.976712052537418,9.175646277862809,9.175646277862809
00000631,rademacher,1.0,0.026795578712644996,0.9732617917146681,0.03416867804584456,70.15441959531417,70.12025091726832,6.976712052537418,7.806088900690585,9.175646277862809,10.181455387348647
00000631,gaussian,1.0,0.026795578712644996,0.9736953917365507,0.12376507998691011,70.15441959531417,70.03065451532726,6.976712052537418,8.251880955723683,9.175646277862809,10.758169760131514
00000631,constant,2.0,0.026795578712644996,0.9510944197746348,3.6054904745000584,70.15441959531417,73.75991006981423,6.976712052537418,6.976712052537419,9.175646277862809,9.175646277862809
00000631,rademacher,2.0,0.026795578712644996,0.9471265539528483,0.1015885126323326,70.15441959531417,70.05283108268183,6.976712052537418,9.474525041594605,9.175646277862809,12.717974637063353
00000631,gaussian,2.0,0.026795578712644996,0.9470949798816762,0.12190891662407921,70.15441959531417,70.03251067869009,6.976712052537418,10.488449298435794,9.175646277862809,13.957213550182471
00000631,constant,3.0,0.026795578712644996,0.9284020796141439,5.4082357117500806,70.15441959531417,75.56265530706425,6.976712052537418,6.976712052537418,9.175646277862809,9.175646277862809
00000631,rademacher,3.0,0.026795578712644996,0.9217827392113983,0.099404181512881,70.15441959531417,70.05501541380129,6.976712052537418,11.573373164117912,9.175646277862809,15.790598603313567
00000631,gaussian,3.0,0.026795578712644996,0.922541923980663,0.01591971399443537,70.15441959531417,70.13849988131973,6.976712052537418,13.454133584356272,9.175646277862809,18.095797520095317
00000632,constant,1.0,0.025454193512706356,0.9758676883083395,1.9615478515625,79.467041015625,81.4285888671875,4.1631369795500195,4.121560007435411,5.475823455779881,5.489369033529275
00000632,rademacher,1.0,0.025454193512706356,0.9753246910846093,0.0443115234375,79.467041015625,79.5113525390625,4.1631369795500195,5.138913388299038,5.475823455779881,6.945354276446038
00000632,gaussian,1.0,0.025454193512706356,0.9765685956033481,0.0322265625,79.467041015625,79.499267578125,4.1631369795500195,5.5836233144801195,5.475823455779881,7.5572857834698155
00000632,constant,2.0,0.025454193512706356,0.9532005746141782,3.8956298828125,79.467041015625,83.3626708984375,4.1631369795500195,4.068873611143062,5.475823455779881,5.509692578435695
00000632,rademacher,2.0,0.025454193512706356,0.9514433865955504,0.013427734375,79.467041015625,79.45361328125,4.1631369795500195,7.220089339552869,5.475823455779881,10.004911062140327
00000632,gaussian,2.0,0.025454193512706356,0.9511497229465694,0.2685546875,79.467041015625,79.198486328125,4.1631369795500195,8.607195300660443,5.475823455779881,12.074105648458666
00000632,constant,3.0,0.025454193512706356,0.9319013143860925,5.800048828125,79.467041015625,85.26708984375,4.1631369795500195,4.013728500316007,5.475823455779881,5.532324467109395
00000632,rademacher,3.0,0.025454193512706356,0.9280495118880787,0.37548828125,79.467041015625,79.091552734375,4.1631369795500195,9.81004738975064,5.475823455779881,13.882170123579108
00000632,gaussian,3.0,0.025454193512706356,0.9303535166382568,0.0506591796875,79.467041015625,79.5177001953125,4.1631369795500195,11.524090489894357,5.475823455779881,15.866688179767685
00000633,constant,1.0,0.025229915148721468,0.9763667627944065,1.973188702415058,81.70528039295948,83.67846909537454,5.28412906960543,5.235561782450974,8.601223576798422,8.529011758945908
00000633,rademacher,1.0,0.025229915148721468,0.9759016462423052,0.013098649201808144,81.70528039295948,81.69218174375767,5.28412906960543,6.120613789986378,8.601223576798422,9.841438732038407
00000633,gaussian,1.0,0.025229915148721468,0.9770460936241901,0.039023226702312286,81.70528039295948,81.66625716625717,5.28412906960543,6.427419100379547,8.601223576798422,10.145669442010481
00000633,constant,2.0,0.025229915148721468,0.9544177527837354,3.895415472779362,81.70528039295948,85.60069586573884,5.28412906960543,5.13868475101971,8.601223576798422,8.420010523989545
00000633,rademacher,2.0,0.025229915148721468,0.9527674464128414,0.043867905753742775,81.70528039295948,81.66141248720574,5.28412906960543,7.964575651182525,8.601223576798422,12.388027134843536
00000633,gaussian,2.0,0.025229915148721468,0.9525399516153099,0.003564815885724215,81.70528039295948,81.7088452088452,5.28412906960543,9.188487422526196,8.601223576798422,13.99873785957414
00000633,constant,3.0,0.025229915148721468,0.9340957382082316,5.75685632419156,81.70528039295948,87.46213671715104,5.28412906960543,5.027861697867726,8.601223576798422,8.35929786742131
00000633,rademacher,3.0,0.025229915148721468,0.9303842504743833,0.1336178212969088,81.70528039295948,81.57166257166257,5.28412906960543,10.343285736074874,8.601223576798422,15.633480083813032
00000633,gaussian,3.0,0.025229915148721468,0.9324674191296253,0.2138799015589825,81.70528039295948,81.4914004914005,5.28412906960543,11.907466346273681,8.601223576798422,17.95667338454596
00000634,constant,1.0,0.02404438250180487,0.9768037349343068,2.0,84.3232421875,86.3232421875,4.039302162909108,4.039302162909105,5.661312858511711,5.661312858511711
00000634,rademacher,1.0,0.02404438250180487,0.97652926115442,0.017578125,84.3232421875,84.3056640625,4.039302162909108,5.046701836371253,5.661312858511711,7.075074296914184
00000634,gaussian,1.0,0.02404438250180487,0.9769512274234602,0.0078125,84.3232421875,84.3310546875,4.039302162909108,5.596313237865888,5.661312858511711,7.972079522398219
00000634,constant,2.0,0.02404438250180487,0.9546627254701057,4.0,84.3232421875,88.3232421875,4.039302162909108,4.039302162909105,5.661312858511711,5.661312858511711
00000634,rademacher,2.0,0.02404438250180487,0.9536283025696707,0.046223958333328596,84.3232421875,84.36946614583333,4.039302162909108,7.222662956662197,5.661312858511711,10.109026673331442
00000634,gaussian,2.0,0.02404438250180487,0.9535925772262663,0.0322265625,84.3232421875,84.291015625,4.039302162909108,8.567306353700564,5.661312858511711,12.038538181905592
00000634,constant,3.0,0.02404438250180487,0.9335166577767526,6.0,84.3232421875,90.3232421875,4.039302162909108,4.039302162909105,5.661312858511711,5.661312858511711
00000634,rademacher,3.0,0.02404438250180487,0.9312003579818772,0.052734375,84.3232421875,84.2705078125,4.039302162909108,9.838538785231087,5.661312858511711,14.027519981627245
00000634,gaussian,3.0,0.02404438250180487,0.9323424707629617,0.0693359375,84.3232421875,84.25390625,4.039302162909108,11.959435507279919,5.661312858511711,17.102566042117086
00000635,constant,1.0,0.024436823283879826,0.9763600909227272,2.0,82.636328125,84.636328125,4.317874938350213,4.317874938350213,6.289026175213883,6.289026175213883
00000635,rademacher,1.0,0.024436823283879826,0.9760792811641852,0.013671875,82.636328125,82.65,4.317874938350213,5.313248564126272,6.289026175213883,7.666938839208408
00000635,gaussian,1.0,0.024436823283879826,0.9759976270885591,0.0244140625,82.636328125,82.6119140625,4.317874938350213,5.830417582578048,6.289026175213883,8.520613626318166
00000635,constant,2.0,0.024436823283879826,0.9538142108039623,4.0,82.636328125,86.636328125,4.317874938350213,4.317874938350213,6.289026175213883,6.289026175213883
00000635,rademacher,2.0,0.024436823283879826,0.952738722736762,0.06640625,82.636328125,82.702734375,4.317874938350213,7.329864847961107,6.289026175213883,10.336579121125189
00000635,gaussian,2.0,0.024436823283879826,0.9528662567344631,0.0390625,82.636328125,82.675390625,4.317874938350213,8.69189120510137,6.289026175213883,12.703614784428016
00000635,constant,3.0,0.024436823283879826,0.9322922405016989,6.0,82.636328125,88.636328125,4.317874938350213,4.317874938350212,6.289026175213883,6.289026175213883
00000635,rademacher,3.0,0.024436823283879826,0.9299873769020092,0.1640625,82.636328125,82.800390625,4.317874938350213,9.977959019442116,6.289026175213883,14.281459942287764
00000635,gaussian,3.0,0.024436823283879826,0.9299109593565567,0.208984375,82.636328125,82.8453125,4.317874938350213,12.028187649334976,6.289026175213883,17.400688553606393
00000636,constant,1.0,0.025226978742098456,0.9755766540670854,2.0,80.032470703125,82.032470703125,4.187623802373331,4.187623802373331,5.543289991046738,5.543289991046738
00000636,rademacher,1.0,0.025226978742098456,0.9752738809747632,0.001953125,80.032470703125,80.034423828125,4.187623802373331,5.128423933907261,5.543289991046738,6.912918220390978
00000636,gaussian,1.0,0.025226978742098456,0.9763928831973762,0.009765625,80.032470703125,80.042236328125,4.187623802373331,5.658823630031074,5.543289991046738,7.738626535346588
00000636,constant,2.0,0.025226978742098456,0.9523316995505402,4.0,80.032470703125,84.032470703125,4.187623802373331,4.18762380237333,5.543289991046738,5.543289991046738
00000636,rademacher,2.0,0.025226978742098456,0.9511585794995484,0.025634765625,80.032470703125,80.05810546875,4.187623802373331,7.360998941494531,5.543289991046738,10.17563106467565
00000636,gaussian,2.0,0.025226978742098456,0.9518605264059106,0.0284423828125,80.032470703125,80.0040283203125,4.187623802373331,8.556965295919438,5.543289991046738,11.839789181866735
00000636,constant,3.0,0.025226978742098456,0.9301831937375581,6.0,80.032470703125,86.032470703125,4.187623802373331,4.18762380237333,5.543289991046738,5.543289991046738
00000636,rademacher,3.0,0.025226978742098456,0.9275985494416291,0.041015625,80.032470703125,79.991455078125,4.187623802373331,9.92962981886942,5.543289991046738,14.142857691411265
00000636,gaussian,3.0,0.025226978742098456,0.9277516036649315,0.07080078125,80.032470703125,79.961669921875,4.187623802373331,12.18114053951435,5.543289991046738,17.05889075711883
00000637,constant,1.0,0.0248266162398026,0.976653375431682,1.9843104872006592,83.08071841453345,85.06502890173411,9.838916381703386,9.793830601561034,14.213701992152162,14.199937482397257
00000637,rademacher,1.0,0.0248266162398026,0.9762938812386299,0.025598678777868145,83.08071841453345,83.10631709331132,9.838916381703386,10.44913553635997,14.213701992152162,15.128857694928765
00000637,gaussian,1.0,0.0248266162398026,0.977167682582407,0.04479768786126215,83.08071841453345,83.12551610239471,9.838916381703386,10.764288529880412,14.213701992152162,15.541861913428274
00000637,constant,2.0,0.0248266162398026,0.9547410725300587,3.9357968620974333,83.08071841453345,87.01651527663088,9.838916381703386,9.71681801037684,14.213701992152162,14.144306928128573
00000637,rademacher,2.0,0.0248266162398026,0.9533440750105556,0.02312138728322566,83.08071841453345,83.10383980181668,9.838916381703386,11.896787945298593,14.213701992152162,17.396989917450355
00000637,gaussian,2.0,0.0248266162398026,0.9535864159626031,0.04071900801920947,83.08071841453345,83.12143742255266,9.838916381703386,12.72880925405922,14.213701992152162,18.63983272082262
00000637,constant,3.0,0.0248266162398026,0.9350792688169045,5.7654830718414445,83.08071841453345,88.8462014863749,9.838916381703386,9.61761884070562,14.213701992152162,14.086381102934139
00000637,rademacher,3.0,0.0248266162398026,0.9314951663431416,0.1659961349546819,83.08071841453345,82.91472227957877,9.838916381703386,13.685126745875383,14.213701992152162,19.79971477643175
00000637,gaussian,3.0,0.0248266162398026,0.935198874992174,0.2289736282439634,83.08071841453345,82.85174478628949,9.838916381703386,14.920540737676081,14.213701992152162,21.70100972633172
00000638,constant,1.0,0.025313596421231994,0.9778472959151825,1.7999999999999972,79.5537109375,81.3537109375,3.5562568684443696,3.556256868444369,5.2170721961073285,5.2170721961073285
00000638,rademacher,1.0,0.025313596421231994,0.9763817180418916,0.07070312499999432,79.5537109375,79.4830078125,3.5562568684443696,4.60778538547135,5.2170721961073285,6.513915493234364
00000638,gaussian,1.0,0.025313596421231994,0.9767003772412354,0.05976562499999716,79.5537109375,79.4939453125,3.5562568684443696,5.186846143595424,5.2170721961073285,7.471598525674511
00000638,constant,2.0,0.025313596421231994,0.9566660403062902,3.5999999999999943,79.5537109375,83.1537109375,3.5562568684443696,3.556256868444369,5.2170721961073285,5.2170721961073285
00000638,rademacher,2.0,0.025313596421231994,0.953327139732907,0.17226562499999432,79.5537109375,79.3814453125,3.5562568684443696,6.773765009826022,5.2170721961073285,9.668813802341202
00000638,gaussian,2.0,0.025313596421231994,0.9529025349461462,0.23457031249999716,79.5537109375,79.319140625,3.5562568684443696,8.154337314006444,5.2170721961073285,11.54674421296389
00000638,constant,3.0,0.025313596421231994,0.9363851011929806,5.400000000000006,79.5537109375,84.9537109375,3.5562568684443696,3.5562568684443683,5.2170721961073285,5.2170721961073285
00000638,rademacher,3.0,0.025313596421231994,0.9306748611836173,0.1875,79.5537109375,79.3662109375,3.5562568684443696,9.313760572815621,5.2170721961073285,13.451342497252506
00000638,gaussian,3.0,0.025313596421231994,0.9318406494173115,0.32402343750000284,79.5537109375,79.2296875,3.5562568684443696,11.28399972405044,5.2170721961073285,16.446364414741534
00000639,constant,1.0,0.025255680078388142,0.9778945174666369,1.7999999999999972,79.7345703125,81.5345703125,3.607799401293451,3.6077994012934527,5.721353616226974,5.721353616226974
00000639,rademacher,1.0,0.025255680078388142,0.9763787539611013,0.12929687499999432,79.7345703125,79.6052734375,3.607799401293451,4.716964937876623,5.721353616226974,7.087603235621993
00000639,gaussian,1.0,0.025255680078388142,0.9774043751605663,0.11015625000000284,79.7345703125,79.6244140625,3.607799401293451,5.191051397374642,5.721353616226974,7.695265016747612
00000639,constant,2.0,0.025255680078388142,0.9567653841826977,3.6000000000000085,79.7345703125,83.3345703125,3.607799401293451,3.6077994012934527,5.721353616226974,5.721353616226974
00000639,rademacher,2.0,0.025255680078388142,0.9531997439149836,0.36054687499999716,79.7345703125,79.3740234375,3.607799401293451,6.818129094885781,5.721353616226974,10.189455740998959
00000639,gaussian,2.0,0.025255680078388142,0.9534616076245279,0.3310546875,79.7345703125,79.403515625,3.607799401293451,8.16422573398154,5.721353616226974,11.882073900066827
00000639,constant,3.0,0.025255680078388142,0.9365343011638284,5.400000000000006,79.7345703125,85.1345703125,3.607799401293451,3.6077994012934527,5.721353616226974,5.721353616226974
00000639,rademacher,3.0,0.025255680078388142,0.9307124584808187,0.40839843749999716,79.7345703125,79.326171875,3.607799401293451,9.298175206504549,5.721353616226974,13.437964226701746
00000639,gaussian,3.0,0.025255680078388142,0.9326720370313282,0.28593750000000284,79.7345703125,79.4486328125,3.607799401293451,11.281918603497806,5.721353616226974,16.151583799574745
00000641,constant,1.0,0.024150101088010845,0.9766143943025406,2.0,83.564697265625,85.564697265625,4.247131286622277,4.2471312866222775,5.822008423461414,5.822008423461414
00000641,rademacher,1.0,0.024150101088010845,0.9763378525071021,0.0,83.564697265625,83.564697265625,4.247131286622277,5.211706870861496,5.822008423461414,7.255472137710699
00000641,gaussian,1.0,0.024150101088010845,0.9769273407547693,0.0556640625,83.564697265625,83.620361328125,4.247131286622277,5.6812070959852035,5.822008423461414,7.972906494736727
00000641,constant,2.0,0.024150101088010845,0.9543055497469783,4.0,83.564697265625,87.564697265625,4.247131286622277,4.247131286622276,5.822008423461414,5.822008423461414
00000641,rademacher,2.0,0.024150101088010845,0.9531945999040592,0.125,83.564697265625,83.439697265625,4.247131286622277,7.3390007747071175,5.822008423461414,10.147012836546146
00000641,gaussian,2.0,0.024150101088010845,0.9538973926135457,0.1640625,83.564697265625,83.728759765625,4.247131286622277,8.69131099794474,5.822008423461414,12.415387909896271
00000641,constant,3.0,0.024150101088010845,0.9329956904188825,6.0,83.564697265625,89.564697265625,4.247131286622277,4.2471312866222775,5.822008423461414,5.822008423461414
00000641,rademacher,3.0,0.024150101088010845,0.9306524554182265,0.052734375,83.564697265625,83.511962890625,4.247131286622277,10.001278611691234,5.822008423461414,14.34855713271785
00000641,gaussian,3.0,0.024150101088010845,0.9319881051128829,0.052734375,83.564697265625,83.617431640625,4.247131286622277,11.85825451211284,5.822008423461414,16.88426106176308
00000642,constant,1.0,0.025380383589888346,0.9758099164522209,1.9697265625,79.5770263671875,81.5467529296875,4.578047430328521,4.530959338221355,5.472855246869394,5.451117383332795
00000642,rademacher,1.0,0.025380383589888346,0.9753222819349343,0.0386962890625,79.5770263671875,79.538330078125,4.578047430328521,5.447109744093374,5.472855246869394,6.928210895161793
00000642,gaussian,1.0,0.025380383589888346,0.9760928051189451,0.096435546875,79.5770263671875,79.6734619140625,4.578047430328521,5.923350229991071,5.472855246869394,7.666751772263397
00000642,constant,2.0,0.025380383589888346,0.9531972017173407,3.9022216796875,79.5770263671875,83.479248046875,4.578047430328521,4.461666866518062,5.472855246869394,5.441583334155885
00000642,rademacher,2.0,0.025380383589888346,0.9514839362479194,0.0062255859375,79.5770263671875,79.583251953125,4.578047430328521,7.487958460021307,5.472855246869394,9.967023127217072
00000642,gaussian,2.0,0.025380383589888346,0.9512908888925536,0.2601318359375,79.5770263671875,79.31689453125,4.578047430328521,8.773376742116763,5.472855246869394,11.61884686319984
00000642,constant,3.0,0.025380383589888346,0.9319084449654739,5.8082275390625,79.5770263671875,85.38525390625,4.578047430328521,4.39838947295279,5.472855246869394,5.446581637137529
00000642,rademacher,3.0,0.025380383589888346,0.9282343118038243,0.1444091796875,79.5770263671875,79.4326171875,4.578047430328521,9.93096814702021,5.472855246869394,13.858541909726956
00000642,gaussian,3.0,0.025380383589888346,0.9321497217707011,0.1107177734375,79.5770263671875,79.46630859375,4.578047430328521,11.537117624990753,5.472855246869394,15.744554006562193
00000643,constant,1.0,0.02462227863338011,0.976148235184625,2.0,81.94482421875,83.94482421875,4.031001143753608,4.031001143753607,5.633676908033808,5.633676908033808
00000643,rademacher,1.0,0.02462227863338011,0.9758673853686094,0.068359375,81.94482421875,82.01318359375,4.031001143753608,5.008675943956679,5.633676908033808,7.03923428395491
00000643,gaussian,1.0,0.02462227863338011,0.9767185733132303,0.0009765625,81.94482421875,81.94384765625,4.031001143753608,5.5276096183072685,5.633676908033808,7.937883536961858
00000643,constant,2.0,0.02462227863338011,0.9534159020538022,4.0,81.94482421875,85.94482421875,4.031001143753608,4.031001143753607,5.633676908033808,5.633676908033808
00000643,rademacher,2.0,0.02462227863338011,0.9522949389179756,0.015625,81.94482421875,81.92919921875,4.031001143753608,7.270919557165275,5.633676908033808,10.45586052764386
00000643,gaussian,2.0,0.02462227863338011,0.9533234223671693,0.033203125,81.94482421875,81.97802734375,4.031001143753608,8.478515083214031,5.633676908033808,12.006548763453086
00000643,constant,3.0,0.02462227863338011,0.9317337641787564,6.0,81.94482421875,87.94482421875,4.031001143753608,4.031001143753606,5.633676908033808,5.633676908033808
00000643,rademacher,3.0,0.02462227863338011,0.9292862195690057,0.087890625,81.94482421875,81.85693359375,4.031001143753608,9.85382247615711,5.633676908033808,14.303099569004242
00000643,gaussian,3.0,0.02462227863338011,0.92932589637765,0.220703125,81.94482421875,81.72412109375,4.031001143753608,11.86859494954078,5.633676908033808,16.919040277428188
00000644,constant,1.0,0.024006877079198234,0.9766892606775472,2.0,83.841015625,85.841015625,3.8610126000899263,3.861012600089927,5.212080973601582,5.212080973601582
00000644,rademacher,1.0,0.024006877079198234,0.9764214450926917,0.05078125,83.841015625,83.891796875,3.8610126000899263,4.880961363597506,5.212080973601582,6.802938924398765
00000644,gaussian,1.0,0.024006877079198234,0.9762297271161622,0.03515625,83.841015625,83.805859375,3.8610126000899263,5.580724595505876,5.212080973601582,7.618410519713754
00000644,constant,2.0,0.024006877079198234,0.9544426681134253,4.0,83.841015625,87.841015625,3.8610126000899263,3.8610126000899263,5.212080973601582,5.212080973601582
00000644,rademacher,2.0,0.024006877079198234,0.953365304733573,0.05859375,83.841015625,83.782421875,3.8610126000899263,7.114207539760298,5.212080973601582,9.801438739538415
00000644,gaussian,2.0,0.024006877079198234,0.9543089412380876,0.0546875,83.841015625,83.786328125,3.8610126000899263,8.431385982770802,5.212080973601582,11.716314635114168
00000644,constant,3.0,0.024006877079198234,0.93319100923295,6.0,83.841015625,89.841015625,3.8610126000899263,3.861012600089926,5.212080973601582,5.212080973601582
00000644,rademacher,3.0,0.024006877079198234,0.9309190860831299,0.12617187499999716,83.841015625,83.9671875,3.8610126000899263,9.829837986073652,5.212080973601582,13.633861607182027
00000644,gaussian,3.0,0.024006877079198234,0.9314094690476512,0.0087890625,83.841015625,83.8498046875,3.8610126000899263,11.876521668683822,5.212080973601582,16.83048750738609
00000645,constant,1.0,0.0240015293835139,0.9766744464051915,1.6666666666666714,69.81396484375,71.48063151041667,3.508651082733055,3.508651082733054,4.840578894473373,4.840578894473373
00000645,rademacher,1.0,0.0240015293835139,0.9740582554689372,0.1541341145833286,69.81396484375,69.65983072916667,3.508651082733055,4.578396340190227,4.840578894473373,6.255493734885799
00000645,gaussian,1.0,0.0240015293835139,0.9741881247408909,0.1160481770833286,69.81396484375,69.69791666666667,3.508651082733055,5.191220171638671,4.840578894473373,7.0058688428858815
00000645,constant,2.0,0.0240015293835139,0.9544164995983686,3.3333333333333286,69.81396484375,73.14729817708333,3.508651082733055,3.5086510827330533,4.840578894473373,4.840578894473373
00000645,rademacher,2.0,0.0240015293835139,0.9485252736987206,0.43359375,69.81396484375,69.38037109375,3.508651082733055,6.585402347267184,4.840578894473373,9.162193748874431
00000645,gaussian,2.0,0.0240015293835139,0.9486625371643832,0.1988932291666714,69.81396484375,69.61507161458333,3.508651082733055,7.970807130809386,4.840578894473373,10.981840918963455
00000645,constant,3.0,0.0240015293835139,0.9331545043369295,5.0,69.81396484375,74.81396484375,3.508651082733055,3.5086510827330546,4.840578894473373,4.840578894473373
00000645,rademacher,3.0,0.0240015293835139,0.9240730992968107,0.40869140625,69.81396484375,69.4052734375,3.508651082733055,9.045924311818792,4.840578894473373,12.703113268094008
00000645,gaussian,3.0,0.0240015293835139,0.9250813525351589,0.4912109375,69.81396484375,69.32275390625,3.508651082733055,10.97017322556862,4.840578894473373,15.401851755638
00000646,constant,1.0,0.024543837417527827,0.9761971826895993,2.0,82.07568359375,84.07568359375,4.437350303808367,4.437350303808366,6.04650293000987,6.04650293000987
00000646,rademacher,1.0,0.024543837417527827,0.9759103773169033,0.001953125,82.07568359375,82.07373046875,4.437350303808367,5.3393775538862815,6.04650293000987,7.338927455452234
00000646,gaussian,1.0,0.024543837417527827,0.9764893739027639,0.0546875,82.07568359375,82.02099609375,4.437350303808367,5.8626292501445665,6.04650293000987,8.226540218205628
00000646,constant,2.0,0.024543837417527827,0.9535092819763732,4.0,82.07568359375,86.07568359375,4.437350303808367,4.437350303808367,6.04650293000987,6.04650293000987
00000646,rademacher,2.0,0.024543837417527827,0.9523716821873229,0.1015625,82.07568359375,81.97412109375,4.437350303808367,7.44579899002056,6.04650293000987,10.413287453852138
00000646,gaussian,2.0,0.024543837417527827,0.9529386835719345,0.1103515625,82.07568359375,82.18603515625,4.437350303808367,8.679939513219026,6.04650293000987,12.23899361340875
00000646,constant,3.0,0.024543837417527827,0.9318545950470953,6.0,82.07568359375,88.07568359375,4.437350303808367,4.4373503038083655,6.04650293000987,6.04650293000987
00000646,rademacher,3.0,0.024543837417527827,0.9294255763754937,0.041015625,82.07568359375,82.03466796875,4.437350303808367,10.07033789399989,6.04650293000987,14.446578876401498
00000646,gaussian,3.0,0.024543837417527827,0.9295415593699132,0.0556640625,82.07568359375,82.02001953125,4.437350303808367,12.114414417562049,6.04650293000987,17.390879643137723
00000647,constant,1.0,0.02756859199151171,0.9749945916227897,1.875,73.17333984375,75.04833984375,4.3977932091264575,4.397793209126458,5.896864642047177,5.896864642047177
00000647,rademacher,1.0,0.02756859199151171,0.9738224034894677,0.0677490234375,73.17333984375,73.1055908203125,4.3977932091264575,5.323234630087312,5.896864642047177,7.108955781873121
00000647,gaussian,1.0,0.02756859199151171,0.9749661760755678,0.0457763671875,73.17333984375,73.1275634765625,4.3977932091264575,5.756197224732299,5.896864642047177,7.757585596573138
00000647,constant,2.0,0.02756859199151171,0.9512182736283512,3.75,73.17333984375,76.92333984375,4.3977932091264575,4.397793209126458,5.896864642047177,5.896864642047177
00000647,rademacher,2.0,0.02756859199151171,0.9483270462349797,0.13330078125,73.17333984375,73.0400390625,4.3977932091264575,7.317642965957196,5.896864642047177,10.06093112718871
00000647,gaussian,2.0,0.02756859199151171,0.9474446355325092,0.231201171875,73.17333984375,72.942138671875,4.3977932091264575,8.852880803336465,5.896864642047177,12.275756419943594
00000647,constant,3.0,0.02756859199151171,0.928581166074892,5.625,73.17333984375,78.79833984375,4.3977932091264575,4.3977932091264575,5.896864642047177,5.896864642047177
00000647,rademacher,3.0,0.02756859199151171,0.9234257687956392,0.23876953125,73.17333984375,72.9345703125,4.3977932091264575,9.85040468790724,5.896864642047177,13.553669601726455
00000647,gaussian,3.0,0.02756859199151171,0.922074465526585,0.00537109375,73.17333984375,73.16796875,4.3977932091264575,12.009006355666198,5.896864642047177,16.365784071643894
00000648,constant,1.0,0.024577697846006198,0.9761970206110535,2.0,82.0859375,84.0859375,4.155021513469313,4.155021513469312,5.854829960694026,5.854829960694026
00000648,rademacher,1.0,0.024577697846006198,0.975909041943729,0.03125,82.0859375,82.1171875,4.155021513469313,5.137970310085946,5.854829960694026,7.2791746426078205
00000648,gaussian,1.0,0.024577697846006198,0.9771504401534411,0.0048828125,82.0859375,82.0908203125,4.155021513469313,5.579686493347297,5.854829960694026,7.827299775167418
00000648,constant,2.0,0.024577697846006198,0.9535062676069652,4.0,82.0859375,86.0859375,4.155021513469313,4.155021513469312,5.854829960694026,5.854829960694026
00000648,rademacher,2.0,0.024577697846006198,0.9524365762999006,0.15234375,82.0859375,82.23828125,4.155021513469313,7.297576804183716,5.854829960694026,10.404616216284166
00000648,gaussian,2.0,0.024577697846006198,0.9535331727331046,0.10546875,82.0859375,81.98046875,4.155021513469313,8.621279459585773,5.854829960694026,12.44885744240223
00000648,constant,3.0,0.024577697846006198,0.9318532889874354,6.0,82.0859375,88.0859375,4.155021513469313,4.155021513469312,5.854829960694026,5.854829960694026
00000648,rademacher,3.0,0.024577697846006198,0.9294194632220834,0.041015625,82.0859375,82.044921875,4.155021513469313,9.95691271017622,5.854829960694026,13.950272716569595
00000648,gaussian,3.0,0.024577697846006198,0.9295653190400723,0.283203125,82.0859375,81.802734375,4.155021513469313,12.121685005199337,5.854829960694026,17.408729982860304
00000649,constant,1.0,0.023850971599973982,0.97701862657511,2.0,85.08854166666667,87.08854166666667,4.8765486324709615,4.87654863247096,6.599245235834624,6.599245235834624
00000649,rademacher,1.0,0.023850971599973982,0.9767440101073528,0.0546875,85.08854166666667,85.03385416666667,4.8765486324709615,5.733815992967398,6.599245235834624,7.767345425460117
00000649,gaussian,1.0,0.023850971599973982,0.9767002328464726,0.0615234375,85.08854166666667,85.15006510416667,4.8765486324709615,6.230400744908795,6.599245235834624,8.50528471848215
00000649,constant,2.0,0.023850971599973982,0.9550698106106281,4.0,85.08854166666667,89.08854166666667,4.8765486324709615,4.87654863247096,6.599245235834624,6.599245235834624
00000649,rademacher,2.0,0.023850971599973982,0.9540660990926038,0.1038411458333286,85.08854166666667,85.1923828125,4.8765486324709615,7.8470802937733595,6.599245235834624,10.79003967025239
00000649,gaussian,2.0,0.023850971599973982,0.9544898623251012,0.062174479166671404,85.08854166666667,85.0263671875,4.8765486324709615,9.006916927535004,6.599245235834624,12.758923068562886
00000649,constant,3.0,0.023850971599973982,0.9340854915891458,6.0,85.08854166666667,91.08854166666667,4.8765486324709615,4.87654863247096,6.599245235834624,6.599245235834624
00000649,rademacher,3.0,0.023850971599973982,0.9318345609567702,0.01171875,85.08854166666667,85.07682291666667,4.8765486324709615,10.186660278804784,6.599245235834624,14.518934233817617
00000649,gaussian,3.0,0.023850971599973982,0.9315347491772068,0.2421875,85.08854166666667,85.33072916666667,4.8765486324709615,12.348303698954199,6.599245235834624,17.646749729467306
00000650,constant,1.0,0.02425967975340306,0.9764607219171473,2.0,83.006591796875,85.006591796875,4.103596938153006,4.103596938153006,5.94849300725763,5.94849300725763
00000650,rademacher,1.0,0.02425967975340306,0.9761789889149175,0.009765625,83.006591796875,82.996826171875,4.103596938153006,5.119533821820647,5.94849300725763,7.230434751598747
00000650,gaussian,1.0,0.02425967975340306,0.976767994043672,0.0703125,83.006591796875,82.936279296875,4.103596938153006,5.634225244734983,5.94849300725763,8.024275201103475
00000650,constant,2.0,0.02425967975340306,0.9540095067596766,4.0,83.006591796875,87.006591796875,4.103596938153006,4.103596938153008,5.94849300725763,5.94849300725763
00000650,rademacher,2.0,0.02425967975340306,0.9529679107560942,0.16796875,83.006591796875,83.174560546875,4.103596938153006,7.239446559417116,5.94849300725763,10.356443143908791
00000650,gaussian,2.0,0.02425967975340306,0.9526724043888407,0.0517578125,83.006591796875,83.058349609375,4.103596938153006,8.74234529207709,5.94849300725763,12.250918233623437
00000650,constant,3.0,0.02425967975340306,0.932570061798662,6.0,83.006591796875,89.006591796875,4.103596938153006,4.103596938153007,5.94849300725763,5.94849300725763
00000650,rademacher,3.0,0.02425967975340306,0.9302584208779331,0.099609375,83.006591796875,83.106201171875,4.103596938153006,9.85193564977692,5.94849300725763,13.879716770500341
00000650,gaussian,3.0,0.02425967975340306,0.9328479908471768,0.2060546875,83.006591796875,82.800537109375,4.103596938153006,11.628392285381901,5.94849300725763,16.53439762078913
00000651,constant,1.0,0.02540098952939823,0.9761410213595664,1.9417724609375,79.574951171875,81.5167236328125,4.263769137079217,4.20133238098912,5.457972754912381,5.431441905964061
00000651,rademacher,1.0,0.02540098952939823,0.9754980046469824,0.028076171875,79.574951171875,79.546875,4.263769137079217,5.179625384559752,5.457972754912381,6.910834277566934
00000651,gaussian,1.0,0.02540098952939823,0.9756581839125756,0.0166015625,79.574951171875,79.558349609375,4.263769137079217,5.781386012056734,5.457972754912381,7.672285142262685
00000651,constant,2.0,0.02540098952939823,0.9538320834095482,3.84619140625,79.574951171875,83.421142578125,4.263769137079217,4.14125314681211,5.457972754912381,5.429223118588078
00000651,rademacher,2.0,0.02540098952939823,0.9517671492748889,0.135498046875,79.574951171875,79.439453125,4.263769137079217,7.260369561361372,5.457972754912381,9.969395850876138
00000651,gaussian,2.0,0.02540098952939823,0.9531982448592274,0.086181640625,79.574951171875,79.48876953125,4.263769137079217,8.448528397858226,5.457972754912381,11.802787179551975
00000651,constant,3.0,0.02540098952939823,0.9327469187476657,5.7313232421875,79.574951171875,85.3062744140625,4.263769137079217,4.099839635792966,5.457972754912381,5.441041277837934
00000651,rademacher,3.0,0.02540098952939823,0.9287397949061146,0.1190185546875,79.574951171875,79.4559326171875,4.263769137079217,9.807230383082548,5.457972754912381,13.964916653346789
00000651,gaussian,3.0,0.02540098952939823,0.9319772609573724,0.1988525390625,79.574951171875,79.3760986328125,4.263769137079217,11.491442605005972,5.457972754912381,15.928823708774576
00000652,constant,1.0,0.025813804437550346,0.9750467478340373,2.0,78.3248046875,80.3248046875,3.9358812350648846,3.9358812350648846,5.28468562639442,5.28468562639442
00000652,rademacher,1.0,0.025813804437550346,0.97472926854492,0.0,78.3248046875,78.3248046875,3.9358812350648846,4.915298391429916,5.28468562639442,6.8045729553450816
00000652,gaussian,1.0,0.025813804437550346,0.9762210369421417,0.0341796875,78.3248046875,78.358984375,3.9358812350648846,5.402769581730265,5.28468562639442,7.533115782845068
00000652,constant,2.0,0.025813804437550346,0.9513355903572724,4.0,78.3248046875,82.3248046875,3.9358812350648846,3.935881235064886,5.28468562639442,5.28468562639442
00000652,rademacher,2.0,0.025813804437550346,0.9500376105494548,0.1796875,78.3248046875,78.1451171875,3.9358812350648846,7.168029650365209,5.28468562639442,10.064119121606984
00000652,gaussian,2.0,0.025813804437550346,0.9515809651696272,0.0625,78.3248046875,78.3873046875,3.9358812350648846,8.434379310980333,5.28468562639442,11.736775240007118
00000652,constant,3.0,0.025813804437550346,0.9287653274409253,6.0,78.3248046875,84.3248046875,3.9358812350648846,3.9358812350648855,5.28468562639442,5.28468562639442
00000652,rademacher,3.0,0.025813804437550346,0.926077974488938,0.03515625,78.3248046875,78.2896484375,3.9358812350648846,9.781157657559726,5.28468562639442,13.756646528591551
00000652,gaussian,3.0,0.025813804437550346,0.9266135162963461,0.2158203125,78.3248046875,78.108984375,3.9358812350648846,11.987582548477192,5.28468562639442,17.030845301759236
00000653,constant,1.0,0.02886157002777867,0.9757906368861516,1.8090843286283018,73.03094462540717,74.84002895403547,21.900394080316666,21.819073972833266,26.964738293239076,26.898777561443147
00000653,rademacher,1.0,0.02886157002777867,0.9742601979005798,0.0776330076004399,73.03094462540717,72.95331161780673,21.900394080316666,22.160506627750696,26.964738293239076,27.371237064219823
00000653,gaussian,1.0,0.02886157002777867,0.9750749148027733,0.06261310170106071,73.03094462540717,72.96833152370611,21.900394080316666,22.237259624877534,26.964738293239076,27.483280428421217
00000653,constant,2.0,0.02886157002777867,0.9527842378023587,3.6152732537097307,73.03094462540717,76.6462178791169,21.900394080316666,21.74132746260834,26.964738293239076,26.84082875601133
00000653,rademacher,2.0,0.02886157002777867,0.9490174648731905,0.14972065292845116,73.03094462540717,72.88122397247872,21.900394080316666,22.628171195793737,26.964738293239076,28.374298218067015
00000653,gaussian,2.0,0.02886157002777867,0.9496246169931604,0.23195875072408967,73.03094462540717,72.79898587468308,21.900394080316666,23.04071733481379,26.964738293239076,28.57041755952624
00000653,constant,3.0,0.02886157002777867,0.9308763520355791,5.4187477379659725,73.03094462540717,78.44969236337315,21.900394080316666,21.66764520222164,26.964738293239076,26.79186286834427
00000653,rademacher,3.0,0.02886157002777867,0.9246792460041613,0.22645512504512055,73.03094462540717,72.80448950036205,21.900394080316666,23.64910579193564,26.964738293239076,29.851567780586908
00000653,gaussian,3.0,0.02886157002777867,0.9253227717085661,0.4296409860807131,73.03094462540717,72.60130363932646,21.900394080316666,24.57591600097112,26.964738293239076,31.00301224474098
00000654,constant,1.0,0.02681704260651629,0.9760664677024076,2.0,82.18644702358667,84.18644702358667,14.321553845924422,14.321553845924424,29.49199162743464,29.49199162743464
00000654,rademacher,1.0,0.02681704260651629,0.9757264295710949,0.086961216113707,82.18644702358667,82.27340823970037,14.321553845924422,14.780054752826153,29.49199162743464,29.9103620033773
00000654,gaussian,1.0,0.02681704260651629,0.9766981981981983,0.001567957686745558,82.18644702358667,82.18801498127341,14.321553845924422,15.045774851060465,29.49199162743464,30.31226213735841
00000654,constant,2.0,0.02681704260651629,0.9533511738231358,4.0,82.18644702358667,86.18644702358667,14.321553845924422,14.321553845924422,29.49199162743464,29.49199162743464
00000654,rademacher,2.0,0.02681704260651629,0.952228789831563,0.2537479520413797,82.18644702358667,82.44019497562805,14.321553845924422,15.805344381846401,29.49199162743464,30.896477504127912
00000654,gaussian,2.0,0.02681704260651629,0.9536084996952319,0.20627615720853498,82.18644702358667,82.3927231807952,14.321553845924422,16.51240946675647,29.49199162743464,31.568472590762834
00000654,constant,3.0,0.02681704260651629,0.9316928406760664,6.0,82.18644702358667,88.18644702358667,14.321553845924422,14.321553845924422,29.49199162743464,29.49199162743464
00000654,rademacher,3.0,0.02681704260651629,0.9292294973108705,0.054363178963967584,82.18644702358667,82.24081020255063,14.321553845924422,17.143730657169822,29.49199162743464,32.23261889560153
00000654,gaussian,3.0,0.02681704260651629,0.9286636212661172,0.14437339473617783,82.18644702358667,82.04207362885049,14.321553845924422,18.254186850371532,29.49199162743464,33.160566960572346
00000655,constant,1.0,0.024542606962340712,0.9762450361681632,2.0,82.31184895833333,84.31184895833333,4.135853980116362,4.135853980116361,5.813774283883099,5.813774283883099
00000655,rademacher,1.0,0.024542606962340712,0.9759498123827393,0.052734375,82.31184895833333,82.25911458333333,4.135853980116362,5.0624091076960775,5.813774283883099,7.188866429062479
00000655,gaussian,1.0,0.024542606962340712,0.9770546418600287,0.029296875,82.31184895833333,82.28255208333333,4.135853980116362,5.698979585988543,5.813774283883099,8.0483414558308
00000655,constant,2.0,0.024542606962340712,0.9536050688767572,4.0,82.31184895833333,86.31184895833333,4.135853980116362,4.1358539801163605,5.813774283883099,5.813774283883099
00000655,rademacher,2.0,0.024542606962340712,0.9524548262891388,0.125,82.31184895833333,82.18684895833333,4.135853980116362,7.387566187318471,5.813774283883099,10.584309473820351
00000655,gaussian,2.0,0.024542606962340712,0.9526403561828606,0.1474609375,82.31184895833333,82.16438802083333,4.135853980116362,8.721299902829598,5.813774283883099,12.01566301281065
00000655,constant,3.0,0.024542606962340712,0.9320016882085269,6.0,82.31184895833333,88.31184895833333,4.135853980116362,4.135853980116361,5.813774283883099,5.813774283883099
00000655,rademacher,3.0,0.024542606962340712,0.9296557113044472,0.181640625,82.31184895833333,82.49348958333333,4.135853980116362,9.839905786775759,5.813774283883099,13.812719086439118
00000655,gaussian,3.0,0.024542606962340712,0.933221348400397,0.2216796875,82.31184895833333,82.53352864583333,4.135853980116362,11.576126651773478,5.813774283883099,16.473558355896973
00000656,constant,1.0,0.02663110678828076,0.9766954184162788,1.7999999999999972,75.5060546875,77.3060546875,3.6718714819145815,3.6718714819145815,5.272565691905266,5.272565691905266
00000656,rademacher,1.0,0.02663110678828076,0.9750716676767909,0.16054687499999432,75.5060546875,75.3455078125,3.6718714819145815,4.718045834616222,5.272565691905266,6.7890286790089265
00000656,gaussian,1.0,0.02663110678828076,0.9761772017227093,0.08632812499999432,75.5060546875,75.4197265625,3.6718714819145815,5.217761410378514,5.272565691905266,7.267535469663253
00000656,constant,2.0,0.02663110678828076,0.9544617329429018,3.6000000000000085,75.5060546875,79.1060546875,3.6718714819145815,3.6718714819145815,5.272565691905266,5.272565691905266
00000656,rademacher,2.0,0.02663110678828076,0.9509441583358578,0.06406249999999147,75.5060546875,75.4419921875,3.6718714819145815,6.851538465143389,5.272565691905266,9.673320528679177
00000656,gaussian,2.0,0.02663110678828076,0.9523343499173077,0.21718749999999432,75.5060546875,75.2888671875,3.6718714819145815,8.099617518237466,5.272565691905266,11.550077798932247
00000656,constant,3.0,0.02663110678828076,0.9332245394566905,5.400000000000006,75.5060546875,80.9060546875,3.6718714819145815,3.6718714819145815,5.272565691905266,5.272565691905266
00000656,rademacher,3.0,0.02663110678828076,0.9271081372135035,0.3697265624999915,75.5060546875,75.136328125,3.6718714819145815,9.316437080134707,5.272565691905266,13.512534987001592
00000656,gaussian,3.0,0.02663110678828076,0.9284387616083593,0.3365234374999915,75.5060546875,75.16953125,3.6718714819145815,11.362024500749703,5.272565691905266,15.906656457483388
00000657,constant,1.0,0.025447988383176547,0.9759910907784748,1.9478759765625,79.277099609375,81.2249755859375,4.600765924671665,4.539554191937,5.6211206125082995,5.602640713857346
00000657,rademacher,1.0,0.025447988383176547,0.9753762635944813,0.0599365234375,79.277099609375,79.2171630859375,4.600765924671665,5.470040707491291,5.6211206125082995,6.9759046056670275
00000657,gaussian,1.0,0.025447988383176547,0.9759915539923816,0.01806640625,79.277099609375,79.295166015625,4.600765924671665,5.949472774136408,5.6211206125082995,7.912597649918434
00000657,constant,2.0,0.025447988383176547,0.9534438485244005,3.8671875,79.277099609375,83.144287109375,4.600765924671665,4.472010704040011,5.6211206125082995,5.618719144261252
00000657,rademacher,2.0,0.025447988383176547,0.9515053561360647,0.10205078125,79.277099609375,79.175048828125,4.600765924671665,7.495411450141341,5.6211206125082995,10.096938338669531
00000657,gaussian,2.0,0.025447988383176547,0.9515275916164282,0.0067138671875,79.277099609375,79.2703857421875,4.600765924671665,8.78080855477294,5.6211206125082995,12.28231132258508
00000657,constant,3.0,0.025447988383176547,0.9321569702598228,5.7652587890625,79.277099609375,85.0423583984375,4.600765924671665,4.412632366234099,5.6211206125082995,5.640597253747913
00000657,rademacher,3.0,0.025447988383176547,0.9284659442563632,0.0601806640625,79.277099609375,79.3372802734375,4.600765924671665,9.887614756900089,5.6211206125082995,13.721284409075807
00000657,gaussian,3.0,0.025447988383176547,0.927952905656789,0.144775390625,79.277099609375,79.13232421875,4.600765924671665,11.99893507413518,5.6211206125082995,17.01011181080726
00000658,constant,1.0,0.025171761060770646,0.9762275497328787,1.944091796875,79.903076171875,81.84716796875,4.344698195570924,4.283389266137743,5.6568429476808815,5.656322580863089
00000658,rademacher,1.0,0.025171761060770646,0.9756121487992466,0.009765625,79.903076171875,79.893310546875,4.344698195570924,5.2384449312998855,5.6568429476808815,7.071355269747431
00000658,gaussian,1.0,0.025171761060770646,0.9752579869999592,0.0421142578125,79.903076171875,79.9451904296875,4.344698195570924,5.906825477663128,5.6568429476808815,8.082193637657697
00000658,constant,2.0,0.025171761060770646,0.9540010756402464,3.8499755859375,79.903076171875,83.7530517578125,4.344698195570924,4.220804929373593,5.6568429476808815,5.670848783700469
00000658,rademacher,2.0,0.025171761060770646,0.9519951807300776,0.000732421875,79.903076171875,79.90380859375,4.344698195570924,7.259199117779862,5.6568429476808815,10.156411732449968
00000658,gaussian,2.0,0.025171761060770646,0.9522739673746135,0.0528564453125,79.903076171875,79.9559326171875,4.344698195570924,8.535826715719994,5.6568429476808815,11.835282172135901
00000658,constant,3.0,0.025171761060770646,0.9329702424137897,5.7376708984375,79.903076171875,85.6407470703125,4.344698195570924,4.175222486746759,5.6568429476808815,5.692651416960576
00000658,rademacher,3.0,0.025171761060770646,0.929065703119239,0.132568359375,79.903076171875,79.7705078125,4.344698195570924,9.796659493317565,5.6568429476808815,13.735629916646563
00000658,gaussian,3.0,0.025171761060770646,0.9306272910259664,0.1007080078125,79.903076171875,79.8023681640625,4.344698195570924,11.726787452627224,5.6568429476808815,16.891619090568103
00000660,constant,1.0,0.02632504780114723,0.9770392658941685,1.7999999999999972,76.6125,78.4125,3.6611776009897405,3.6611776009897405,5.331154523333331,5.331154523333331
00000660,rademacher,1.0,0.02632504780114723,0.9754811920005846,0.09199218749999716,76.6125,76.5205078125,3.6611776009897405,4.73988583905431,5.331154523333331,6.836039644149814
00000660,gaussian,1.0,0.02632504780114723,0.9765210748062964,0.11503906250000284,76.6125,76.4974609375,3.6611776009897405,5.334819984675592,5.331154523333331,7.713812936781058
00000660,constant,2.0,0.02632504780114723,0.9551092562200806,3.6000000000000085,76.6125,80.2125,3.6611776009897405,3.661177600989741,5.331154523333331,5.331154523333331
00000660,rademacher,2.0,0.02632504780114723,0.9516916620256186,0.09492187499999716,76.6125,76.707421875,3.6611776009897405,6.876844860665713,5.331154523333331,9.75946436574578
00000660,gaussian,2.0,0.02632504780114723,0.9513758910437656,0.09531249999999147,76.6125,76.5171875,3.6611776009897405,8.297089205352695,5.331154523333331,11.643885142075801
00000660,constant,3.0,0.02632504780114723,0.9341420896204847,5.400000000000006,76.6125,82.0125,3.6611776009897405,3.6611776009897405,5.331154523333331,5.331154523333331
00000660,rademacher,3.0,0.02632504780114723,0.9279926729645688,0.27714843750000284,76.6125,76.3353515625,3.6611776009897405,9.270259866205265,5.331154523333331,13.394694467783216
00000660,gaussian,3.0,0.02632504780114723,0.9279840979801471,0.7248046874999972,76.6125,75.8876953125,3.6611776009897405,11.415864680254098,5.331154523333331,16.341851021581004
00000661,constant,1.0,0.030195539754363284,0.9736448745181339,1.8610081541882835,68.80819125277984,70.66919940696812,8.597625196384875,8.597625196384874,15.11233792956968,15.11233792956968
00000661,rademacher,1.0,0.030195539754363284,0.972299706180829,0.02761304670126208,68.80819125277984,68.78057820607857,8.597625196384875,9.256756310122286,15.11233792956968,15.810318447707994
00000661,gaussian,1.0,0.030195539754363284,0.9734418237447268,0.01820052062042521,68.80819125277984,68.78999073215941,8.597625196384875,9.609656204146962,15.11233792956968,16.123734909279236
00000661,constant,2.0,0.030195539754363284,0.9486602294997355,3.722016308376581,68.80819125277984,72.53020756115642,8.597625196384875,8.597625196384874,15.11233792956968,15.11233792956968
00000661,rademacher,2.0,0.030195539754363284,0.9453130525207387,0.1414931140972584,68.80819125277984,68.9496843668771,8.597625196384875,10.615865857789135,15.11233792956968,17.237062520918624
00000661,gaussian,2.0,0.030195539754363284,0.9455940344842052,0.18008345408783555,68.80819125277984,68.98827470686767,8.597625196384875,11.497369347723701,15.11233792956968,18.309434317336628
00000661,constant,3.0,0.030195539754363284,0.924928066963118,5.583024462564865,68.80819125277984,74.3912157153447,8.597625196384875,8.597625196384877,15.11233792956968,15.11233792956968
00000661,rademacher,3.0,0.030195539754363284,0.9189697564817717,0.009736440101264066,68.80819125277984,68.8179276928811,8.597625196384875,12.319812476253281,15.11233792956968,19.65133092556788
00000661,gaussian,3.0,0.030195539754363284,0.9212052243631191,0.4075717433073578,68.80819125277984,69.2157629960872,8.597625196384875,14.161322185960424,15.11233792956968,22.37842554404564
00000663,constant,1.0,0.025580235103966092,0.977275703598937,1.8333333333333286,78.953125,80.78645833333333,3.769589077210089,3.769589077210089,5.562268748806711,5.562268748806711
00000663,rademacher,1.0,0.025580235103966092,0.9759661254678746,0.1442057291666714,78.953125,78.80891927083333,3.769589077210089,4.781910785012197,5.562268748806711,6.928726269208624
00000663,gaussian,1.0,0.025580235103966092,0.9766754103305676,0.04833984375,78.953125,78.90478515625,3.769589077210089,5.321285649185783,5.562268748806711,7.563277067868406
00000663,constant,2.0,0.025580235103966092,0.9555763063126955,3.6666666666666714,78.953125,82.61979166666667,3.769589077210089,3.769589077210089,5.562268748806711,5.562268748806711
00000663,rademacher,2.0,0.025580235103966092,0.9525752383024764,0.162109375,78.953125,78.791015625,3.769589077210089,6.89594439030952,5.562268748806711,9.89562278812369
00000663,gaussian,2.0,0.025580235103966092,0.9535188789882845,0.1097005208333286,78.953125,78.84342447916667,3.769589077210089,8.26120425694674,5.562268748806711,11.554094281602813
00000663,constant,3.0,0.025580235103966092,0.9348250077089115,5.5,78.953125,84.453125,3.769589077210089,3.7695890772100893,5.562268748806711,5.562268748806711
00000663,rademacher,3.0,0.025580235103966092,0.9295171471425413,0.234375,78.953125,78.71875,3.769589077210089,9.463198344040094,5.562268748806711,13.406138825794562
00000663,gaussian,3.0,0.025580235103966092,0.9305657289410919,0.4632161458333286,78.953125,78.48990885416667,3.769589077210089,11.445544201568348,5.562268748806711,16.3107108698517
00000664,constant,1.0,0.024600588094066525,0.9762029628529526,2.0,82.1705078125,84.1705078125,4.362691879030347,4.362691879030348,5.866464857922826,5.866464857922826
00000664,rademacher,1.0,0.024600588094066525,0.9759132350385398,0.005859375,82.1705078125,82.1646484375,4.362691879030347,5.309794720435354,5.866464857922826,7.3840786813323565
00000664,gaussian,1.0,0.024600588094066525,0.9773627298216422,0.001953125,82.1705078125,82.1685546875,4.362691879030347,5.753513311257455,5.866464857922826,7.8594182580883825
00000664,constant,2.0,0.024600588094066525,0.9535230039031157,4.0,82.1705078125,86.1705078125,4.362691879030347,4.362691879030348,5.866464857922826,5.866464857922826
00000664,rademacher,2.0,0.024600588094066525,0.9524526009764964,0.15625,82.1705078125,82.3267578125,4.362691879030347,7.466361798375978,5.866464857922826,10.488769167818324
00000664,gaussian,2.0,0.024600588094066525,0.9540678084260916,0.0966796875,82.1705078125,82.073828125,4.362691879030347,8.504285265872065,5.866464857922826,11.626009114134723
00000664,constant,3.0,0.024600588094066525,0.9318832778431255,6.0,82.1705078125,88.1705078125,4.362691879030347,4.362691879030348,5.866464857922826,5.866464857922826
00000664,rademacher,3.0,0.024600588094066525,0.9295228058921903,0.181640625,82.1705078125,82.3521484375,4.362691879030347,10.061886545727948,5.866464857922826,14.070974404930519
00000664,gaussian,3.0,0.024600588094066525,0.9276215535979865,0.2109375,82.1705078125,82.3814453125,4.362691879030347,12.497330813788796,5.866464857922826,17.719472741344475
00000665,constant,1.0,0.024809454192007776,0.9759854308100111,2.0,81.3876953125,83.3876953125,3.999070432638384,3.9990704326383835,5.3941788312257435,5.3941788312257435
00000665,rademacher,1.0,0.024809454192007776,0.9756863891995716,0.037109375,81.3876953125,81.3505859375,3.999070432638384,4.994723578246684,5.3941788312257435,6.7850927868367314
00000665,gaussian,1.0,0.024809454192007776,0.9765886618195332,0.0224609375,81.3876953125,81.365234375,3.999070432638384,5.546902679833013,5.3941788312257435,7.635266841833328
00000665,constant,2.0,0.024809454192007776,0.953104478920652,4.0,81.3876953125,85.3876953125,3.999070432638384,3.9990704326383835,5.3941788312257435,5.3941788312257435
00000665,rademacher,2.0,0.024809454192007776,0.9520048069325956,0.09375,81.3876953125,81.4814453125,3.999070432638384,7.205935212514494,5.3941788312257435,9.917707028874874
00000665,gaussian,2.0,0.024809454192007776,0.9526015124437126,0.123046875,81.3876953125,81.5107421875,3.999070432638384,8.508143926815508,5.3941788312257435,12.079996850508474
00000665,constant,3.0,0.024809454192007776,0.9312804638419689,6.0,81.3876953125,87.3876953125,3.999070432638384,3.9990704326383835,5.3941788312257435,5.3941788312257435
00000665,rademacher,3.0,0.024809454192007776,0.9287937465387724,0.076171875,81.3876953125,81.3115234375,3.999070432638384,9.868844445095297,5.3941788312257435,13.923474752443672
00000665,gaussian,3.0,0.024809454192007776,0.9270538639699005,0.1238606770833286,81.3876953125,81.26383463541667,3.999070432638384,12.344589008047159,5.3941788312257435,17.759740210822844
00000666,constant,1.0,0.02414554951236716,0.9766571967001246,2.0,83.764404296875,85.764404296875,4.158607656820562,4.158607656820562,5.752689667528223,5.752689667528223
00000666,rademacher,1.0,0.02414554951236716,0.976372032460368,0.02734375,83.764404296875,83.737060546875,4.158607656820562,5.116095688765768,5.752689667528223,7.09034187411404
00000666,gaussian,1.0,0.02414554951236716,0.9766700762105082,0.0322265625,83.764404296875,83.732177734375,4.158607656820562,5.715099284606381,5.752689667528223,8.090590661393527
00000666,constant,2.0,0.02414554951236716,0.9543872728334859,4.0,83.764404296875,87.764404296875,4.158607656820562,4.158607656820562,5.752689667528223,5.752689667528223
00000666,rademacher,2.0,0.02414554951236716,0.9533114694360937,0.0078125,83.764404296875,83.756591796875,4.158607656820562,7.326579071087872,5.752689667528223,10.39504716717468
00000666,gaussian,2.0,0.02414554951236716,0.9538843652378758,0.144775390625,83.764404296875,83.9091796875,4.158607656820562,8.618012025506644,5.752689667528223,12.117200738883648
00000666,constant,3.0,0.02414554951236716,0.9332397607370474,5.98876953125,83.764404296875,89.753173828125,4.158607656820562,4.135952535365448,5.752689667528223,5.736243748579601
00000666,rademacher,3.0,0.02414554951236716,0.9308728269372548,0.000244140625,83.764404296875,83.76416015625,4.158607656820562,9.984694795138068,5.752689667528223,14.156165462930673
00000666,gaussian,3.0,0.02414554951236716,0.9328899722429657,0.06591796875,83.764404296875,83.698486328125,4.158607656820562,11.802890192915378,5.752689667528223,16.42534336580649
00000667,constant,1.0,0.0241580146872626,0.9766012897825632,1.7142857142857082,71.62276785714286,73.33705357142857,3.4310603200335636,3.431060320033565,5.1392794054992565,5.1392794054992565
00000667,rademacher,1.0,0.0241580146872626,0.9744643358688166,0.052176339285722406,71.62276785714286,71.57059151785714,3.4310603200335636,4.486536225076746,5.1392794054992565,6.485069422728508
00000667,gaussian,1.0,0.0241580146872626,0.9739265898010405,0.055245535714291805,71.62276785714286,71.56752232142857,3.4310603200335636,5.191692620742269,5.1392794054992565,7.519145502917086
00000667,constant,2.0,0.0241580146872626,0.9542814123595401,3.4285714285714306,71.62276785714286,75.05133928571429,3.4310603200335636,3.431060320033564,5.1392794054992565,5.1392794054992565
00000667,rademacher,2.0,0.0241580146872626,0.9493672811918772,0.2349330357142918,71.62276785714286,71.38783482142857,3.4310603200335636,6.602101088507491,5.1392794054992565,9.51890725525327
00000667,gaussian,2.0,0.0241580146872626,0.9496408766683101,0.3575613839285694,71.62276785714286,71.26520647321429,3.4310603200335636,8.0193177248236,5.1392794054992565,11.505405684126021
00000667,constant,3.0,0.0241580146872626,0.9329674423676295,5.142857142857139,71.62276785714286,76.765625,3.4310603200335636,3.4310603200335636,5.1392794054992565,5.1392794054992565
00000667,rademacher,3.0,0.0241580146872626,0.9246609498109749,0.5482700892857224,71.62276785714286,71.07449776785714,3.4310603200335636,9.100074675109395,5.1392794054992565,13.172858140554697
00000667,gaussian,3.0,0.0241580146872626,0.9237542401133083,0.7462332589285694,71.62276785714286,70.87653459821429,3.4310603200335636,11.394192247517967,5.1392794054992565,16.55456394254974
00000668,constant,1.0,0.026373297338281847,0.9774963709534656,1.8060041801253988,78.6959908797264,80.5019950598518,10.85078704505672,10.835014644914395,15.534610803257523,15.53479195987732
00000668,rademacher,1.0,0.026373297338281847,0.9759289380596498,0.18886566596998478,78.6959908797264,78.50712521375641,10.85078704505672,11.620275537694546,15.534610803257523,16.492586035781738
00000668,gaussian,1.0,0.026373297338281847,0.9771884277426551,0.08189245677370138,78.6959908797264,78.6140984229527,10.85078704505672,11.92368269422405,15.534610803257523,16.991399970262854
00000668,constant,2.0,0.026373297338281847,0.9560274159181309,3.611438343150297,78.6959908797264,82.30742922287669,10.85078704505672,10.835014644914395,15.534610803257523,15.53479195987732
00000668,rademacher,2.0,0.026373297338281847,0.9525502891374519,0.254417632528984,78.6959908797264,78.44157324719741,10.85078704505672,13.086284819130645,15.534610803257523,18.47810033259962
00000668,gaussian,2.0,0.026373297338281847,0.9535322525415924,0.18021740956295673,78.6959908797264,78.51577347016344,10.85078704505672,14.059930328031626,15.534610803257523,19.8225605314626
00000668,constant,3.0,0.026373297338281847,0.9354981533144335,5.4168725061751815,78.6959908797264,84.11286338590158,10.85078704505672,10.835014644914395,15.534610803257523,15.53479195987732
00000668,rademacher,3.0,0.026373297338281847,0.9297430557825289,0.31692950788523433,78.6959908797264,78.37906137184116,10.85078704505672,15.00961879304656,15.534610803257523,21.061067345056
00000668,gaussian,3.0,0.026373297338281847,0.9308982203746088,0.24142814208380514,78.6959908797264,78.45456273764259,10.85078704505672,16.475375808444607,15.534610803257523,23.037519090129038
00000669,constant,1.0,0.024333678554673322,0.9763821947446206,2.0,82.745361328125,84.745361328125,4.047652566998037,4.04765256699804,5.628847667834309,5.628847667834309
00000669,rademacher,1.0,0.024333678554673322,0.9760936192300851,0.04296875,82.745361328125,82.702392578125,4.047652566998037,5.072026591326862,5.628847667834309,7.04948429850036
00000669,gaussian,1.0,0.024333678554673322,0.9772986502294347,0.0029296875,82.745361328125,82.742431640625,4.047652566998037,5.55366803192333,5.628847667834309,7.793655616051431
00000669,constant,2.0,0.024333678554673322,0.9538596199905996,4.0,82.745361328125,86.745361328125,4.047652566998037,4.047652566998038,5.628847667834309,5.628847667834309
00000669,rademacher,2.0,0.024333678554673322,0.9527447855271539,0.0703125,82.745361328125,82.675048828125,4.047652566998037,7.185160128535762,5.628847667834309,10.061007093648112
00000669,gaussian,2.0,0.024333678554673322,0.9519449154128033,0.064453125,82.745361328125,82.809814453125,4.047652566998037,8.692824865450277,5.628847667834309,12.227693522482099
00000669,constant,3.0,0.024333678554673322,0.9323578201985689,6.0,82.745361328125,88.745361328125,4.047652566998037,4.04765256699804,5.628847667834309,5.628847667834309
00000669,rademacher,3.0,0.024333678554673322,0.9300708844779201,0.240234375,82.745361328125,82.985595703125,4.047652566998037,9.87307092003021,5.628847667834309,14.178870857947349
00000669,gaussian,3.0,0.024333678554673322,0.9293739419889896,0.0771484375,82.745361328125,82.822509765625,4.047652566998037,12.120808615226895,5.628847667834309,17.20409241269602
00000671,constant,1.0,0.02672677430350516,0.9783653281603014,1.9191705459162023,88.22090562843843,90.14007617435463,23.819396257510657,23.802380315013682,51.70939988914266,51.67936676383071
00000671,rademacher,1.0,0.02672677430350516,0.9775904644315699,0.06940330088870894,88.22090562843843,88.15150232754972,23.819396257510657,24.09503783385124,51.70939988914266,52.104695672590914
00000671,gaussian,1.0,0.02672677430350516,0.9780021945554125,0.08760050782903761,88.22090562843843,88.13330512060939,23.819396257510657,24.261831533617723,51.70939988914266,52.22101771098792
00000671,constant,2.0,0.02672677430350516,0.957761439035493,3.838341091832419,88.22090562843843,92.05924672027085,23.819396257510657,23.786459677088082,51.70939988914266,51.65025361795162
00000671,rademacher,2.0,0.02672677430350516,0.9559603271599135,0.06359543313269,88.22090562843843,88.28450106157112,23.819396257510657,23.99494839437079,51.70939988914266,50.867287900345325
00000671,gaussian,2.0,0.02672677430350516,0.9546603757624745,0.0016942016380312452,88.22090562843843,88.22259983007646,23.819396257510657,24.309737405306514,51.70939988914266,51.0803705379632
00000671,constant,3.0,0.02672677430350516,0.938096181734658,5.75708844688954,88.22090562843843,93.97799407532797,23.819396257510657,23.771627987323228,51.70939988914266,51.626385846151
00000671,rademacher,3.0,0.02672677430350516,0.9349317773204305,0.2527562237280989,88.22090562843843,88.47366185216653,23.819396257510657,25.133210138028478,51.70939988914266,52.46504294057404
00000671,gaussian,3.0,0.02672677430350516,0.9339604646726868,0.057817775816886297,88.22090562843843,88.27872340425532,23.819396257510657,25.930320594154843,51.70939988914266,52.746447906515655
00000673,constant,1.0,0.02595442647948877,0.9766438542822159,2.0,84.10905485789822,86.10905485789822,13.318389049297963,13.318389049297963,26.52443853752987,26.52443853752987
00000673,rademacher,1.0,0.02595442647948877,0.9763340274108836,0.030377171947804982,84.10905485789822,84.07867768595041,13.318389049297963,13.588349412279694,26.52443853752987,26.65275710874789
00000673,gaussian,1.0,0.02595442647948877,0.9769566805804942,0.07501652346331866,84.10905485789822,84.0340383344349,13.318389049297963,14.150583156076172,26.52443853752987,27.591217181025407
00000673,constant,2.0,0.02595442647948877,0.954411102775694,4.0,84.10905485789822,88.10905485789822,13.318389049297963,13.318389049297965,26.52443853752987,26.52443853752987
00000673,rademacher,2.0,0.02595442647948877,0.9533030312336844,0.025446133509589686,84.10905485789822,84.08360872438863,13.318389049297963,15.022050117015652,26.52443853752987,28.669485237549583
00000673,gaussian,2.0,0.02595442647948877,0.9530755448815091,0.08334183631666292,84.10905485789822,84.19239669421488,13.318389049297963,15.735353168262439,26.52443853752987,29.393743940105914
00000673,constant,3.0,0.02595442647948877,0.9331954331569238,6.0,84.10905485789822,90.10905485789822,13.318389049297963,13.318389049297965,26.52443853752987,26.52443853752987
00000673,rademacher,3.0,0.02595442647948877,0.9308925665603319,0.09663297278962091,84.10905485789822,84.20568783068784,13.318389049297963,16.6646767844864,26.52443853752987,30.61885633446332
00000673,gaussian,3.0,0.02595442647948877,0.9298673329718703,0.09802420263767431,84.10905485789822,84.20707906053589,13.318389049297963,18.067065261592507,26.52443853752987,31.81799786665363
00000674,constant,1.0,0.018684315917541505,0.9832577496594069,1.6757570058303486,99.10795561406809,100.78371261989844,16.584022312046457,16.557227408897397,40.41364869157678,40.38445479341294
00000674,rademacher,1.0,0.018684315917541505,0.9815286252683589,0.07841657361653631,99.10795561406809,99.02953904045155,16.584022312046457,16.88879073742444,40.41364869157678,40.59146427214185
00000674,gaussian,1.0,0.018684315917541505,0.9819258277247784,0.18680393924685745,99.10795561406809,98.92115167482123,16.584022312046457,17.141118627601,40.41364869157678,40.62104341335036
00000674,constant,2.0,0.018684315917541505,0.9671272305407633,3.3511378596953136,99.10795561406809,102.4590934737634,16.584022312046457,16.532034636342832,40.41364869157678,40.35979514315763
00000674,rademacher,2.0,0.018684315917541505,0.9633740516428858,0.25065139720061325,99.10795561406809,98.85730421686748,16.584022312046457,17.841102339691727,40.41364869157678,41.36367987223255
00000674,gaussian,2.0,0.018684315917541505,0.9648671311954551,0.001310285158183433,99.10795561406809,99.10926589922627,16.584022312046457,18.162939495832465,40.41364869157678,41.5928926711306
00000674,constant,3.0,0.018684315917541505,0.9515569434385504,5.026330637577573,99.10795561406809,104.13428625164566,16.584022312046457,16.516244847697987,40.41364869157678,40.34054992328292
00000674,rademacher,3.0,0.018684315917541505,0.9456560355866092,0.25191642055008856,99.10795561406809,98.856039193518,16.584022312046457,18.48283316706181,40.41364869157678,41.585791667335165
00000674,gaussian,3.0,0.018684315917541505,0.9468548224327793,0.15250245899645165,99.10795561406809,99.26045807306454,16.584022312046457,19.478429657354155,40.41364869157678,41.86861866610661
00000675,constant,1.0,0.02644259681501442,0.9769519237980949,1.7999999999999972,76.323828125,78.123828125,3.9104420817493377,3.9104420817493364,5.911100926685174,5.911100926685174
00000675,rademacher,1.0,0.02644259681501442,0.9754039905925196,0.07968750000000568,76.323828125,76.244140625,3.9104420817493377,4.879678491695849,5.911100926685174,7.152732915446819
00000675,gaussian,1.0,0.02644259681501442,0.9760803054438797,0.004492187500005684,76.323828125,76.3193359375,3.9104420817493377,5.436855146526255,5.911100926685174,7.982241033702986
00000675,constant,2.0,0.02644259681501442,0.9549446736134191,3.5999999999999943,76.323828125,79.923828125,3.9104420817493377,3.9104420817493377,5.911100926685174,5.911100926685174
00000675,rademacher,2.0,0.02644259681501442,0.9514070651997291,0.18476562500001137,76.323828125,76.1390625,3.9104420817493377,6.987469653480088,5.911100926685174,10.100677904603895
00000675,gaussian,2.0,0.02644259681501442,0.9523126012763319,0.16152343750000853,76.323828125,76.1623046875,3.9104420817493377,8.318085634650199,5.911100926685174,11.868763862071425
00000675,constant,3.0,0.02644259681501442,0.9339070707843203,5.3999999999999915,76.323828125,81.723828125,3.9104420817493377,3.910442081749339,5.911100926685174,5.911100926685174
00000675,rademacher,3.0,0.02644259681501442,0.9278057609993843,0.375,76.323828125,75.948828125,3.9104420817493377,9.441045240964964,5.911100926685174,13.337129254921559
00000675,gaussian,3.0,0.02644259681501442,0.9258606889464218,0.3837890625,76.323828125,75.9400390625,3.9104420817493377,11.837364802816037,5.911100926685174,17.000302814668196
00000676,constant,1.0,0.035975769582689436,0.9663129989961805,1.8418992511912862,52.92052416609939,54.76242341729068,6.290056579286806,6.290056579286806,12.099603238737883,12.099603238737883
00000676,rademacher,1.0,0.035975769582689436,0.9642656789015327,0.24321802340672605,52.92052416609939,53.16374218950612,6.290056579286806,6.887840974775174,12.099603238737883,12.320778157838934
00000676,gaussian,1.0,0.035975769582689436,0.9661785012123734,0.4056542489431081,52.92052416609939,53.3261784150425,6.290056579286806,7.366442883891262,12.099603238737883,13.031153301625151
00000676,constant,2.0,0.035975769582689436,0.9348483618509866,3.6837985023825723,52.92052416609939,56.60432266848196,6.290056579286806,6.290056579286808,12.099603238737883,12.099603238737883
00000676,rademacher,2.0,0.035975769582689436,0.9299978416919893,0.4805251157445909,52.92052416609939,53.40104928184398,6.290056579286806,8.702270913168249,12.099603238737883,14.654415462642719
00000676,gaussian,2.0,0.035975769582689436,0.930408410899865,0.4871383392815858,52.92052416609939,53.407662505380976,6.290056579286806,9.844671192869221,12.099603238737883,15.869323556421405
00000676,constant,3.0,0.035975769582689436,0.9053760904760241,5.5256977535738585,52.92052416609939,58.44622191967325,6.290056579286806,6.290056579286806,12.099603238737883,12.099603238737883
00000676,rademacher,3.0,0.035975769582689436,0.8966971005080796,0.43044524363779146,52.92052416609939,53.35096940973718,6.290056579286806,11.026358736171062,12.099603238737883,17.49650673288684
00000676,gaussian,3.0,0.035975769582689436,0.8964003606078819,0.16862579934635846,52.92052416609939,53.08914996544575,6.290056579286806,12.94768171602811,12.099603238737883,19.72339478918934
00000677,constant,1.0,0.03401753165712144,0.9693737836144801,1.898724161803976,60.15112253980813,62.049846701612104,11.45453683853067,11.454536838530668,11.684978612982968,11.684978612982968
00000677,rademacher,1.0,0.03401753165712144,0.9680101424542019,0.08525368410641931,60.15112253980813,60.06586885570171,11.45453683853067,12.147478003235117,11.684978612982968,12.654054675814283
00000677,gaussian,1.0,0.03401753165712144,0.968142934172751,0.08475917317772286,60.15112253980813,60.066363366630405,11.45453683853067,12.578744868088805,11.684978612982968,13.217045219220235
00000677,constant,2.0,0.03401753165712144,0.9405764802135548,3.797448323607952,60.15112253980813,63.94857086341608,11.45453683853067,11.45453683853067,11.684978612982968,11.684978612982968
00000677,rademacher,2.0,0.03401753165712144,0.936975949292387,0.18227980983780157,60.15112253980813,59.968842729970326,11.45453683853067,13.554814651229032,11.684978612982968,14.69063008665938
00000677,gaussian,2.0,0.03401753165712144,0.9367979210556999,0.34287083307022215,60.15112253980813,59.808251706737906,11.45453683853067,14.55594424972578,11.684978612982968,16.169388473780806
00000677,constant,3.0,0.03401753165712144,0.9134476450249481,5.696172485411935,60.15112253980813,65.84729502522006,11.45453683853067,11.45453683853067,11.684978612982968,11.684978612982968
00000677,rademacher,3.0,0.03401753165712144,0.9071450223895483,0.19266967602337814,60.15112253980813,59.95845286378475,11.45453683853067,15.410049865572804,11.684978612982968,17.59196890440378
00000677,gaussian,3.0,0.03401753165712144,0.9072589641183882,0.2188906442798313,60.15112253980813,59.9322318955283,11.45453683853067,17.053768432804887,11.684978612982968,20.069322171367812
00000678,constant,1.0,0.02559811365948194,0.9781767947395487,1.75,78.4853515625,80.2353515625,3.6646305491987494,3.664630549198749,5.351544145055213,5.351544145055213
00000678,rademacher,1.0,0.02559811365948194,0.9764073879212471,0.138671875,78.4853515625,78.3466796875,3.6646305491987494,4.701713358652869,5.351544145055213,6.79237050569316
00000678,gaussian,1.0,0.02559811365948194,0.9771923506653001,0.138916015625,78.4853515625,78.346435546875,3.6646305491987494,5.313119289457198,5.351544145055213,7.452916892504966
00000678,constant,2.0,0.02559811365948194,0.957291452632582,3.5,78.4853515625,81.9853515625,3.6646305491987494,3.66463054919875,5.351544145055213,5.351544145055213
00000678,rademacher,2.0,0.02559811365948194,0.9534298147714522,0.1416015625,78.4853515625,78.34375,3.6646305491987494,6.767880453559928,5.351544145055213,9.596238367027981
00000678,gaussian,2.0,0.02559811365948194,0.952920006941886,0.369140625,78.4853515625,78.1162109375,3.6646305491987494,8.168141899983693,5.351544145055213,11.642144419851572
00000678,constant,3.0,0.02559811365948194,0.9372820572628141,5.25,78.4853515625,83.7353515625,3.6646305491987494,3.6646305491987503,5.351544145055213,5.351544145055213
00000678,rademacher,3.0,0.02559811365948194,0.9305919171857603,0.336181640625,78.4853515625,78.149169921875,3.6646305491987494,9.21427480497794,5.351544145055213,13.080973383188601
00000678,gaussian,3.0,0.02559811365948194,0.9329163474935612,0.4912109375,78.4853515625,77.994140625,3.6646305491987494,11.114203780267907,5.351544145055213,16.07430500021556
00000680,constant,1.0,0.02711461369303774,0.9763650372399624,1.8171759747102243,75.11459430979978,76.93177028451001,5.597876283029937,5.5546640478547715,9.336246507303725,9.254189919528761
00000680,rademacher,1.0,0.02711461369303774,0.9748011299630855,0.11354029135446808,75.11459430979978,75.00105401844532,5.597876283029937,6.3904211903825034,9.336246507303725,10.29608766568619
00000680,gaussian,1.0,0.02711461369303774,0.9760170816334311,0.01406374451079273,75.11459430979978,75.12865805431058,5.597876283029937,6.845380174492876,9.336246507303725,10.894463435374686
00000680,constant,2.0,0.02711461369303774,0.9538661751078072,3.630663856691257,75.11459430979978,78.74525816649104,5.597876283029937,5.521818381250667,9.336246507303725,9.206617260752319
00000680,rademacher,2.0,0.02711461369303774,0.9502324178310412,0.27334958406139265,75.11459430979978,74.84124472573839,5.597876283029937,8.199465590922337,9.336246507303725,12.633052541983885
00000680,gaussian,2.0,0.02711461369303774,0.9513286310834929,0.06843234725691616,75.11459430979978,75.04616196254287,5.597876283029937,9.422545175459407,9.336246507303725,14.3939966287482
00000680,constant,3.0,0.02711461369303774,0.9324083036835497,5.442307692307693,75.11459430979978,80.55690200210748,5.597876283029937,5.497434371229757,9.336246507303725,9.178864849861096
00000680,rademacher,3.0,0.02711461369303774,0.9267178257502223,0.011593652185425185,75.11459430979978,75.12618796198521,5.597876283029937,10.444460891287077,9.336246507303725,15.726464406237776
00000680,gaussian,3.0,0.02711461369303774,0.9241935756694125,0.24945839003203218,75.11459430979978,74.86513591976775,5.597876283029937,12.763025362094393,9.336246507303725,18.43327895028768
00000681,constant,1.0,0.025738421930637096,0.9753869086953978,2.0,79.4333098094566,81.4333098094566,8.429172113606652,8.429172113606652,10.59111992605665,10.59111992605665
00000681,rademacher,1.0,0.025738421930637096,0.9750578442004328,0.11661961891320516,79.4333098094566,79.3166901905434,8.429172113606652,9.07269857315065,10.59111992605665,11.584704623743383
00000681,gaussian,1.0,0.025738421930637096,0.9758741427499572,0.04745942131262382,79.4333098094566,79.48076923076923,8.429172113606652,9.525307188983037,10.59111992605665,12.209081108348725
00000681,constant,2.0,0.025738421930637096,0.9519764513325425,4.0,79.4333098094566,83.4333098094566,8.429172113606652,8.429172113606652,10.59111992605665,10.59111992605665
00000681,rademacher,2.0,0.025738421930637096,0.950749190752573,0.10638673253352238,79.4333098094566,79.32692307692308,8.429172113606652,10.749647757140053,10.59111992605665,14.384670387209637
00000681,gaussian,2.0,0.025738421930637096,0.9524756210190393,0.041460832745229936,79.4333098094566,79.47477064220183,8.429172113606652,11.732155304262923,10.59111992605665,15.63195870516881
00000681,constant,3.0,0.025738421930637096,0.929680691566474,6.0,79.4333098094566,85.4333098094566,8.429172113606652,8.429172113606652,10.59111992605665,10.59111992605665
00000681,rademacher,3.0,0.025738421930637096,0.9271987092500187,0.25723359209597163,79.4333098094566,79.69054340155257,8.429172113606652,12.908320374334636,10.59111992605665,17.083350509272897
00000681,gaussian,3.0,0.025738421930637096,0.9292261457550713,0.28316866619618963,79.4333098094566,79.15014114326041,8.429172113606652,14.588659238597337,10.59111992605665,19.28449856887601
00000683,constant,1.0,0.022785163473952336,0.9819189295258741,1.776576019777508,97.45519159456119,99.2317676143387,18.598396491488295,18.55571774536407,40.293090671086,40.239738918856155
00000683,rademacher,1.0,0.022785163473952336,0.9806301336275591,0.10434151728142638,97.45519159456119,97.35085007727976,18.598396491488295,18.82591708053497,40.293090671086,40.33046044572366
00000683,gaussian,1.0,0.022785163473952336,0.9809678899947815,0.028962086364458628,97.45519159456119,97.42622950819673,18.598396491488295,18.962359767311515,40.293090671086,40.32382178214846
00000683,constant,2.0,0.022785163473952336,0.9645745302560682,3.552224969097651,97.45519159456119,101.00741656365884,18.598396491488295,18.516968842192483,40.293090671086,40.19661856846975
00000683,rademacher,2.0,0.022785163473952336,0.9617152323242388,0.024674726718416196,97.45519159456119,97.43051686784277,18.598396491488295,19.24128592235758,40.293090671086,40.47011593748637
00000683,gaussian,2.0,0.022785163473952336,0.9612633309052875,0.0054856211783373965,97.45519159456119,97.44970597338285,18.598396491488295,19.915193921578318,40.293090671086,40.87445181274919
00000683,constant,3.0,0.022785163473952336,0.9478806794093505,5.32756489493201,97.45519159456119,102.7827564894932,18.598396491488295,18.48235008034169,40.293090671086,40.15805313512597
00000683,rademacher,3.0,0.022785163473952336,0.9433347010171248,0.019278281867684655,97.45519159456119,97.4359133126935,18.598396491488295,20.44447883517382,40.293090671086,41.62719713098073
00000683,gaussian,3.0,0.022785163473952336,0.9440762386467023,0.307762175218528,97.45519159456119,97.76295376977971,18.598396491488295,21.410843237505986,40.293090671086,42.44832212003567
00000685,constant,1.0,0.03052810308113654,0.9705173921174062,2.0,65.88921440972223,67.88921440972223,3.5253723045600283,3.525372304560028,5.062023304137863,5.062023304137863
00000685,rademacher,1.0,0.03052810308113654,0.970081089847551,0.037109375,65.88921440972223,65.92632378472223,3.5253723045600283,4.653263137797932,5.062023304137863,6.621569252144037
00000685,gaussian,1.0,0.03052810308113654,0.970527764300006,0.01171875,65.88921440972223,65.87749565972223,3.5253723045600283,5.223836868777467,5.062023304137863,7.387541049589249
00000685,constant,2.0,0.03052810308113654,0.942733691872019,4.0,65.88921440972223,69.88921440972223,3.5253723045600283,3.525372304560027,5.062023304137863,5.062023304137863
00000685,rademacher,2.0,0.03052810308113654,0.941085439687237,0.109375,65.88921440972223,65.99858940972223,3.5253723045600283,6.971728462758998,5.062023304137863,9.996300607190726
00000685,gaussian,2.0,0.03052810308113654,0.9391966539773191,0.16796875,65.88921440972223,65.72124565972223,3.5253723045600283,8.613987894362158,5.062023304137863,12.239324105147682
00000685,constant,3.0,0.03052810308113654,0.9165020202828245,6.0,65.88921440972223,71.88921440972223,3.5253723045600283,3.5253723045600265,5.062023304137863,5.062023304137863
00000685,rademacher,3.0,0.03052810308113654,0.9128158907338718,0.052734375,65.88921440972223,65.83648003472223,3.5253723045600283,9.674936962193607,5.062023304137863,13.670761180239984
00000685,gaussian,3.0,0.03052810308113654,0.9098449173665119,0.3271484375,65.88921440972223,65.56206597222223,3.5253723045600283,12.16811469077933,5.062023304137863,17.128281732459616
00000686,constant,1.0,0.02516540908956965,0.9757361111815834,2.0,80.48688616071429,82.48688616071429,5.648334595324589,5.648334595324589,6.644253227352536,6.644253227352536
00000686,rademacher,1.0,0.02516540908956965,0.9754387826893746,0.02734375,80.48688616071429,80.51422991071429,5.648334595324589,6.424247436652315,6.644253227352536,7.897123092470813
00000686,gaussian,1.0,0.02516540908956965,0.9761447408518317,0.0654296875,80.48688616071429,80.55231584821429,5.648334595324589,6.9331824944953695,6.644253227352536,8.506785461153987
00000686,constant,2.0,0.02516540908956965,0.9526265208259026,4.0,80.48688616071429,84.48688616071429,5.648334595324589,5.64833459532459,6.644253227352536,6.644253227352536
00000686,rademacher,2.0,0.02516540908956965,0.9514342732659994,0.12890625,80.48688616071429,80.35797991071429,5.648334595324589,8.353472268338821,6.644253227352536,10.975032110755517
00000686,gaussian,2.0,0.02516540908956965,0.9505953627928665,0.1103515625,80.48688616071429,80.59723772321429,5.648334595324589,9.753973271965767,6.644253227352536,12.897872967000183
00000686,constant,3.0,0.02516540908956965,0.9305907744720389,6.0,80.48688616071429,86.48688616071429,5.648334595324589,5.648334595324587,6.644253227352536,6.644253227352536
00000686,rademacher,3.0,0.02516540908956965,0.9279424691709433,0.330357142857153,80.48688616071429,80.15652901785714,5.648334595324589,10.867879598308125,6.644253227352536,14.45244707341095
00000686,gaussian,3.0,0.02516540908956965,0.9274664626558269,0.01171875,80.48688616071429,80.49860491071429,5.648334595324589,13.056975915468655,6.644253227352536,17.49743934554199
00000687,constant,1.0,0.0247303102821908,0.9781193344345513,1.4494623655914012,65.28763440860214,66.73709677419355,9.46083999817093,9.46083999817093,20.647747673162815,20.647747673162815
00000687,rademacher,1.0,0.0247303102821908,0.9737438086548488,0.25482989125877964,65.28763440860214,65.03280451734337,9.46083999817093,10.273076567191444,20.647747673162815,21.373519370824756
00000687,gaussian,1.0,0.0247303102821908,0.974343201437237,0.23546984823644834,65.28763440860214,65.0521645603657,9.46083999817093,10.701479716620556,20.647747673162815,21.80556913494561
00000687,constant,2.0,0.0247303102821908,0.9572323026819017,2.8989247311828024,65.28763440860214,68.18655913978495,9.46083999817093,9.46083999817093,20.647747673162815,20.647747673162815
00000687,rademacher,2.0,0.0247303102821908,0.9480997155817682,0.46928134078729045,65.28763440860214,64.81835306781485,9.46083999817093,11.35250090102989,20.647747673162815,22.62240076157433
00000687,gaussian,2.0,0.0247303102821908,0.9492729676140119,0.42841502771385365,65.28763440860214,64.85921938088829,9.46083999817093,12.151629891964754,20.647747673162815,23.55916848754616
00000687,constant,3.0,0.0247303102821908,0.9372476200035517,4.3483870967742035,65.28763440860214,69.63602150537635,9.46083999817093,9.46083999817093,20.647747673162815,20.647747673162815
00000687,rademacher,3.0,0.0247303102821908,0.9230818269112004,0.7021700748201738,65.28763440860214,64.58546433378197,9.46083999817093,12.987066677705204,20.647747673162815,24.599764833846358
00000687,gaussian,3.0,0.0247303102821908,0.9237952023485676,0.7844033908315424,65.28763440860214,64.5032310177706,9.46083999817093,14.473397724400954,20.647747673162815,26.157087351251317
00000688,constant,1.0,0.02424967608096914,0.9764031920213293,2.0,82.7572265625,84.7572265625,3.8814212935465946,3.8814212935465946,5.382878626465205,5.382878626465205
00000688,rademacher,1.0,0.02424967608096914,0.9761353758095678,0.09765625,82.7572265625,82.8548828125,3.8814212935465946,4.9076796415509545,5.382878626465205,6.897413648744234
00000688,gaussian,1.0,0.02424967608096914,0.9766881553905288,0.0146484375,82.7572265625,82.771875,3.8814212935465946,5.369683915832619,5.382878626465205,7.5454259571567786
00000688,constant,2.0,0.02424967608096914,0.9538943306685997,4.0,82.7572265625,86.7572265625,3.8814212935465946,3.8814212935465955,5.382878626465205,5.382878626465205
00000688,rademacher,2.0,0.02424967608096914,0.9527835351022601,0.08203125,82.7572265625,82.6751953125,3.8814212935465946,7.095599579655939,5.382878626465205,10.061993183720793
00000688,gaussian,2.0,0.02424967608096914,0.9527198733058339,0.173828125,82.7572265625,82.9310546875,3.8814212935465946,8.616597373414765,5.382878626465205,12.04934369441367
00000688,constant,3.0,0.02424967608096914,0.9323998706091273,6.0,82.7572265625,88.7572265625,3.8814212935465946,3.8814212935465955,5.382878626465205,5.382878626465205
00000688,rademacher,3.0,0.02424967608096914,0.9300780476479866,0.10546875,82.7572265625,82.8626953125,3.8814212935465946,9.804857662077882,5.382878626465205,13.668489582233633
00000688,gaussian,3.0,0.02424967608096914,0.9323859076316942,0.0185546875,82.7572265625,82.77578125,3.8814212935465946,11.743323583363807,5.382878626465205,16.122931814882637
00000689,constant,1.0,0.024488290175171363,0.9784018535983326,1.8109375000000085,82.0638671875,83.8748046875,3.989564979350118,3.9341629026457503,5.305391879265903,5.291745182368356
00000689,rademacher,1.0,0.024488290175171363,0.9770389250940825,0.056249999999991473,82.0638671875,82.0076171875,3.989564979350118,4.929302039467947,5.305391879265903,6.754423439263353
00000689,gaussian,1.0,0.024488290175171363,0.9774947391216334,0.041406249999994316,82.0638671875,82.0224609375,3.989564979350118,5.53303664968899,5.305391879265903,7.551383815150523
00000689,constant,2.0,0.024488290175171363,0.9578130057948416,3.6134765625000114,82.0638671875,85.67734375,3.989564979350118,3.9005782704192264,5.305391879265903,5.293319976808187
00000689,rademacher,2.0,0.024488290175171363,0.954661222133239,0.13886718749999716,82.0638671875,81.925,3.989564979350118,6.989912247805603,5.305391879265903,9.54062501656642
00000689,gaussian,2.0,0.024488290175171363,0.9536950714556398,0.0042968750000085265,82.0638671875,82.0681640625,3.989564979350118,8.432576166075046,5.305391879265903,11.745968785237606
00000689,constant,3.0,0.024488290175171363,0.938100043761331,5.4134765625000085,82.0638671875,87.47734375,3.989564979350118,3.900578270419227,5.305391879265903,5.293319976808187
00000689,rademacher,3.0,0.024488290175171363,0.9326618473155908,0.16582031249998863,82.0638671875,81.898046875,3.989564979350118,9.446468491089512,5.305391879265903,13.286049202009428
00000689,gaussian,3.0,0.024488290175171363,0.9326793978010418,0.49687499999998863,82.0638671875,81.5669921875,3.989564979350118,11.77024919684563,5.305391879265903,16.697066590933638
00000690,constant,1.0,0.028947277081670195,0.9759853904452773,1.8356684872951803,75.29066729992876,77.12633578722394,13.130114489305216,13.103036381760761,26.011884544892855,25.983165909767255
00000690,rademacher,1.0,0.028947277081670195,0.9745038605944941,0.11148479042304871,75.29066729992876,75.17918250950571,13.130114489305216,13.617910504437608,26.011884544892855,26.55369222163095
00000690,gaussian,1.0,0.028947277081670195,0.9758180961974471,0.021893535670201913,75.29066729992876,75.26877376425855,13.130114489305216,13.912508937697318,26.011884544892855,26.979149079771524
00000690,constant,2.0,0.028947277081670195,0.9532089341249647,3.6713369745903606,75.29066729992876,78.96200427451912,13.130114489305216,13.076855110535094,26.011884544892855,25.955211437605083
00000690,rademacher,2.0,0.028947277081670195,0.9498619941840406,0.12804247824544746,75.29066729992876,75.16262482168331,13.130114489305216,15.005570852360956,26.011884544892855,28.341479814902833
00000690,gaussian,2.0,0.028947277081670195,0.9504446290655097,0.1642243925254263,75.29066729992876,75.45489169245418,13.130114489305216,15.58857634071763,26.011884544892855,28.72462388568485
00000690,constant,3.0,0.028947277081670195,0.9315205793915096,5.506767988601283,75.29066729992876,80.79743528853004,13.130114489305216,13.0519882386526,26.011884544892855,25.929648457096857
00000690,rademacher,3.0,0.028947277081670195,0.9257306220372473,0.16810661454084652,75.29066729992876,75.12256068538791,13.130114489305216,16.5019022329807,26.011884544892855,29.92511092759151
00000690,gaussian,3.0,0.028947277081670195,0.9257085543212316,0.2472620893842219,75.29066729992876,75.53792938931298,13.130114489305216,18.00300740856304,26.011884544892855,31.843678968138963
00000692,constant,1.0,0.03206501559050494,0.9707930005761464,1.8994698605929727,63.19458079717259,65.09405065776556,4.092025919187494,4.092025919187494,6.4771042832384165,6.4771042832384165
00000692,rademacher,1.0,0.03206501559050494,0.9695691565557011,0.036029844885135276,63.19458079717259,63.158550952287456,4.092025919187494,5.110207104142053,6.4771042832384165,7.764783738331057
00000692,gaussian,1.0,0.03206501559050494,0.9695639127213046,0.08364421755350548,63.19458079717259,63.110936579619086,4.092025919187494,5.731594675591327,6.4771042832384165,8.637686244268892
00000692,constant,2.0,0.03206501559050494,0.9432519765235168,3.7989397211859455,63.19458079717259,66.99352051835854,4.092025919187494,4.092025919187494,6.4771042832384165,6.4771042832384165
00000692,rademacher,2.0,0.03206501559050494,0.9400622541804406,0.08953465540938765,63.19458079717259,63.105046141763204,4.092025919187494,7.232734275981748,6.4771042832384165,10.527198967342487
00000692,gaussian,2.0,0.03206501559050494,0.9397588725663236,0.14451207539760702,63.19458079717259,63.050068721774984,4.092025919187494,8.693941219820571,6.4771042832384165,12.681606695883698
00000692,constant,3.0,0.03206501559050494,0.9172383425152977,5.698409581778904,63.19458079717259,68.8929903789515,4.092025919187494,4.092025919187493,6.4771042832384165,6.4771042832384165
00000692,rademacher,3.0,0.03206501559050494,0.9113658559063417,0.14077618254323454,63.19458079717259,63.05380461462936,4.092025919187494,9.684235696560126,6.4771042832384165,13.614921933271928
00000692,gaussian,3.0,0.03206501559050494,0.9134881166218844,0.16395052032201107,63.19458079717259,63.3585313174946,4.092025919187494,11.711955323132349,6.4771042832384165,16.644509184363972
00000693,constant,1.0,0.024803757624433348,0.9779624390396399,1.8333333333333428,81.47200520833333,83.30533854166667,4.027717166378154,4.027717166378154,5.794525520290414,5.794525520290414
00000693,rademacher,1.0,0.024803757624433348,0.9767139117981135,0.06266276041665719,81.47200520833333,81.40934244791667,4.027717166378154,4.984998278830731,5.794525520290414,7.134962169632691
00000693,gaussian,1.0,0.024803757624433348,0.9775681689728906,0.060546875,81.47200520833333,81.41145833333333,4.027717166378154,5.543311281185609,5.794525520290414,7.863994705785526
00000693,constant,2.0,0.024803757624433348,0.9568880477173664,3.6666666666666714,81.47200520833333,85.138671875,4.027717166378154,4.027717166378154,5.794525520290414,5.794525520290414
00000693,rademacher,2.0,0.024803757624433348,0.9539191211229748,0.1331380208333286,81.47200520833333,81.3388671875,4.027717166378154,7.105991329784415,5.794525520290414,9.83341966293885
00000693,gaussian,2.0,0.024803757624433348,0.9547501931370344,0.2630208333333286,81.47200520833333,81.208984375,4.027717166378154,8.362950892649655,5.794525520290414,11.603295104948609
00000693,constant,3.0,0.024803757624433348,0.9367097846347324,5.5,81.47200520833333,86.97200520833333,4.027717166378154,4.027717166378156,5.794525520290414,5.794525520290414
00000693,rademacher,3.0,0.024803757624433348,0.931598036052086,0.2314453125,81.47200520833333,81.24055989583333,4.027717166378154,9.524246681197814,5.794525520290414,13.313116782188537
00000693,gaussian,3.0,0.024803757624433348,0.9313451244289876,0.3313802083333286,81.47200520833333,81.140625,4.027717166378154,11.715564411981768,5.794525520290414,16.725835335254104
00000694,constant,1.0,0.025056444339525565,0.9757951625764153,1.5999999999999943,64.5349609375,66.1349609375,3.480718446161537,3.480718446161537,5.247654586726876,5.247654586726876
00000694,rademacher,1.0,0.025056444339525565,0.9723476534231255,0.24746093750000853,64.5349609375,64.2875,3.480718446161537,4.535090306702157,5.247654586726876,6.50500285019974
00000694,gaussian,1.0,0.025056444339525565,0.9727650081044062,0.22714843750000568,64.5349609375,64.3078125,3.480718446161537,5.166155174350601,5.247654586726876,7.45931021905935
00000694,constant,2.0,0.025056444339525565,0.9527426233337082,3.200000000000003,64.5349609375,67.7349609375,3.480718446161537,3.480718446161538,5.247654586726876,5.247654586726876
00000694,rademacher,2.0,0.025056444339525565,0.9453542869638709,0.49140624999999716,64.5349609375,64.0435546875,3.480718446161537,6.507409855265759,5.247654586726876,9.343035683373724
00000694,gaussian,2.0,0.025056444339525565,0.9445596191556217,0.4599609375,64.5349609375,64.075,3.480718446161537,8.091518210283105,5.247654586726876,11.507051988150621
00000694,constant,3.0,0.025056444339525565,0.9307567712221299,4.799999999999997,64.5349609375,69.3349609375,3.480718446161537,3.4807184461615366,5.247654586726876,5.247654586726876
00000694,rademacher,3.0,0.025056444339525565,0.919230567180906,0.6263671875000014,64.5349609375,63.90859375,3.480718446161537,8.934734927753608,5.247654586726876,12.716392976841572
00000694,gaussian,3.0,0.025056444339525565,0.9196631571583476,0.4400390625000057,64.5349609375,64.094921875,3.480718446161537,11.037337810509118,5.247654586726876,15.646217370669262
00000695,constant,1.0,0.024194304465018166,0.9765420477856712,2.0,83.33349609375,85.33349609375,4.296277793052517,4.296277793052517,6.4043360051557405,6.4043360051557405
00000695,rademacher,1.0,0.024194304465018166,0.9762635326810629,0.01953125,83.33349609375,83.35302734375,4.296277793052517,5.280156842977608,6.4043360051557405,7.8122415546497495
00000695,gaussian,1.0,0.024194304465018166,0.9767825847660154,0.0546875,83.33349609375,83.27880859375,4.296277793052517,5.819640544956586,6.4043360051557405,8.537055901211758
00000695,constant,2.0,0.024194304465018166,0.9541674237870931,4.0,83.33349609375,87.33349609375,4.296277793052517,4.296277793052514,6.4043360051557405,6.4043360051557405
00000695,rademacher,2.0,0.024194304465018166,0.9530706687386776,0.046875,83.33349609375,83.28662109375,4.296277793052517,7.339399605744148,6.4043360051557405,10.622883247606701
00000695,gaussian,2.0,0.024194304465018166,0.9534791320678133,0.185546875,83.33349609375,83.51904296875,4.296277793052517,8.726880905669532,6.4043360051557405,12.32573576185742
00000695,constant,3.0,0.024194304465018166,0.9328002317516104,6.0,83.33349609375,89.33349609375,4.296277793052517,4.296277793052516,6.4043360051557405,6.4043360051557405
00000695,rademacher,3.0,0.024194304465018166,0.9303911218537461,0.146484375,83.33349609375,83.18701171875,4.296277793052517,9.939561375605898,6.4043360051557405,14.480578051328774
00000695,gaussian,3.0,0.024194304465018166,0.9298614193978911,0.033203125,83.33349609375,83.30029296875,4.296277793052517,12.274965071141388,6.4043360051557405,17.48958424943101
00000697,constant,1.0,0.025462727022201082,0.9756831516874832,2.0,80.35047012435547,82.35047012435547,10.394908980340837,10.394908980340837,10.645719286481565,10.645719286481565
00000697,rademacher,1.0,0.025462727022201082,0.9753814431452094,0.004549590536839787,80.35047012435547,80.34592053381863,10.394908980340837,11.087273062238047,10.645719286481565,11.68331729997842
00000697,gaussian,1.0,0.025462727022201082,0.9755333596997217,0.09781619654231122,80.35047012435547,80.25265392781316,10.394908980340837,11.529220694001342,10.645719286481565,12.303018588572453
00000697,constant,2.0,0.025462727022201082,0.9525311221224173,4.0,80.35047012435547,84.35047012435547,10.394908980340837,10.394908980340839,10.645719286481565,10.645719286481565
00000697,rademacher,2.0,0.025462727022201082,0.9513910749558645,0.06612071580225631,80.35047012435547,80.41659084015772,10.394908980340837,12.73116698070204,10.645719286481565,14.350699777432222
00000697,gaussian,2.0,0.025462727022201082,0.9523860386399589,0.09084015771914267,80.35047012435547,80.44131028207461,10.394908980340837,13.642580018689776,10.645719286481565,15.636779225163568
00000697,constant,3.0,0.025462727022201082,0.9304605463048987,6.0,80.35047012435547,86.35047012435547,10.394908980340837,10.394908980340837,10.645719286481565,10.645719286481565
00000697,rademacher,3.0,0.025462727022201082,0.9278983567998194,0.09402487109493052,80.35047012435547,80.25644525326054,10.394908980340837,14.765802905280616,10.645719286481565,17.2260422073705
00000697,gaussian,3.0,0.025462727022201082,0.9274094257010265,0.20882620564148624,80.35047012435547,80.14164391871398,10.394908980340837,16.3964461135481,10.645719286481565,20.11058564442176
00000698,constant,1.0,0.02582448854503493,0.9770475975141009,1.8333333333333286,78.07080078125,79.90413411458333,4.109565077015167,4.109565077015167,6.033419796644941,6.033419796644941
00000698,rademacher,1.0,0.02582448854503493,0.9757087022183579,0.0641276041666714,78.07080078125,78.00667317708333,4.109565077015167,5.077855123179365,6.033419796644941,7.296276706514533
00000698,gaussian,1.0,0.02582448854503493,0.9767370443041106,0.036946614583328596,78.07080078125,78.03385416666667,4.109565077015167,5.593324069430378,6.033419796644941,7.936509991559148
00000698,constant,2.0,0.02582448854503493,0.955128983761288,3.6666666666666714,78.07080078125,81.73746744791667,4.109565077015167,4.109565077015168,6.033419796644941,6.033419796644941
00000698,rademacher,2.0,0.02582448854503493,0.9519461855985323,0.28515625,78.07080078125,77.78564453125,4.109565077015167,7.059218235488071,6.033419796644941,10.17464704057786
00000698,gaussian,2.0,0.02582448854503493,0.9519398188782835,0.1331380208333286,78.07080078125,77.93766276041667,4.109565077015167,8.497441959208606,6.033419796644941,12.331476861789048
00000698,constant,3.0,0.02582448854503493,0.9341758543525384,5.5,78.07080078125,83.57080078125,4.109565077015167,4.109565077015167,6.033419796644941,6.033419796644941
00000698,rademacher,3.0,0.02582448854503493,0.9285472134442386,0.58935546875,78.07080078125,77.4814453125,4.109565077015167,9.588465291889133,6.033419796644941,13.598082092221004
00000698,gaussian,3.0,0.02582448854503493,0.9302695955060705,0.0997721354166714,78.07080078125,77.97102864583333,4.109565077015167,11.55835583619627,6.033419796644941,16.647936056680603
00000701,constant,1.0,0.027281323966669636,0.9753810493783803,1.857142857142847,73.61872209821429,75.47586495535714,3.455213973120749,3.45521397312075,5.094422510817054,5.094422510817054
00000701,rademacher,1.0,0.027281323966669636,0.9740781436895967,0.1082589285714306,73.61872209821429,73.51046316964286,3.455213973120749,4.522201961047581,5.094422510817054,6.432686253497589
00000701,gaussian,1.0,0.027281323966669636,0.9749536890488882,0.1351841517857224,73.61872209821429,73.48353794642857,3.455213973120749,5.05828007039001,5.094422510817054,7.26905984732427
00000701,constant,2.0,0.027281323966669636,0.9519503104693662,3.714285714285708,73.61872209821429,77.3330078125,3.455213973120749,3.455213973120749,5.094422510817054,5.094422510817054
00000701,rademacher,2.0,0.027281323966669636,0.9489926736543428,0.044363839285722406,73.61872209821429,73.57435825892857,3.455213973120749,6.761868288844975,5.094422510817054,9.725436916463574
00000701,gaussian,2.0,0.027281323966669636,0.9481908563403186,0.1568080357142918,73.61872209821429,73.4619140625,3.455213973120749,8.288778310865599,5.094422510817054,12.051909518403695
00000701,constant,3.0,0.027281323966669636,0.9296237899354338,5.571428571428569,73.61872209821429,79.19015066964286,3.455213973120749,3.4552139731207494,5.094422510817054,5.094422510817054
00000701,rademacher,3.0,0.027281323966669636,0.9242641891706899,0.1602957589285836,73.61872209821429,73.45842633928571,3.455213973120749,9.344060359179581,5.094422510817054,13.288098539852937
00000701,gaussian,3.0,0.027281323966669636,0.9230161164297033,0.2804129464285836,73.61872209821429,73.33830915178571,3.455213973120749,11.800184280374511,5.094422510817054,17.278507345846
00000703,constant,1.0,0.02737475459479452,0.9752150886521112,1.875,73.938232421875,75.813232421875,3.6871072399065428,3.687107239906542,5.3061365958323226,5.3061365958323226
00000703,rademacher,1.0,0.02737475459479452,0.9740757464858071,0.03564453125,73.938232421875,73.902587890625,3.6871072399065428,4.751041379817213,5.3061365958323226,6.752748849735885
00000703,gaussian,1.0,0.02737475459479452,0.9741888566951628,0.0662841796875,73.938232421875,73.8719482421875,3.6871072399065428,5.361756327796307,5.3061365958323226,7.633897405782356
00000703,constant,2.0,0.02737475459479452,0.9516440002828388,3.75,73.938232421875,77.688232421875,3.6871072399065428,3.6871072399065437,5.3061365958323226,5.3061365958323226
00000703,rademacher,2.0,0.02737475459479452,0.9488741333916973,0.027587890625,73.938232421875,73.91064453125,3.6871072399065428,6.9335003539848845,5.3061365958323226,9.864710802826092
00000703,gaussian,2.0,0.02737475459479452,0.9492301604663432,0.0618896484375,73.938232421875,74.0001220703125,3.6871072399065428,8.27558642421143,5.3061365958323226,11.698583397752543
00000703,constant,3.0,0.02737475459479452,0.9292025622338997,5.625,73.938232421875,79.563232421875,3.6871072399065428,3.687107239906542,5.3061365958323226,5.3061365958323226
00000703,rademacher,3.0,0.02737475459479452,0.9238558462683072,0.4361572265625,73.938232421875,73.5020751953125,3.6871072399065428,9.491251451592866,5.3061365958323226,13.757766092932753
00000703,gaussian,3.0,0.02737475459479452,0.9254017769128524,0.0372314453125,73.938232421875,73.9010009765625,3.6871072399065428,11.480707031954815,5.3061365958323226,15.886604242947573
00000704,constant,1.0,0.028620926897603594,0.9746085860625939,1.8830935251798593,72.3273381294964,74.21043165467626,15.830979085390043,15.799358326232404,23.725212990043914,23.735086418835067
00000704,rademacher,1.0,0.028620926897603594,0.9734754650915457,0.023224926474455287,72.3273381294964,72.30411320302194,15.830979085390043,16.241334629270593,23.725212990043914,24.18951169470502
00000704,gaussian,1.0,0.028620926897603594,0.9744314735955258,0.21846522781774524,72.3273381294964,72.10887290167865,15.830979085390043,16.44568562261329,23.725212990043914,24.48902424064565
00000704,constant,2.0,0.028620926897603594,0.9505525762993383,3.7607913669064743,72.3273381294964,76.08812949640287,15.830979085390043,15.78788443623298,23.725212990043914,23.735958761711597
00000704,rademacher,2.0,0.028620926897603594,0.9477542634995341,0.04301147162375685,72.3273381294964,72.28432665787264,15.830979085390043,17.260344937820207,23.725212990043914,25.603357786409465
00000704,gaussian,2.0,0.028620926897603594,0.947980000517451,0.2001046482636326,72.3273381294964,72.12723348123276,15.830979085390043,17.98791166194833,23.725212990043914,26.16988646351424
00000704,constant,3.0,0.028620926897603594,0.9276626306651021,5.638009592326142,72.3273381294964,77.96534772182254,15.830979085390043,15.787884436232984,23.725212990043914,23.735958761711597
00000704,rademacher,3.0,0.028620926897603594,0.9225855751084395,0.14748201438848696,72.3273381294964,72.17985611510791,15.830979085390043,18.738196111764115,23.725212990043914,27.4593671556694
00000704,gaussian,3.0,0.028620926897603594,0.9227155089782094,0.3091039644292124,72.3273381294964,72.01823416506718,15.830979085390043,20.25382749226425,23.725212990043914,28.81888908029274
00000706,constant,1.0,0.02673795402173433,0.9766172675998447,1.7999999999999972,75.1798828125,76.9798828125,4.011162283831231,4.011162283831233,6.128073223145586,6.128073223145586
00000706,rademacher,1.0,0.02673795402173433,0.9750262496502186,0.09999999999999432,75.1798828125,75.0798828125,4.011162283831231,4.99891748791726,6.128073223145586,7.319061136608211
00000706,gaussian,1.0,0.02673795402173433,0.9753905738346993,0.13632812499999147,75.1798828125,75.0435546875,4.011162283831231,5.542878107938641,6.128073223145586,8.080657398853187
00000706,constant,2.0,0.02673795402173433,0.954303054644443,3.6000000000000085,75.1798828125,78.7798828125,4.011162283831231,4.011162283831233,6.128073223145586,6.128073223145586
00000706,rademacher,2.0,0.02673795402173433,0.950679163443124,0.15937499999999716,75.1798828125,75.0205078125,4.011162283831231,7.033423920615263,6.128073223145586,9.986517272120778
00000706,gaussian,2.0,0.02673795402173433,0.9516662013654476,0.16914062499999716,75.1798828125,75.0107421875,4.011162283831231,8.228218726852209,6.128073223145586,11.708341405989854
00000706,constant,3.0,0.02673795402173433,0.9329857551100543,5.400000000000006,75.1798828125,80.5798828125,4.011162283831231,4.011162283831234,6.128073223145586,6.128073223145586
00000706,rademacher,3.0,0.02673795402173433,0.9268085426379907,0.22675781249999716,75.1798828125,74.953125,4.011162283831231,9.463953181400617,6.128073223145586,13.796635293102147
00000706,gaussian,3.0,0.02673795402173433,0.9256748298842863,0.12929687499999432,75.1798828125,75.0505859375,4.011162283831231,11.642319213024738,6.128073223145586,16.509542028098142
00000707,constant,1.0,0.026270461965414108,0.9771264268097711,1.7999999999999972,76.9986328125,78.7986328125,3.7985443266520265,3.798544326652025,5.760746695283383,5.760746695283383
00000707,rademacher,1.0,0.026270461965414108,0.9755826664259784,0.08671875000000284,76.9986328125,76.9119140625,3.7985443266520265,4.845587518565955,5.760746695283383,7.043515105060242
00000707,gaussian,1.0,0.026270461965414108,0.9767418523731037,0.08925781250000853,76.9986328125,76.909375,3.7985443266520265,5.365698964548669,5.760746695283383,7.829456686942036
00000707,constant,2.0,0.026270461965414108,0.9552897442670305,3.5999999999999943,76.9986328125,80.5986328125,3.7985443266520265,3.7985443266520256,5.760746695283383,5.760746695283383
00000707,rademacher,2.0,0.026270461965414108,0.9517004964790391,0.19882812500000568,76.9986328125,76.7998046875,3.7985443266520265,6.95505964092667,5.760746695283383,9.974147392564419
00000707,gaussian,2.0,0.026270461965414108,0.9509470100021281,0.0025390625000056843,76.9986328125,76.99609375,3.7985443266520265,8.426239111168316,5.760746695283383,12.22736950839177
00000707,constant,3.0,0.026270461965414108,0.9344099478996297,5.3999999999999915,76.9986328125,82.3986328125,3.7985443266520265,3.7985443266520265,5.760746695283383,5.760746695283383
00000707,rademacher,3.0,0.026270461965414108,0.9283761872804848,0.21210937500001137,76.9986328125,76.7865234375,3.7985443266520265,9.467422728004736,5.760746695283383,13.7182603061143
00000707,gaussian,3.0,0.026270461965414108,0.9302585275902349,0.035546875000008527,76.9986328125,76.9630859375,3.7985443266520265,11.302364229037396,5.760746695283383,16.034844070296334
00000708,constant,1.0,0.025939492423962637,0.9763938789960924,2.0,83.2929829466033,85.2929829466033,13.559521279397833,13.559521279397833,26.58072364417402,26.58072364417402
00000708,rademacher,1.0,0.025939492423962637,0.9760977325361487,0.03578417668437339,83.2929829466033,83.25719876991893,13.559521279397833,14.198965220592736,26.58072364417402,27.43483072498994
00000708,gaussian,1.0,0.025939492423962637,0.9772702367946551,0.007028833564689307,83.2929829466033,83.28595411303861,13.559521279397833,14.263088755042997,26.58072364417402,27.41796990053454
00000708,constant,2.0,0.025939492423962637,0.9539437652733428,4.0,83.2929829466033,87.2929829466033,13.559521279397833,13.559521279397833,26.58072364417402,26.58072364417402
00000708,rademacher,2.0,0.025939492423962637,0.952834861332065,0.034169292434299336,83.2929829466033,83.258813654169,13.559521279397833,15.367741443104856,26.58072364417402,28.776001127704806
00000708,gaussian,2.0,0.025939492423962637,0.9527200078603478,0.20226047813089565,83.2929829466033,83.4952434247342,13.559521279397833,16.373054127303668,26.58072364417402,30.315849216872657
00000708,constant,3.0,0.025939492423962637,0.9325407883078214,6.0,83.2929829466033,89.2929829466033,13.559521279397833,13.559521279397835,26.58072364417402,26.58072364417402
00000708,rademacher,3.0,0.025939492423962637,0.9301952471704718,0.031114450541949168,83.2929829466033,83.32409739714525,13.559521279397833,17.164329045462047,26.58072364417402,31.319076645502225
00000708,gaussian,3.0,0.025939492423962637,0.9295963106102433,0.3567948693572873,83.2929829466033,82.93618807724602,13.559521279397833,18.73100471740203,26.58072364417402,33.234474821534185
00000709,constant,1.0,0.02408080525653572,0.9766826629041847,2.0,83.82666015625,85.82666015625,4.183459280551934,4.183459280551935,6.096977078750339,6.096977078750339
00000709,rademacher,1.0,0.02408080525653572,0.9764129361966615,0.037109375,83.82666015625,83.86376953125,4.183459280551934,5.137342678991962,6.096977078750339,7.510064275109267
00000709,gaussian,1.0,0.02408080525653572,0.9767057158310222,0.1005859375,83.82666015625,83.92724609375,4.183459280551934,5.7513821330454356,6.096977078750339,8.479812659130001
00000709,constant,2.0,0.02408080525653572,0.954430597909028,4.0,83.82666015625,87.82666015625,4.183459280551934,4.183459280551933,6.096977078750339,6.096977078750339
00000709,rademacher,2.0,0.02408080525653572,0.953310074759701,0.203125,83.82666015625,83.62353515625,4.183459280551934,7.276114456681011,6.096977078750339,10.405980183815153
00000709,gaussian,2.0,0.02408080525653572,0.9531746821055622,0.166015625,83.82666015625,83.99267578125,4.183459280551934,8.833810139145857,6.096977078750339,12.420449741300779
00000709,constant,3.0,0.02408080525653572,0.9331775065909276,6.0,83.82666015625,89.82666015625,4.183459280551934,4.183459280551934,6.096977078750339,6.096977078750339
00000709,rademacher,3.0,0.02408080525653572,0.9308964908681637,0.099609375,83.82666015625,83.92626953125,4.183459280551934,9.953919112911027,6.096977078750339,13.99669373308093
00000709,gaussian,3.0,0.02408080525653572,0.9330285379675742,0.013671875,83.82666015625,83.81298828125,4.183459280551934,11.896187541120419,6.096977078750339,16.98123110609835
00000710,constant,1.0,0.025765744952530215,0.9780994927950019,1.75,78.20263671875,79.95263671875,3.574467471800974,3.5744674718009746,5.336926296093715,5.336926296093715
00000710,rademacher,1.0,0.025765744952530215,0.9762383329782669,0.1337890625,78.20263671875,78.06884765625,3.574467471800974,4.586779103400374,5.336926296093715,6.571913982799051
00000710,gaussian,1.0,0.025765744952530215,0.9766431337669317,0.140380859375,78.20263671875,78.062255859375,3.574467471800974,5.267355443796323,5.336926296093715,7.533958127825263
00000710,constant,2.0,0.025765744952530215,0.9571376918778556,3.5,78.20263671875,81.70263671875,3.574467471800974,3.5744674718009746,5.336926296093715,5.336926296093715
00000710,rademacher,2.0,0.025765744952530215,0.9529137087483077,0.380859375,78.20263671875,77.82177734375,3.574467471800974,6.671819489327103,5.336926296093715,9.628849958516861
00000710,gaussian,2.0,0.025765744952530215,0.9541358567001,0.005126953125,78.20263671875,78.197509765625,3.574467471800974,8.022803456835133,5.336926296093715,11.36018850340237
00000710,constant,3.0,0.025765744952530215,0.9370637349263652,5.25,78.20263671875,83.45263671875,3.574467471800974,3.5744674718009737,5.336926296093715,5.336926296093715
00000710,rademacher,3.0,0.025765744952530215,0.9305325865211671,0.22412109375,78.20263671875,77.978515625,3.574467471800974,9.211703404474791,5.336926296093715,13.120644475959761
00000710,gaussian,3.0,0.025765744952530215,0.9304930707160863,0.09912109375,78.20263671875,78.103515625,3.574467471800974,11.458581386782303,5.336926296093715,16.50441845313164
00000711,constant,1.0,0.024173008170609175,0.9766166391553388,2.0,83.5888671875,85.5888671875,4.320146191714974,4.320146191714973,6.158257724285399,6.158257724285399
00000711,rademacher,1.0,0.024173008170609175,0.9763302674587377,0.068359375,83.5888671875,83.5205078125,4.320146191714974,5.241949246293859,6.158257724285399,7.39605490080877
00000711,gaussian,1.0,0.024173008170609175,0.977259255267554,0.046875,83.5888671875,83.6357421875,4.320146191714974,5.713709412791036,6.158257724285399,8.153113516689642
00000711,constant,2.0,0.024173008170609175,0.9543054012167883,4.0,83.5888671875,87.5888671875,4.320146191714974,4.320146191714973,6.158257724285399,6.158257724285399
00000711,rademacher,2.0,0.024173008170609175,0.953231211652066,0.0234375,83.5888671875,83.5654296875,4.320146191714974,7.399870416008487,6.158257724285399,10.40335346534185
00000711,gaussian,2.0,0.024173008170609175,0.9523315550286504,0.0810546875,83.5888671875,83.669921875,4.320146191714974,8.898844174122248,6.158257724285399,12.552883798680663
00000711,constant,3.0,0.024173008170609175,0.932994204531003,6.0,83.5888671875,89.5888671875,4.320146191714974,4.320146191714973,6.158257724285399,6.158257724285399
00000711,rademacher,3.0,0.024173008170609175,0.9306488789288252,0.029296875,83.5888671875,83.5595703125,4.320146191714974,10.05155142413537,6.158257724285399,14.179805092649966
00000711,gaussian,3.0,0.024173008170609175,0.9286258390527189,0.6904296875,83.5888671875,82.8984375,4.320146191714974,12.211899261140266,6.158257724285399,17.32527609130487
00000712,constant,1.0,0.03400652683055691,0.9688505607211189,1.9376456876456913,60.29865967365967,62.23630536130536,12.004143315267786,12.004143315267788,14.207844732417145,14.207844732417145
00000712,rademacher,1.0,0.03400652683055691,0.9678171486538965,0.015540015540011609,60.29865967365967,60.28311965811966,12.004143315267786,12.549307224709263,14.207844732417145,14.783684261198914
00000712,gaussian,1.0,0.03400652683055691,0.9696058858443286,0.053515928515928124,60.29865967365967,60.24514374514374,12.004143315267786,12.790950307699495,14.207844732417145,15.334801202390144
00000712,constant,2.0,0.03400652683055691,0.9395930289753078,3.8752913752913827,60.29865967365967,64.17395104895105,12.004143315267786,12.004143315267788,14.207844732417145,14.207844732417145
00000712,rademacher,2.0,0.03400652683055691,0.9366862418594925,0.03571146648835821,60.29865967365967,60.26294820717131,12.004143315267786,13.774301445769575,14.207844732417145,16.74707573130382
00000712,gaussian,2.0,0.03400652683055691,0.9392986082554018,0.1036348947266248,60.29865967365967,60.195024778933046,12.004143315267786,14.589949805973756,14.207844732417145,17.74739097355233
00000712,constant,3.0,0.03400652683055691,0.9120547683583449,5.812937062937067,60.29865967365967,66.11159673659674,12.004143315267786,12.004143315267786,14.207844732417145,14.207844732417145
00000712,rademacher,3.0,0.03400652683055691,0.9064689480043163,0.11200984855279472,60.29865967365967,60.186649825106876,12.004143315267786,15.580626949763104,14.207844732417145,19.61512467321769
00000712,gaussian,3.0,0.03400652683055691,0.9088297422898184,0.11640349446471987,60.29865967365967,60.41506316812439,12.004143315267786,16.948710551351628,14.207844732417145,21.536324061628672
00000713,constant,1.0,0.026185709067200583,0.9776056993811506,1.809036034388157,79.12401682824218,80.93305286263033,6.080720988686039,6.079086327036523,11.230955548788074,11.226713899634925
00000713,rademacher,1.0,0.026185709067200583,0.9762026126610055,0.09145783793670148,79.12401682824218,79.03255899030547,6.080720988686039,6.950802822279445,11.230955548788074,12.319300438572968
00000713,gaussian,1.0,0.026185709067200583,0.9762596832796325,0.02668788568820446,79.12401682824218,79.09732894255397,6.080720988686039,7.378896932172824,11.230955548788074,12.623728807709615
00000713,constant,2.0,0.026185709067200583,0.9563340887734233,3.606731296872141,79.12401682824218,82.73074812511432,6.080720988686039,6.074332658501837,11.230955548788074,11.210212885836087
00000713,rademacher,2.0,0.026185709067200583,0.9527777338105908,0.2674227181269373,79.12401682824218,78.85659411011524,6.080720988686039,8.816492429254437,11.230955548788074,14.686973799124681
00000713,gaussian,2.0,0.026185709067200583,0.9541910309336651,0.1865968831369571,79.12401682824218,78.93741994510522,6.080720988686039,9.766583704616595,11.230955548788074,16.068679296794773
00000713,constant,3.0,0.026185709067200583,0.936092023676835,5.394366197183103,79.12401682824218,84.51838302542528,6.080720988686039,6.069117288746715,11.230955548788074,11.184062051397147
00000713,rademacher,3.0,0.026185709067200583,0.9302509063113241,0.2674227181269373,79.12401682824218,78.85659411011524,6.080720988686039,10.998605740073511,11.230955548788074,17.76762841243941
00000713,gaussian,3.0,0.026185709067200583,0.9303325630463177,0.08193852601019103,79.12401682824218,79.04207830223199,6.080720988686039,12.826975999928804,11.230955548788074,20.597899144598223
00000715,constant,1.0,0.02534226176769491,0.9766630133125027,1.8974609375,79.5218505859375,81.4193115234375,4.087914050268762,4.035622881563546,5.444180444314371,5.425105739039301
00000715,rademacher,1.0,0.02534226176769491,0.9757249075707765,0.0594482421875,79.5218505859375,79.46240234375,4.087914050268762,5.019021860381431,5.444180444314371,6.848076877677423
00000715,gaussian,1.0,0.02534226176769491,0.9764472233778617,0.1336669921875,79.5218505859375,79.38818359375,4.087914050268762,5.5748262773989445,5.444180444314371,7.641320237098663
00000715,constant,2.0,0.02534226176769491,0.9545694339423567,3.7801513671875,79.5218505859375,83.302001953125,4.087914050268762,4.000762948710694,5.444180444314371,5.419252082126065
00000715,rademacher,2.0,0.02534226176769491,0.9521548822053709,0.1177978515625,79.5218505859375,79.404052734375,4.087914050268762,7.104323959637691,5.444180444314371,9.686557142226707
00000715,gaussian,2.0,0.02534226176769491,0.950897228465992,0.21923828125,79.5218505859375,79.3026123046875,4.087914050268762,8.660357753935067,5.444180444314371,12.151084072769914
00000715,constant,3.0,0.02534226176769491,0.9335282357746297,5.6572265625,79.5218505859375,85.1790771484375,4.087914050268762,3.981327138255714,5.444180444314371,5.413332628117656
00000715,rademacher,3.0,0.02534226176769491,0.9288909881648367,0.5091552734375,79.5218505859375,79.0126953125,4.087914050268762,9.639359117460433,5.444180444314371,13.393077029258043
00000715,gaussian,3.0,0.02534226176769491,0.9273980999988155,0.1343994140625,79.5218505859375,79.387451171875,4.087914050268762,12.066607460910152,5.444180444314371,16.757416259643016
00000716,constant,1.0,0.02981977259169544,0.9747085688510494,1.75,67.531982421875,69.281982421875,3.7536201909061937,3.7536201909061955,5.486218030333081,5.486218030333081
00000716,rademacher,1.0,0.02981977259169544,0.9725618784944356,0.0859375,67.531982421875,67.446044921875,3.7536201909061937,4.78736820957516,5.486218030333081,6.792990898644348
00000716,gaussian,1.0,0.02981977259169544,0.9726270403009634,0.130126953125,67.531982421875,67.40185546875,3.7536201909061937,5.439262614146644,5.486218030333081,7.697650343528839
00000716,constant,2.0,0.02981977259169544,0.9506746956479897,3.5,67.531982421875,71.031982421875,3.7536201909061937,3.7536201909061955,5.486218030333081,5.486218030333081
00000716,rademacher,2.0,0.02981977259169544,0.9459253832281335,0.18212890625,67.531982421875,67.349853515625,3.7536201909061937,6.856371427159643,5.486218030333081,9.815235462402192
00000716,gaussian,2.0,0.02981977259169544,0.9467675780905593,0.2880859375,67.531982421875,67.243896484375,3.7536201909061937,8.005457273250723,5.486218030333081,11.249008916079104
00000716,constant,3.0,0.02981977259169544,0.9278130922630529,5.25,67.531982421875,72.781982421875,3.7536201909061937,3.7536201909061946,5.486218030333081,5.486218030333081
00000716,rademacher,3.0,0.02981977259169544,0.9194377188245746,0.54638671875,67.531982421875,66.985595703125,3.7536201909061937,9.345688667891743,5.486218030333081,13.067564247887383
00000716,gaussian,3.0,0.02981977259169544,0.9195714464551487,0.289794921875,67.531982421875,67.2421875,3.7536201909061937,11.356983850125129,5.486218030333081,16.303655587865656
00000717,constant,1.0,0.025859215965431545,0.9765818780538003,1.875,78.1964111328125,80.0714111328125,4.337436387120144,4.337436387120144,6.009169954165942,6.009169954165942
00000717,rademacher,1.0,0.025859215965431545,0.9755083343230359,0.044189453125,78.1964111328125,78.1522216796875,4.337436387120144,5.27219032749919,6.009169954165942,7.264389730382031
00000717,gaussian,1.0,0.025859215965431545,0.975725931467442,0.0361328125,78.1964111328125,78.1602783203125,4.337436387120144,5.824878805887918,6.009169954165942,8.139074718003968
00000717,constant,2.0,0.025859215965431545,0.9542368967905795,3.75,78.1964111328125,81.9464111328125,4.337436387120144,4.337436387120144,6.009169954165942,6.009169954165942
00000717,rademacher,2.0,0.025859215965431545,0.9515518269481524,0.184814453125,78.1964111328125,78.0115966796875,4.337436387120144,7.293811326876904,6.009169954165942,10.129831289122437
00000717,gaussian,2.0,0.025859215965431545,0.9512363097813832,0.0679931640625,78.1964111328125,78.12841796875,4.337436387120144,8.635150616765994,6.009169954165942,12.001611986401794
00000717,constant,3.0,0.025859215965431545,0.9328915846883123,5.625,78.1964111328125,83.8214111328125,4.337436387120144,4.3374363871201425,6.009169954165942,6.009169954165942
00000717,rademacher,3.0,0.025859215965431545,0.9280663775221573,0.378662109375,78.1964111328125,77.8177490234375,4.337436387120144,9.81177030686185,6.009169954165942,13.887221285104292
00000717,gaussian,3.0,0.025859215965431545,0.9289320294739316,0.09716796875,78.1964111328125,78.0992431640625,4.337436387120144,11.844321264219943,6.009169954165942,16.799901165853267
00000719,constant,1.0,0.025316358592925352,0.9768113118476167,1.8863525390625,79.5689697265625,81.455322265625,4.158955667761896,4.118343859727501,5.5814150237095905,5.57061389816667
00000719,rademacher,1.0,0.025316358592925352,0.9758507484403703,0.0030517578125,79.5689697265625,79.572021484375,4.158955667761896,5.059345185021076,5.5814150237095905,6.963096697756628
00000719,gaussian,1.0,0.025316358592925352,0.9770302954895136,0.0777587890625,79.5689697265625,79.4912109375,4.158955667761896,5.581410747781877,5.5814150237095905,7.6252724936943315
00000719,constant,2.0,0.025316358592925352,0.9547589855817612,3.7662353515625,79.5689697265625,83.335205078125,4.158955667761896,4.0888367360841515,5.5814150237095905,5.560446198372354
00000719,rademacher,2.0,0.025316358592925352,0.9523601274230676,0.0037841796875,79.5689697265625,79.565185546875,4.158955667761896,7.130768563936334,5.5814150237095905,9.954856209479939
00000719,gaussian,2.0,0.025316358592925352,0.951982650868206,0.1395263671875,79.5689697265625,79.429443359375,4.158955667761896,8.495580543883204,5.5814150237095905,11.824969974939375
00000719,constant,3.0,0.025316358592925352,0.93371916454173,5.6435546875,79.5689697265625,85.2125244140625,4.158955667761896,4.067546163585591,5.5814150237095905,5.554407126699999
00000719,rademacher,3.0,0.025316358592925352,0.9291652588337809,0.2186279296875,79.5689697265625,79.350341796875,4.158955667761896,9.648290053347381,5.5814150237095905,13.674982128213802
00000719,gaussian,3.0,0.025316358592925352,0.9288850751568233,0.0189208984375,79.5689697265625,79.587890625,4.158955667761896,11.91781027624991,5.5814150237095905,16.809556724965596
00000720,constant,1.0,0.024984120773891897,0.9758272058823529,2.0,80.87890625,82.87890625,4.336912525636103,4.336912525636102,5.483128828320241,5.483128828320241
00000720,rademacher,1.0,0.024984120773891897,0.9755109639753391,0.087890625,80.87890625,80.791015625,4.336912525636103,5.268204387686668,5.483128828320241,6.967657610375932
00000720,gaussian,1.0,0.024984120773891897,0.9759068049737096,0.021484375,80.87890625,80.900390625,4.336912525636103,5.834016504746357,5.483128828320241,7.779184364853336
00000720,constant,2.0,0.024984120773891897,0.9528086319611755,4.0,80.87890625,84.87890625,4.336912525636103,4.3369125256361025,5.483128828320241,5.483128828320241
00000720,rademacher,2.0,0.024984120773891897,0.9516362856327922,0.031640624999994316,80.87890625,80.847265625,4.336912525636103,7.3968696781850936,5.483128828320241,10.172816388760886
00000720,gaussian,2.0,0.024984120773891897,0.9528408582186262,0.130859375,80.87890625,81.009765625,4.336912525636103,8.623266079575377,5.483128828320241,11.853204351226331
00000720,constant,3.0,0.024984120773891897,0.9308614553850235,6.0,80.87890625,86.87890625,4.336912525636103,4.336912525636102,5.483128828320241,5.483128828320241
00000720,rademacher,3.0,0.024984120773891897,0.9283723204825169,0.012109374999994316,80.87890625,80.866796875,4.336912525636103,10.003908611852882,5.483128828320241,13.925470076834
00000720,gaussian,3.0,0.024984120773891897,0.9294309473340943,0.0400390625,80.87890625,80.9189453125,4.336912525636103,12.059261576629558,5.483128828320241,17.11094100254841
00000721,constant,1.0,0.024155595107890886,0.9765315618423125,2.0,83.264892578125,85.264892578125,4.04095924629956,4.040959246299564,5.78912717880981,5.78912717880981
00000721,rademacher,1.0,0.024155595107890886,0.9762634307393785,0.07421875,83.264892578125,83.339111328125,4.04095924629956,5.009713936781628,5.78912717880981,7.2119445436859175
00000721,gaussian,1.0,0.024155595107890886,0.9781277822406408,0.0048828125,83.264892578125,83.269775390625,4.04095924629956,5.502030247801797,5.78912717880981,7.798998151362158
00000721,constant,2.0,0.024155595107890886,0.9541394003318123,4.0,83.264892578125,87.264892578125,4.04095924629956,4.040959246299563,5.78912717880981,5.78912717880981
00000721,rademacher,2.0,0.024155595107890886,0.9530832748973196,0.07080078125,83.264892578125,83.335693359375,4.04095924629956,7.342247784176933,5.78912717880981,10.770610422147072
00000721,gaussian,2.0,0.024155595107890886,0.9546033092914722,0.05859375,83.264892578125,83.206298828125,4.04095924629956,8.452916743058633,5.78912717880981,11.83122430169307
00000721,constant,3.0,0.024155595107890886,0.9327562393162393,6.0,83.264892578125,89.264892578125,4.04095924629956,4.040959246299563,5.78912717880981,5.78912717880981
00000721,rademacher,3.0,0.024155595107890886,0.9304342905644363,0.05859375,83.264892578125,83.323486328125,4.04095924629956,9.846534002843764,5.78912717880981,13.854446007158824
00000721,gaussian,3.0,0.024155595107890886,0.9320455485838336,0.08642578125,83.264892578125,83.178466796875,4.04095924629956,11.727477459864318,5.78912717880981,16.39172888580622
00000722,constant,1.0,0.03410149708769533,0.9685824485888925,1.8622865627320024,57.47011878247958,59.33240534521158,15.42883956934013,15.378684405745494,23.13143177055381,23.094385818054494
00000722,rademacher,1.0,0.03410149708769533,0.966962140115087,0.005432007537585548,57.47011878247958,57.464686774941995,15.42883956934013,15.866883470040248,23.13143177055381,23.634503042687193
00000722,gaussian,1.0,0.03410149708769533,0.9695910676546228,0.020522944887829908,57.47011878247958,57.44959583759175,15.42883956934013,16.02565871660924,23.13143177055381,23.62124277356282
00000722,constant,2.0,0.03410149708769533,0.9394435873280268,3.7019302152932454,57.47011878247958,61.172048997772826,15.42883956934013,15.333016284898097,23.13143177055381,23.076548416337435
00000722,rademacher,2.0,0.03410149708769533,0.9350933735128072,0.023033747202937604,57.47011878247958,57.44708503527664,15.42883956934013,16.777875004192442,23.13143177055381,24.426704067225995
00000722,gaussian,2.0,0.03410149708769533,0.9364672266593225,0.1480410012437332,57.47011878247958,57.618159783723314,15.42883956934013,17.390387580233416,23.13143177055381,25.274415428055338
00000722,constant,3.0,0.03410149708769533,0.912257984682491,5.524591685226433,57.47011878247958,62.994710467706014,15.42883956934013,15.305342798113863,23.13143177055381,23.074920290541126
00000722,rademacher,3.0,0.03410149708769533,0.9044378793873458,0.10888746344192413,57.47011878247958,57.579006245921505,15.42883956934013,18.13553790614867,23.13143177055381,26.462465342850265
00000722,gaussian,3.0,0.03410149708769533,0.9042923764522456,0.013286028260679927,57.47011878247958,57.48340481074026,15.42883956934013,19.4731534002767,23.13143177055381,28.005314682289058
00000723,constant,1.0,0.03365023635536849,0.968883977253599,1.9047064096817579,59.34065441506051,61.24536082474227,5.347475815566348,5.320215207184724,6.058333062892925,6.027304183732012
00000723,rademacher,1.0,0.03365023635536849,0.9676735346474922,0.030300313760641018,59.34065441506051,59.370954728821154,5.347475815566348,6.337089963278173,6.058333062892925,7.418861277236805
00000723,gaussian,1.0,0.03365023635536849,0.9689063499858624,0.07270282384580895,59.34065441506051,59.267951591214704,5.347475815566348,6.79679391131648,6.058333062892925,8.184724282531754
00000723,constant,2.0,0.03365023635536849,0.9399408141182752,3.7902285970416827,59.34065441506051,63.130883012102196,5.347475815566348,5.278365410527519,6.058333062892925,5.996410224622227
00000723,rademacher,2.0,0.03365023635536849,0.9363433842494474,0.0925840506735085,59.34065441506051,59.248070364387004,5.347475815566348,8.332206677517041,6.058333062892925,10.47687935433078
00000723,gaussian,2.0,0.03365023635536849,0.937988049559181,0.027119373090293664,59.34065441506051,59.36777378815081,5.347475815566348,9.385626250000414,6.058333062892925,11.962198055631855
00000723,constant,3.0,0.03365023635536849,0.9131778368542383,5.640251008516358,59.34065441506051,64.98090542357687,5.347475815566348,5.232164057776573,6.058333062892925,5.969267270181707
00000723,rademacher,3.0,0.03365023635536849,0.9061768213278203,0.248570408598475,59.34065441506051,59.09208400646204,5.347475815566348,10.68295318789363,6.058333062892925,13.882356976471648
00000723,gaussian,3.0,0.03365023635536849,0.9065955486760675,0.23347308651473497,59.34065441506051,59.10718132854578,5.347475815566348,12.567357878009854,6.058333062892925,16.884096172740485
00000724,constant,1.0,0.027472445177427595,0.9750577674503135,1.875,73.3543701171875,75.2293701171875,3.987135321557332,3.987135321557332,5.591752240141448,5.591752240141448
00000724,rademacher,1.0,0.027472445177427595,0.9739025139614321,0.0469970703125,73.3543701171875,73.307373046875,3.987135321557332,4.995787353020064,5.591752240141448,6.958235527841687
00000724,gaussian,1.0,0.027472445177427595,0.974491839884412,0.0960693359375,73.3543701171875,73.450439453125,3.987135321557332,5.51332941507541,5.591752240141448,7.700473603268053
00000724,constant,2.0,0.027472445177427595,0.9513340046102794,3.75,73.3543701171875,77.1043701171875,3.987135321557332,3.9871353215573317,5.591752240141448,5.591752240141448
00000724,rademacher,2.0,0.027472445177427595,0.9484649994564504,0.110107421875,73.3543701171875,73.2442626953125,3.987135321557332,7.115160434121261,5.591752240141448,9.95884927278924
00000724,gaussian,2.0,0.027472445177427595,0.95124264198433,0.0201416015625,73.3543701171875,73.334228515625,3.987135321557332,8.167883277066617,5.591752240141448,11.64294048455153
00000724,constant,3.0,0.027472445177427595,0.9287415552158665,5.625,73.3543701171875,78.9793701171875,3.987135321557332,3.9871353215573313,5.591752240141448,5.591752240141448
00000724,rademacher,3.0,0.027472445177427595,0.9234191094491688,0.340576171875,73.3543701171875,73.0137939453125,3.987135321557332,9.613782563399038,5.591752240141448,13.382622578461017
00000724,gaussian,3.0,0.027472445177427595,0.9251140105294666,0.1064453125,73.3543701171875,73.4608154296875,3.987135321557332,11.571449218031198,5.591752240141448,16.364715405973044
00000725,constant,1.0,0.024973600951375276,0.9757713547197393,2.0,80.61572265625,82.61572265625,4.176387214207667,4.176387214207666,5.66919755149743,5.66919755149743
00000725,rademacher,1.0,0.024973600951375276,0.9754750194872122,0.05859375,80.61572265625,80.67431640625,4.176387214207667,5.123154167872357,5.66919755149743,7.146852167512602
00000725,gaussian,1.0,0.024973600951375276,0.9770068584092882,0.0625,80.61572265625,80.55322265625,4.176387214207667,5.5894308616883075,5.66919755149743,7.795747893842223
00000725,constant,2.0,0.024973600951375276,0.9526963212310652,4.0,80.61572265625,84.61572265625,4.176387214207667,4.176387214207665,5.66919755149743,5.66919755149743
00000725,rademacher,2.0,0.024973600951375276,0.9515329445145019,0.01953125,80.61572265625,80.59619140625,4.176387214207667,7.288766389851843,5.66919755149743,10.17984711113651
00000725,gaussian,2.0,0.024973600951375276,0.9519703802902889,0.0966796875,80.61572265625,80.71240234375,4.176387214207667,8.593983182683504,5.66919755149743,11.739127294122056
00000725,constant,3.0,0.024973600951375276,0.9306909297269467,6.0,80.61572265625,86.61572265625,4.176387214207667,4.176387214207666,5.66919755149743,5.66919755149743
00000725,rademacher,3.0,0.024973600951375276,0.9281482029746554,0.10546875,80.61572265625,80.51025390625,4.176387214207667,9.96218913043366,5.66919755149743,13.912269097597965
00000725,gaussian,3.0,0.024973600951375276,0.9280217363379097,0.0087890625,80.61572265625,80.62451171875,4.176387214207667,12.055950693074777,5.66919755149743,16.914990373032005
00000726,constant,1.0,0.013111004292983706,0.9880022681260734,1.547474213171128,127.6548532134356,129.20232742660673,5.223962842800998,5.184074409414264,9.411233772247822,9.355330095091027
00000726,rademacher,1.0,0.013111004292983706,0.9861859907659485,0.18157279015517247,127.6548532134356,127.47328042328043,5.223962842800998,6.0438667069004595,9.411233772247822,10.363202178894484
00000726,gaussian,1.0,0.013111004292983706,0.9868640864494308,0.13064045873859698,127.6548532134356,127.524212754697,5.223962842800998,6.615439035035341,9.411233772247822,11.040540851815392
00000726,constant,2.0,0.013111004292983706,0.9763048130722022,3.0944194657497945,127.6548532134356,130.7492726791854,5.223962842800998,5.149030917515597,9.411233772247822,9.305565551320338
00000726,rademacher,2.0,0.013111004292983706,0.9724852906855339,0.31295702699492267,127.6548532134356,127.34189618644068,5.223962842800998,7.765385568689409,9.411233772247822,12.50589739140705
00000726,gaussian,2.0,0.013111004292983706,0.9729910727999951,0.272235301405928,127.6548532134356,127.38261791202967,5.223962842800998,8.98655488020491,9.411233772247822,14.237076011825028
00000726,constant,3.0,0.013111004292983706,0.9649003908397557,4.639513356254966,127.6548532134356,132.29436656969057,5.223962842800998,5.11984721245753,9.411233772247822,9.272029566603418
00000726,rademacher,3.0,0.013111004292983706,0.9591235649718893,0.26858598119805777,127.6548532134356,127.38626723223754,5.223962842800998,10.016880865302735,9.411233772247822,15.63540942589318
00000726,gaussian,3.0,0.013111004292983706,0.9589981209168623,0.38096786311713515,127.6548532134356,127.27388535031847,5.223962842800998,11.961434690396386,9.411233772247822,18.099475858490262
00000727,constant,1.0,0.0271198120206231,0.9786358278958432,1.7907216494845244,83.07010309278351,84.86082474226804,19.570578733182916,19.545971913241527,42.55516001007782,42.51030394209801
00000727,rademacher,1.0,0.0271198120206231,0.9772108989750738,0.06546152496504476,83.07010309278351,83.00464156781847,19.570578733182916,19.716276602902468,42.55516001007782,42.48619889350896
00000727,gaussian,1.0,0.0271198120206231,0.9776372448446801,0.11752577319587942,83.07010309278351,82.95257731958763,19.570578733182916,20.050723086077397,42.55516001007782,42.872998310010594
00000727,constant,2.0,0.0271198120206231,0.95831077583899,3.580154639175248,83.07010309278351,86.65025773195876,19.570578733182916,19.528071799595224,42.55516001007782,42.48747786405942
00000727,rademacher,2.0,0.0271198120206231,0.95498565116385,0.11368225730130632,83.07010309278351,82.9564208354822,19.570578733182916,20.67803654569545,42.55516001007782,43.565704028762966
00000727,gaussian,2.0,0.0271198120206231,0.9554950017791051,0.2090134981540217,83.07010309278351,82.86108959462949,19.570578733182916,20.916903568513685,42.55516001007782,43.3232504003004
00000727,constant,3.0,0.0271198120206231,0.9388866707661461,5.369072164948449,83.07010309278351,88.43917525773196,19.570578733182916,19.514461142791266,42.55516001007782,42.47560958768213
00000727,rademacher,3.0,0.0271198120206231,0.93335657358545,0.14934934988211523,83.07010309278351,82.9207537429014,19.570578733182916,21.565203109936924,42.55516001007782,44.04367824239387
00000727,gaussian,3.0,0.0271198120206231,0.9333615992494497,0.19358539709764955,83.07010309278351,82.87651769568586,19.570578733182916,22.629625840251173,42.55516001007782,45.225431908592654
00000728,constant,1.0,0.025272706642173924,0.9768959990413277,1.8819580078125,79.61181640625,81.4937744140625,4.191106862208719,4.1574981728950675,5.347118173920192,5.359200705183177
00000728,rademacher,1.0,0.025272706642173924,0.9758539565313615,0.1072998046875,79.61181640625,79.5045166015625,4.191106862208719,5.111792480255625,5.347118173920192,6.750424703379968
00000728,gaussian,1.0,0.025272706642173924,0.9775745594353009,0.0111083984375,79.61181640625,79.6229248046875,4.191106862208719,5.5750877929845135,5.347118173920192,7.365273135492306
00000728,constant,2.0,0.025272706642173924,0.9548941977123513,3.7589111328125,79.61181640625,83.3707275390625,4.191106862208719,4.13857266919436,5.347118173920192,5.361776696795788
00000728,rademacher,2.0,0.025272706642173924,0.9523011699543378,0.1943359375,79.61181640625,79.41748046875,4.191106862208719,7.144139878210646,5.347118173920192,9.821514699235086
00000728,gaussian,2.0,0.025272706642173924,0.9528546946064009,0.0909423828125,79.61181640625,79.5208740234375,4.191106862208719,8.500131206873352,5.347118173920192,11.629468427697766
00000728,constant,3.0,0.025272706642173924,0.9338856939925766,5.63427734375,79.61181640625,85.24609375,4.191106862208719,4.12845119361511,5.347118173920192,5.362693232606764
00000728,rademacher,3.0,0.025272706642173924,0.9294834509225836,0.0809326171875,79.61181640625,79.5308837890625,4.191106862208719,9.756084499916021,5.347118173920192,13.975246216813181
00000728,gaussian,3.0,0.025272706642173924,0.9303641396807332,0.212646484375,79.61181640625,79.399169921875,4.191106862208719,11.674973322326064,5.347118173920192,16.359588177699095
00000729,constant,1.0,0.0252966470508151,0.9769818793200075,1.878173828125,79.8050537109375,81.6832275390625,4.112780513169467,4.088721377441728,5.725421213737673,5.72699537136025
00000729,rademacher,1.0,0.0252966470508151,0.9759748319281362,0.048583984375,79.8050537109375,79.7564697265625,4.112780513169467,5.088005038462848,5.725421213737673,7.025891081614316
00000729,gaussian,1.0,0.0252966470508151,0.976253453685846,0.0084228515625,79.8050537109375,79.8134765625,4.112780513169467,5.645900644158951,5.725421213737673,7.855740751142217
00000729,constant,2.0,0.0252966470508151,0.9550358582383371,3.7535400390625,79.8050537109375,83.55859375,4.112780513169467,4.078588109225421,5.725421213737673,5.726797589742214
00000729,rademacher,2.0,0.0252966470508151,0.9524264584922308,0.2340087890625,79.8050537109375,79.571044921875,4.112780513169467,7.116115174218011,5.725421213737673,10.196939370210817
00000729,gaussian,2.0,0.0252966470508151,0.9523091228741598,0.1888427734375,79.8050537109375,79.6162109375,4.112780513169467,8.542967427408842,5.725421213737673,12.419753021457556
00000729,constant,3.0,0.0252966470508151,0.9340648035560941,5.6285400390625,79.8050537109375,85.43359375,4.112780513169467,4.0785881092254215,5.725421213737673,5.726797589742214
00000729,rademacher,3.0,0.0252966470508151,0.9295144096157683,0.1881103515625,79.8050537109375,79.616943359375,4.112780513169467,9.643667224798934,5.725421213737673,13.642553758467155
00000729,gaussian,3.0,0.0252966470508151,0.9314365719912298,0.1282958984375,79.8050537109375,79.6767578125,4.112780513169467,11.551976199099881,5.725421213737673,16.331358389158314
00000730,constant,1.0,0.02729411842630356,0.9751727011132318,1.875,73.72216796875,75.59716796875,4.115486920186653,4.115486920186654,5.691994019457527,5.691994019457527
00000730,rademacher,1.0,0.02729411842630356,0.973992125366262,0.068115234375,73.72216796875,73.654052734375,4.115486920186653,5.100201109163178,5.691994019457527,6.970287319286017
00000730,gaussian,1.0,0.02729411842630356,0.9750883623510931,0.095947265625,73.72216796875,73.626220703125,4.115486920186653,5.6477522337894435,5.691994019457527,7.732185814525176
00000730,constant,2.0,0.02729411842630356,0.9515558230704264,3.75,73.72216796875,77.47216796875,4.115486920186653,4.115486920186653,5.691994019457527,5.691994019457527
00000730,rademacher,2.0,0.02729411842630356,0.9486044186275666,0.182373046875,73.72216796875,73.539794921875,4.115486920186653,7.1665958621553845,5.691994019457527,9.976058451001894
00000730,gaussian,2.0,0.02729411842630356,0.9496172233348408,0.0853271484375,73.72216796875,73.6368408203125,4.115486920186653,8.476575284886327,5.691994019457527,11.685035513755263
00000730,constant,3.0,0.02729411842630356,0.929065815809271,5.625,73.72216796875,79.34716796875,4.115486920186653,4.115486920186653,5.691994019457527,5.691994019457527
00000730,rademacher,3.0,0.02729411842630356,0.9240356792691967,0.1182861328125,73.72216796875,73.6038818359375,4.115486920186653,9.646583522834433,5.691994019457527,13.384756226407859
00000730,gaussian,3.0,0.02729411842630356,0.9247900734443903,0.114990234375,73.72216796875,73.607177734375,4.115486920186653,11.69362392997597,5.691994019457527,16.06821135493145
00000731,constant,1.0,0.02564267205756552,0.9771889592133733,1.8333333333333286,78.58072916666667,80.4140625,3.6178007785966577,3.6178007785966577,5.3092256449777775,5.3092256449777775
00000731,rademacher,1.0,0.02564267205756552,0.9758516910981901,0.07958984375,78.58072916666667,78.50113932291667,3.6178007785966577,4.693829409523187,5.3092256449777775,6.721339665697896
00000731,gaussian,1.0,0.02564267205756552,0.9757342582885599,0.107421875,78.58072916666667,78.47330729166667,3.6178007785966577,5.311112030930883,5.3092256449777775,7.526405035123432
00000731,constant,2.0,0.02564267205756552,0.9554010678255226,3.666666666666657,78.58072916666667,82.24739583333333,3.6178007785966577,3.6178007785966577,5.3092256449777775,5.3092256449777775
00000731,rademacher,2.0,0.02564267205756552,0.952256274742075,0.2386067708333428,78.58072916666667,78.34212239583333,3.6178007785966577,6.832601600692292,5.3092256449777775,9.617257373557491
00000731,gaussian,2.0,0.02564267205756552,0.952913868855177,0.049153645833328596,78.58072916666667,78.6298828125,3.6178007785966577,8.266492821305162,5.3092256449777775,11.973987210502246
00000731,constant,3.0,0.02564267205756552,0.9345653823520302,5.5,78.58072916666667,84.08072916666667,3.6178007785966577,3.6178007785966577,5.3092256449777775,5.3092256449777775
00000731,rademacher,3.0,0.02564267205756552,0.9291819927476017,0.3427734375,78.58072916666667,78.23795572916667,3.6178007785966577,9.39409126106385,5.3092256449777775,13.632888812054782
00000731,gaussian,3.0,0.02564267205756552,0.9301019213566567,0.177734375,78.58072916666667,78.40299479166667,3.6178007785966577,11.41715972470592,5.3092256449777775,16.144544991104297
00000732,constant,1.0,0.026656508116885736,0.9757845909101648,1.875,75.6260986328125,77.5010986328125,4.115455311818538,4.115455311818538,5.790344376603986,5.790344376603986
00000732,rademacher,1.0,0.026656508116885736,0.9746383627244989,0.0426025390625,75.6260986328125,75.58349609375,4.115455311818538,5.115285249856842,5.790344376603986,7.142482429675588
00000732,gaussian,1.0,0.026656508116885736,0.9746826160977881,0.0330810546875,75.6260986328125,75.593017578125,4.115455311818538,5.6802171561879025,5.790344376603986,7.795393305975162
00000732,constant,2.0,0.026656508116885736,0.9527303428845609,3.75,75.6260986328125,79.3760986328125,4.115455311818538,4.115455311818537,5.790344376603986,5.790344376603986
00000732,rademacher,2.0,0.026656508116885736,0.9500277221235146,0.12255859375,75.6260986328125,75.5035400390625,4.115455311818538,7.18555083292571,5.790344376603986,9.998703712765419
00000732,gaussian,2.0,0.026656508116885736,0.9498280456992546,0.0438232421875,75.6260986328125,75.669921875,4.115455311818538,8.595537241687818,5.790344376603986,11.917466301022763
00000732,constant,3.0,0.026656508116885736,0.9307431239661723,5.625,75.6260986328125,81.2510986328125,4.115455311818538,4.115455311818536,5.790344376603986,5.790344376603986
00000732,rademacher,3.0,0.026656508116885736,0.9256760861066505,0.3250732421875,75.6260986328125,75.301025390625,4.115455311818538,9.663225875937687,5.790344376603986,13.682040156728734
00000732,gaussian,3.0,0.026656508116885736,0.9283396998529606,0.0345458984375,75.6260986328125,75.66064453125,4.115455311818538,11.55508058475314,5.790344376603986,15.93853808442946
00000733,constant,1.0,0.026926912293708267,0.9764872622343219,1.7999999999999972,74.8228515625,76.6228515625,3.9950736893323686,3.9950736893323677,5.444878555220695,5.444878555220695
00000733,rademacher,1.0,0.026926912293708267,0.9749093957567551,0.10175781250001137,74.8228515625,74.72109375,3.9950736893323686,4.955560798209751,5.444878555220695,6.8750664821016345
00000733,gaussian,1.0,0.026926912293708267,0.9758765083632405,0.06308593750000568,74.8228515625,74.759765625,3.9950736893323686,5.515985447805809,5.444878555220695,7.463683023644731
00000733,constant,2.0,0.026926912293708267,0.9540595736202431,3.5999999999999943,74.8228515625,78.4228515625,3.9950736893323686,3.9950736893323677,5.444878555220695,5.444878555220695
00000733,rademacher,2.0,0.026926912293708267,0.9503927232123509,0.21406250000001137,74.8228515625,74.6087890625,3.9950736893323686,7.03684330599844,5.444878555220695,9.773814212458806
00000733,gaussian,2.0,0.026926912293708267,0.9515284132351967,0.18378906250001137,74.8228515625,74.6390625,3.9950736893323686,8.048305660694442,5.444878555220695,11.396375381756162
00000733,constant,3.0,0.026926912293708267,0.9326457920966843,5.3999999999999915,74.8228515625,80.2228515625,3.9950736893323686,3.9950736893323695,5.444878555220695,5.444878555220695
00000733,rademacher,3.0,0.026926912293708267,0.9263903334584128,0.23945312500001137,74.8228515625,74.5833984375,3.9950736893323686,9.448652517134903,5.444878555220695,13.233764171576675
00000733,gaussian,3.0,0.026926912293708267,0.9266520838420121,0.14804687500000568,74.8228515625,74.6748046875,3.9950736893323686,11.66143698969162,5.444878555220695,16.385102499669244
00000734,constant,1.0,0.025359703428193898,0.9765813558917007,1.91064453125,79.8262939453125,81.7369384765625,4.330224226841654,4.27802523343215,5.381322052518622,5.382031680617481
00000734,rademacher,1.0,0.025359703428193898,0.9757650460183167,0.029296875,79.8262939453125,79.8555908203125,4.330224226841654,5.230687045613136,5.381322052518622,6.802199912303262
00000734,gaussian,1.0,0.025359703428193898,0.9763206462017959,0.0286865234375,79.8262939453125,79.797607421875,4.330224226841654,5.718095072363289,5.381322052518622,7.674197627124888
00000734,constant,2.0,0.025359703428193898,0.9544838136611328,3.8006591796875,79.8262939453125,83.626953125,4.330224226841654,4.232597246989014,5.381322052518622,5.39560136737207
00000734,rademacher,2.0,0.025359703428193898,0.9521510732588203,0.09912109375,79.8262939453125,79.7271728515625,4.330224226841654,7.32595015873655,5.381322052518622,9.821645912130144
00000734,gaussian,2.0,0.025359703428193898,0.9521795448331707,0.1309814453125,79.8262939453125,79.6953125,4.330224226841654,8.596138950833977,5.381322052518622,11.671000020971915
00000734,constant,3.0,0.025359703428193898,0.9334521076735076,5.68310546875,79.8262939453125,85.5093994140625,4.330224226841654,4.195825667161502,5.381322052518622,5.408937670602484
00000734,rademacher,3.0,0.025359703428193898,0.9293347574270717,0.01416015625,79.8262939453125,79.8404541015625,4.330224226841654,9.77062596467971,5.381322052518622,13.210985382668982
00000734,gaussian,3.0,0.025359703428193898,0.9302640267439164,0.129638671875,79.8262939453125,79.6966552734375,4.330224226841654,11.759327007931581,5.381322052518622,16.93872819066771
00000735,constant,1.0,0.02417897133735534,0.9765149518035005,2.0,83.2025390625,85.2025390625,4.1088582307492745,4.1088582307492745,5.638995529162367,5.638995529162367
00000735,rademacher,1.0,0.02417897133735534,0.9762362551343929,0.01953125,83.2025390625,83.2220703125,4.1088582307492745,5.062262328329782,5.638995529162367,6.980345997075323
00000735,gaussian,1.0,0.02417897133735534,0.9767528702307782,0.0576171875,83.2025390625,83.26015625,4.1088582307492745,5.664752843998029,5.638995529162367,7.802467687694846
00000735,constant,2.0,0.02417897133735534,0.9541140977026812,4.0,83.2025390625,87.2025390625,4.1088582307492745,4.108858230749275,5.638995529162367,5.638995529162367
00000735,rademacher,2.0,0.02417897133735534,0.9530341024218725,0.015625,83.2025390625,83.2181640625,4.1088582307492745,7.2736018822558846,5.638995529162367,10.551568041426139
00000735,gaussian,2.0,0.02417897133735534,0.953825485507562,0.052734375,83.2025390625,83.2552734375,4.1088582307492745,8.548391563147835,5.638995529162367,11.804777463085259
00000735,constant,3.0,0.02417897133735534,0.9327220138510282,6.0,83.2025390625,89.2025390625,4.1088582307492745,4.108858230749275,5.638995529162367,5.638995529162367
00000735,rademacher,3.0,0.02417897133735534,0.9302927473245354,0.193359375,83.2025390625,83.0091796875,4.1088582307492745,9.849663861240877,5.638995529162367,14.11164326348507
00000735,gaussian,3.0,0.02417897133735534,0.93188500342036,0.17578125,83.2025390625,83.3783203125,4.1088582307492745,11.752181313545195,5.638995529162367,16.739806273688185
00000736,constant,1.0,0.02462649301249842,0.976104240179673,2.0,81.746875,83.746875,4.51438663074769,4.51438663074769,6.1043646036717405,6.1043646036717405
00000736,rademacher,1.0,0.02462649301249842,0.9758091928843903,0.009765625,81.746875,81.737109375,4.51438663074769,5.45509219933264,6.1043646036717405,7.521382703987188
00000736,gaussian,1.0,0.02462649301249842,0.9765501573949658,0.0166015625,81.746875,81.7302734375,4.51438663074769,5.899980691931637,6.1043646036717405,8.13279689278597
00000736,constant,2.0,0.02462649301249842,0.9533303570208327,4.0,81.746875,85.746875,4.51438663074769,4.514386630747691,6.1043646036717405,6.1043646036717405
00000736,rademacher,2.0,0.02462649301249842,0.9522355354561984,0.078125,81.746875,81.825,4.51438663074769,7.577022173299667,6.1043646036717405,10.672763884832396
00000736,gaussian,2.0,0.02462649301249842,0.9529931483832424,0.03515625,81.746875,81.71171875,4.51438663074769,8.708277894645729,6.1043646036717405,12.225427899795232
00000736,constant,3.0,0.02462649301249842,0.931597012001852,6.0,81.746875,87.746875,4.51438663074769,4.514386630747691,6.1043646036717405,6.1043646036717405
00000736,rademacher,3.0,0.02462649301249842,0.9291385598554046,0.05390624999999716,81.746875,81.69296875,4.51438663074769,10.10510167364483,6.1043646036717405,14.139050605336209
00000736,gaussian,3.0,0.02462649301249842,0.9282876513451106,0.060546875,81.746875,81.686328125,4.51438663074769,12.291164976170561,6.1043646036717405,17.24550632573713
00000737,constant,1.0,0.019278590889586254,0.9844039055124522,1.7953873447664108,114.40952099349498,116.20490833826139,15.324350658363613,15.274941306871462,31.120910634777736,31.02384442420728
00000737,rademacher,1.0,0.019278590889586254,0.9833736830767021,0.07559611919742792,114.40952099349498,114.33392487429755,15.324350658363613,15.723723361452441,31.120910634777736,31.50023059643589
00000737,gaussian,1.0,0.019278590889586254,0.9838434806712077,0.19301700059347127,114.40952099349498,114.21650399290151,15.324350658363613,16.035912141988643,31.120910634777736,31.948313661243454
00000737,constant,2.0,0.019278590889586254,0.9694155500815669,3.586930810171495,114.40952099349498,117.99645180366647,15.324350658363613,15.236202124583285,31.120910634777736,30.958638612255992
00000737,rademacher,2.0,0.019278590889586254,0.9671122783711632,0.13103623469059755,114.40952099349498,114.27848475880438,15.324350658363613,16.88801346978504,31.120910634777736,32.78716991273958
00000737,gaussian,2.0,0.019278590889586254,0.9679917542564833,0.034660232445205,114.40952099349498,114.44418122594018,15.324350658363613,17.623988389823204,31.120910634777736,33.747124558439275
00000737,constant,3.0,0.019278590889586254,0.9549286248528188,5.375813128326428,114.40952099349498,119.7853341218214,15.324350658363613,15.20502800447463,31.120910634777736,30.918878847648756
00000737,rademacher,3.0,0.019278590889586254,0.9510953549677302,0.04615406996208549,114.40952099349498,114.3633669235329,15.324350658363613,18.052810117696232,31.120910634777736,34.089887545963535
00000737,gaussian,3.0,0.019278590889586254,0.9528967394323168,0.18561830703851,114.40952099349498,114.59513930053349,15.324350658363613,19.49315575776177,31.120910634777736,35.89001841569635
00000738,constant,1.0,0.0257774000106247,0.9780853905660204,1.75,78.127685546875,79.877685546875,3.736516962100935,3.7365169621009353,5.471721987675809,5.471721987675809
00000738,rademacher,1.0,0.0257774000106247,0.9762792839285659,0.12060546875,78.127685546875,78.007080078125,3.736516962100935,4.7584829049945645,5.471721987675809,6.826678219220819
00000738,gaussian,1.0,0.0257774000106247,0.977006516985299,0.203125,78.127685546875,77.924560546875,3.736516962100935,5.395255087009866,5.471721987675809,7.656338249184564
00000738,constant,2.0,0.0257774000106247,0.9571164090002303,3.5,78.127685546875,81.627685546875,3.736516962100935,3.736516962100935,5.471721987675809,5.471721987675809
00000738,rademacher,2.0,0.0257774000106247,0.9530955529965881,0.14599609375,78.127685546875,77.981689453125,3.736516962100935,6.8303395742469135,5.471721987675809,9.609398900847774
00000738,gaussian,2.0,0.0257774000106247,0.9542633286405092,0.361572265625,78.127685546875,77.76611328125,3.736516962100935,8.077455456697667,5.471721987675809,11.479167211442217
00000738,constant,3.0,0.0257774000106247,0.9370276561790843,5.25,78.127685546875,83.377685546875,3.736516962100935,3.736516962100935,5.471721987675809,5.471721987675809
00000738,rademacher,3.0,0.0257774000106247,0.9301393886251625,0.406494140625,78.127685546875,77.72119140625,3.736516962100935,9.255152363522168,5.471721987675809,12.86257576429759
00000738,gaussian,3.0,0.0257774000106247,0.9303860341997346,0.646728515625,78.127685546875,77.48095703125,3.736516962100935,11.28870776021117,5.471721987675809,16.34443175109966
00000739,constant,1.0,0.026231680945646867,0.9764163721615668,1.8737983731821544,77.74352970175006,79.61732807493222,5.411221039163685,5.411221039163685,8.948577852272276,8.948577852272276
00000739,rademacher,1.0,0.026231680945646867,0.9752766024134149,0.13717032289869735,77.74352970175006,77.60635937885137,5.411221039163685,6.290229173069129,8.948577852272276,10.136068317399497
00000739,gaussian,1.0,0.026231680945646867,0.9764893573674098,0.03294175647704378,77.74352970175006,77.71058794527302,5.411221039163685,6.632659298612601,8.948577852272276,10.42758598438848
00000739,constant,2.0,0.026231680945646867,0.9539483435014987,3.7475967463643087,77.74352970175006,81.49112644811437,5.411221039163685,5.411221039163685,8.948577852272276,8.948577852272276
00000739,rademacher,2.0,0.026231680945646867,0.9512147153378717,0.18819324624107026,77.74352970175006,77.55533645550899,5.411221039163685,8.137518812459884,8.948577852272276,12.512510744601006
00000739,gaussian,2.0,0.026231680945646867,0.9524721480811746,0.03947448173281032,77.74352970175006,77.70405522001725,5.411221039163685,9.221849974532285,8.948577852272276,14.11223580129902
00000739,constant,3.0,0.026231680945646867,0.9325020955883984,5.621395119546463,77.74352970175006,83.36492482129653,5.411221039163685,5.411221039163685,8.948577852272276,8.948577852272276
00000739,rademacher,3.0,0.026231680945646867,0.9279696334325874,0.08943699958044249,77.74352970175006,77.65409270216962,5.411221039163685,10.347226412018333,8.948577852272276,15.427395240453517
00000739,gaussian,3.0,0.026231680945646867,0.9300199575098178,0.2920321052999242,77.74352970175006,77.45149759645014,5.411221039163685,12.233580701922996,8.948577852272276,18.482501520522167
00000740,constant,1.0,0.02534000661177357,0.9768214158582249,1.882568359375,79.3912353515625,81.2738037109375,4.106800730980986,4.070824551754281,5.674342707000451,5.664487542562459
00000740,rademacher,1.0,0.02534000661177357,0.9758283232067241,0.0341796875,79.3912353515625,79.3570556640625,4.106800730980986,5.0325835928950475,5.674342707000451,7.070829083012384
00000740,gaussian,1.0,0.02534000661177357,0.9764304133116014,0.0955810546875,79.3912353515625,79.295654296875,4.106800730980986,5.623091135251089,5.674342707000451,7.796322913743791
00000740,constant,2.0,0.02534000661177357,0.954761660084854,3.7596435546875,79.3912353515625,83.15087890625,4.106800730980986,4.050746819393575,5.674342707000451,5.661493032472105
00000740,rademacher,2.0,0.02534000661177357,0.9523186145210468,0.03125,79.3912353515625,79.3599853515625,4.106800730980986,7.139311209512217,5.674342707000451,9.951664146444836
00000740,gaussian,2.0,0.02534000661177357,0.9518643945563104,0.1907958984375,79.3912353515625,79.200439453125,4.106800730980986,8.487371107923156,5.674342707000451,12.171788693483208
00000740,constant,3.0,0.02534000661177357,0.9337030693448839,5.634765625,79.3912353515625,85.0260009765625,4.106800730980986,4.044894308861511,5.674342707000451,5.6608892782094555
00000740,rademacher,3.0,0.02534000661177357,0.9294242052121708,0.0286865234375,79.3912353515625,79.419921875,4.106800730980986,9.633905713220969,5.674342707000451,13.39545594619339
00000740,gaussian,3.0,0.02534000661177357,0.9296387129510524,0.0145263671875,79.3912353515625,79.376708984375,4.106800730980986,11.705693716572362,5.674342707000451,16.294112564956052
00000741,constant,1.0,0.026923152150527117,0.9740377883301026,1.9932861328125,74.89794921875,76.8912353515625,3.824868447693743,3.8085811782594985,5.435954101374108,5.421781143161738
00000741,rademacher,1.0,0.026923152150527117,0.9736458504281342,0.046630859375,74.89794921875,74.851318359375,3.824868447693743,4.865017823253833,5.435954101374108,6.826670799940276
00000741,gaussian,1.0,0.026923152150527117,0.974225501510608,0.0618896484375,74.89794921875,74.8360595703125,3.824868447693743,5.429843741790592,5.435954101374108,7.691456338416227
00000741,constant,2.0,0.026923152150527117,0.949630533103429,3.968017578125,74.89794921875,78.865966796875,3.824868447693743,3.7656419772354353,5.435954101374108,5.3687486052122955
00000741,rademacher,2.0,0.026923152150527117,0.9481073579545906,0.0203857421875,74.89794921875,74.8775634765625,3.824868447693743,7.0274155939730125,5.435954101374108,10.064067563984842
00000741,gaussian,2.0,0.026923152150527117,0.9502987290897587,0.04052734375,74.89794921875,74.857421875,3.824868447693743,8.267052354580429,5.435954101374108,11.900502735489873
00000741,constant,3.0,0.026923152150527117,0.926811214354664,5.9093017578125,74.89794921875,80.8072509765625,3.824868447693743,3.6979918291628464,5.435954101374108,5.294840074593146
00000741,rademacher,3.0,0.026923152150527117,0.923416297573786,0.0323486328125,74.89794921875,74.8656005859375,3.824868447693743,9.680273085533496,5.435954101374108,13.743809628844387
00000741,gaussian,3.0,0.026923152150527117,0.9225097460917584,0.193603515625,74.89794921875,74.704345703125,3.824868447693743,12.002103929514224,5.435954101374108,17.44017922820578
00000742,constant,1.0,0.025571073499822464,0.9786524272294488,1.7483962936564552,80.29935851746258,82.04775481111903,8.225901126766072,8.219960550761204,15.400182594395519,15.387906572495725
00000742,rademacher,1.0,0.025571073499822464,0.9768444656516483,0.11157624981342451,80.29935851746258,80.18778226764915,8.225901126766072,8.914195494853146,15.400182594395519,16.09487641345217
00000742,gaussian,1.0,0.025571073499822464,0.9779624489031004,0.10263720598716475,80.29935851746258,80.19672131147541,8.225901126766072,9.482727952115463,15.400182594395519,17.001923892586106
00000742,constant,2.0,0.025571073499822464,0.9584091927424524,3.4799239724400053,80.29935851746258,83.77928248990258,8.225901126766072,8.207076802703037,15.400182594395519,15.357606844646645
00000742,rademacher,2.0,0.025571073499822464,0.9543715000043456,0.29341745282378895,80.29935851746258,80.00594106463879,8.225901126766072,10.683398747183046,15.400182594395519,18.575706936369397
00000742,gaussian,2.0,0.025571073499822464,0.9557051059395624,0.010009967771665629,80.29935851746258,80.28934854969091,8.225901126766072,11.660836182045415,15.400182594395519,19.755739083191788
00000742,constant,3.0,0.025571073499822464,0.9392134684700959,5.191969588976008,80.29935851746258,85.49132810643859,8.225901126766072,8.190203155681598,15.400182594395519,15.31532140246795
00000742,rademacher,3.0,0.025571073499822464,0.9324999498364669,0.35974843662567935,80.29935851746258,79.9396100808369,8.225901126766072,12.624383548869064,15.400182594395519,20.89918095236069
00000742,gaussian,3.0,0.025571073499822464,0.9330515235520659,0.46063349367571504,80.29935851746258,79.83872502378686,8.225901126766072,14.195762141828666,15.400182594395519,22.710956898377592
00000744,constant,1.0,0.025270897911686362,0.9776684578922515,1.8342613822469644,80.36275794300688,82.19701932525385,4.850496483137215,4.829676400583794,7.702849470432898,7.697050753111576
00000744,rademacher,1.0,0.025270897911686362,0.9763997654885354,0.06174254831313419,80.36275794300688,80.30101539469375,4.850496483137215,5.783927139880975,7.702849470432898,9.001689237918018
00000744,gaussian,1.0,0.025270897911686362,0.9770521399398346,0.025712414018997265,80.36275794300688,80.33704552898789,4.850496483137215,6.292707668826428,7.702849470432898,9.636481235545784
00000744,constant,2.0,0.025270897911686362,0.9563311628197058,3.6677038978054384,80.36275794300688,84.03046184081232,4.850496483137215,4.814357681169474,7.702849470432898,7.694372276811353
00000744,rademacher,2.0,0.025270897911686362,0.9533028931469703,0.2808712741565671,80.36275794300688,80.08188666885032,4.850496483137215,7.684092000613097,7.702849470432898,11.577037237376786
00000744,gaussian,2.0,0.025270897911686362,0.9546393192406301,0.2785784474287567,80.36275794300688,80.08417949557813,4.850496483137215,8.925733062760374,7.702849470432898,13.269694138671879
00000744,constant,3.0,0.025270897911686362,0.9359160450216583,5.500491320013097,80.36275794300688,85.86324926301998,4.850496483137215,4.804065493539295,7.702849470432898,7.693344684881939
00000744,rademacher,3.0,0.025270897911686362,0.9307321609406461,0.21517399542292992,80.36275794300688,80.14758394758395,4.850496483137215,10.0270673462566,7.702849470432898,15.094064106708506
00000744,gaussian,3.0,0.025270897911686362,0.92968816156126,0.2423845397969302,80.36275794300688,80.12037340320995,4.850496483137215,12.29150295471565,7.702849470432898,18.01765425069803
00000745,constant,1.0,0.02961847389558233,0.9768514906659237,1.716343490304709,72.85346260387811,74.56980609418282,13.1622197894876,13.162219789487601,26.50310256896272,26.50310256896272
00000745,rademacher,1.0,0.02961847389558233,0.9747154929577465,0.024829605714344893,72.85346260387811,72.87829220959246,13.1622197894876,13.578444682385607,26.50310256896272,26.735048860347487
00000745,gaussian,1.0,0.02961847389558233,0.9749280599863258,0.008749760968015607,72.85346260387811,72.86221236484613,13.1622197894876,14.03010665267059,26.50310256896272,27.382537359896748
00000745,constant,2.0,0.02961847389558233,0.9548232474535651,3.432686980609418,72.85346260387811,76.28614958448753,13.1622197894876,13.162219789487601,26.50310256896272,26.50310256896272
00000745,rademacher,2.0,0.02961847389558233,0.9499910831054571,0.19937106434967689,72.85346260387811,72.65409153952844,13.1622197894876,14.81170746457027,26.50310256896272,28.16601267751816
00000745,gaussian,2.0,0.02961847389558233,0.9490422168495444,0.3354070483225655,72.85346260387811,72.51805555555555,13.1622197894876,15.439420673022893,26.50310256896272,28.72034743787432
00000745,constant,3.0,0.02961847389558233,0.9337964245381517,5.149030470914127,72.85346260387811,78.00249307479224,13.1622197894876,13.162219789487601,26.50310256896272,26.50310256896272
00000745,rademacher,3.0,0.02961847389558233,0.9261697918616473,0.1344956502541237,72.85346260387811,72.71896695362399,13.1622197894876,16.30082482953064,26.50310256896272,30.17999054133281
00000745,gaussian,3.0,0.02961847389558233,0.9280136571397103,0.07411206266246495,72.85346260387811,72.77935054121565,13.1622197894876,17.757738001978396,26.50310256896272,32.09781414684834
00000746,constant,1.0,0.026357856121816382,0.9769354362395952,1.7999999999999972,76.241796875,78.041796875,3.485103114211764,3.485103114211765,5.084495092694181,5.084495092694181
00000746,rademacher,1.0,0.026357856121816382,0.975336907767937,0.15078125000000853,76.241796875,76.091015625,3.485103114211764,4.532693157162152,5.084495092694181,6.533836562914014
00000746,gaussian,1.0,0.026357856121816382,0.9764385310041988,0.05000000000001137,76.241796875,76.191796875,3.485103114211764,5.110709863080125,5.084495092694181,7.40355713893222
00000746,constant,2.0,0.026357856121816382,0.9549108344137577,3.5999999999999943,76.241796875,79.841796875,3.485103114211764,3.485103114211764,5.084495092694181,5.084495092694181
00000746,rademacher,2.0,0.026357856121816382,0.9512627337121118,0.22031250000000568,76.241796875,76.021484375,3.485103114211764,6.653494105660451,5.084495092694181,9.58586651148365
00000746,gaussian,2.0,0.026357856121816382,0.9505902874965012,0.03886718750000284,76.241796875,76.2029296875,3.485103114211764,8.247259088067747,5.084495092694181,11.754358807342628
00000746,constant,3.0,0.026357856121816382,0.933857408745329,5.3999999999999915,76.241796875,81.641796875,3.485103114211764,3.485103114211763,5.084495092694181,5.084495092694181
00000746,rademacher,3.0,0.026357856121816382,0.9278943528742596,0.22324218750000568,76.241796875,76.0185546875,3.485103114211764,9.26436924570206,5.084495092694181,12.999831204048636
00000746,gaussian,3.0,0.026357856121816382,0.9282201338424069,0.48222656250000284,76.241796875,75.7595703125,3.485103114211764,11.406351865155003,5.084495092694181,16.377685411310615
00000747,constant,1.0,0.025887237464759467,0.9749345161177662,2.0,77.89299665178571,79.89299665178571,3.876007054666263,3.8760070546662626,5.474239969302228,5.474239969302228
00000747,rademacher,1.0,0.025887237464759467,0.9746169471389704,0.046875,77.89299665178571,77.93987165178571,3.876007054666263,4.930911368846891,5.474239969302228,6.850927386359267
00000747,gaussian,1.0,0.025887237464759467,0.9757649561832815,0.05078125,77.89299665178571,77.84221540178571,3.876007054666263,5.371404144350612,5.474239969302228,7.572821762448427
00000747,constant,2.0,0.025887237464759467,0.9511062048663815,4.0,77.89299665178571,81.89299665178571,3.876007054666263,3.8760070546662617,5.474239969302228,5.474239969302228
00000747,rademacher,2.0,0.025887237464759467,0.9498152763165713,0.125,77.89299665178571,77.76799665178571,3.876007054666263,7.124036425280636,5.474239969302228,10.136306758408791
00000747,gaussian,2.0,0.025887237464759467,0.9492715448969766,0.11328125,77.89299665178571,78.00627790178571,3.876007054666263,8.585824422693758,5.474239969302228,12.06925443107191
00000747,constant,3.0,0.025887237464759467,0.9284287721690544,6.0,77.89299665178571,83.89299665178571,3.876007054666263,3.876007054666263,5.474239969302228,5.474239969302228
00000747,rademacher,3.0,0.025887237464759467,0.9258010815505672,0.12890625,77.89299665178571,78.02190290178571,3.876007054666263,9.846614691309796,5.474239969302228,13.864694178994288
00000747,gaussian,3.0,0.025887237464759467,0.9264830036618653,0.10546875,77.89299665178571,77.78752790178571,3.876007054666263,11.797831040441098,5.474239969302228,16.72330204509363
00000748,constant,1.0,0.024865427774550242,0.9786797838960059,1.7162471395881056,79.12662090007628,80.84286803966438,18.003693821807904,17.981520546507376,25.837538213096334,25.818533006059752
00000748,rademacher,1.0,0.024865427774550242,0.9766355808905955,0.1756292906178487,79.12662090007628,78.95099160945843,18.003693821807904,18.405433556088038,25.837538213096334,26.417920909651453
00000748,gaussian,1.0,0.024865427774550242,0.977627765519709,0.12128146453089528,79.12662090007628,79.00533943554538,18.003693821807904,18.683823176931995,25.837538213096334,26.683493820047715
00000748,constant,2.0,0.024865427774550242,0.9582939658617607,3.4323035850495813,79.12662090007628,82.55892448512586,18.003693821807904,17.960515421647216,25.837538213096334,25.800126296853623
00000748,rademacher,2.0,0.024865427774550242,0.9537971084257745,0.30266514955177115,79.12662090007628,78.8239557505245,18.003693821807904,19.23080861496447,25.837538213096334,27.656000028340628
00000748,gaussian,2.0,0.024865427774550242,0.9532037997156579,0.25,79.12662090007628,78.87662090007628,18.003693821807904,20.06559972928397,25.837538213096334,28.753972825672207
00000748,constant,3.0,0.024865427774550242,0.938757083114579,5.147978642257826,79.12662090007628,84.2745995423341,18.003693821807904,17.940620130083524,25.837538213096334,25.78203708433921
00000748,rademacher,3.0,0.024865427774550242,0.9315074570754067,0.47463768115942173,79.12662090007628,78.65198321891685,18.003693821807904,20.527427333377243,25.837538213096334,29.677446339138566
00000748,gaussian,3.0,0.024865427774550242,0.9327425022033434,0.5644546147978673,79.12662090007628,78.56216628527841,18.003693821807904,21.614312585836526,25.837538213096334,31.354286902247875
00000751,constant,1.0,0.024790550583624886,0.9759783828881717,2.0,81.34140625,83.34140625,4.072530101550958,4.072530101550958,5.392767878015152,5.392767878015152
00000751,rademacher,1.0,0.024790550583624886,0.9756744572309882,0.048828125,81.34140625,81.292578125,4.072530101550958,5.065984996341507,5.392767878015152,6.897159982468347
00000751,gaussian,1.0,0.024790550583624886,0.9757969821543366,0.0029296875,81.34140625,81.3443359375,4.072530101550958,5.5811363285555835,5.392767878015152,7.781729480466451
00000751,constant,2.0,0.024790550583624886,0.9530924944787101,4.0,81.34140625,85.34140625,4.072530101550958,4.072530101550959,5.392767878015152,5.392767878015152
00000751,rademacher,2.0,0.024790550583624886,0.9519251292997291,0.14453125,81.34140625,81.196875,4.072530101550958,7.282239445550367,5.392767878015152,10.116029624924687
00000751,gaussian,2.0,0.024790550583624886,0.9526318872500205,0.087890625,81.34140625,81.429296875,4.072530101550958,8.53061236878078,5.392767878015152,11.981164886883466
00000751,constant,3.0,0.024790550583624886,0.931261572314105,6.0,81.34140625,87.34140625,4.072530101550958,4.07253010155096,5.392767878015152,5.392767878015152
00000751,rademacher,3.0,0.024790550583624886,0.928814202893182,0.03515625,81.34140625,81.3765625,4.072530101550958,9.936930339455483,5.392767878015152,13.695261555225306
00000751,gaussian,3.0,0.024790550583624886,0.9282938163994312,0.22265625,81.34140625,81.5640625,4.072530101550958,12.145284925128694,5.392767878015152,17.07568040634489
00000752,constant,1.0,0.02466391826492203,0.976677689165532,1.9505208333333428,81.72493489583333,83.67545572916667,3.9731753778226206,3.8811577802720643,5.521095482736151,5.47029289390636
00000752,rademacher,1.0,0.02466391826492203,0.9761136216914138,0.033528645833328596,81.72493489583333,81.69140625,3.9731753778226206,4.961253895805264,5.521095482736151,6.91439093759439
00000752,gaussian,1.0,0.02466391826492203,0.976958552557766,0.025390625,81.72493489583333,81.75032552083333,3.9731753778226206,5.494643965250018,5.521095482736151,7.661110384474149
00000752,constant,2.0,0.02466391826492203,0.9546180463135481,3.8837890625,81.72493489583333,85.60872395833333,3.9731753778226206,3.798693388749346,5.521095482736151,5.481279237150577
00000752,rademacher,2.0,0.02466391826492203,0.9528011256268889,0.1248372395833286,81.72493489583333,81.60009765625,3.9731753778226206,7.130974354707464,5.521095482736151,9.875744195693834
00000752,gaussian,2.0,0.02466391826492203,0.953301233684407,0.0361328125,81.72493489583333,81.76106770833333,3.9731753778226206,8.423753126259761,5.521095482736151,12.021252101884066
00000752,constant,3.0,0.02466391826492203,0.9343684810906269,5.739095052083343,81.72493489583333,87.46402994791667,3.9731753778226206,3.7261109352094426,5.521095482736151,5.465219974867708
00000752,rademacher,3.0,0.02466391826492203,0.9306232843377712,0.0974934895833286,81.72493489583333,81.62744140625,3.9731753778226206,9.579115739931776,5.521095482736151,13.476910390095762
00000752,gaussian,3.0,0.02466391826492203,0.9295672300570568,0.07682291666665719,81.72493489583333,81.64811197916667,3.9731753778226206,11.894820154162607,5.521095482736151,16.771403701329216
00000753,constant,1.0,0.02467964494974356,0.9761643655133129,2.0,82.00667317708333,84.00667317708333,4.159924742880673,4.159924742880671,5.882759771987804,5.882759771987804
00000753,rademacher,1.0,0.02467964494974356,0.9758700887149278,0.006184895833328596,82.00667317708333,82.00048828125,4.159924742880673,5.146906837201894,5.882759771987804,7.349214427453653
00000753,gaussian,1.0,0.02467964494974356,0.976652047213964,0.056640625,82.00667317708333,81.95003255208333,4.159924742880673,5.635862107348248,5.882759771987804,7.981012817065317
00000753,constant,2.0,0.02467964494974356,0.9534475743497062,4.0,82.00667317708333,86.00667317708333,4.159924742880673,4.159924742880672,5.882759771987804,5.882759771987804
00000753,rademacher,2.0,0.02467964494974356,0.9523086852617441,0.05729166666665719,82.00667317708333,81.94938151041667,4.159924742880673,7.280950794161121,5.882759771987804,10.46279008223092
00000753,gaussian,2.0,0.02467964494974356,0.9530852139942098,0.036783854166671404,82.00667317708333,82.04345703125,4.159924742880673,8.487175235520072,5.882759771987804,12.17174329214867
00000753,constant,3.0,0.02467964494974356,0.9317709373636047,6.0,82.00667317708333,88.00667317708333,4.159924742880673,4.159924742880673,5.882759771987804,5.882759771987804
00000753,rademacher,3.0,0.02467964494974356,0.9293433927579802,0.01171875,82.00667317708333,81.99495442708333,4.159924742880673,9.928362975750398,5.882759771987804,14.097481232941236
00000753,gaussian,3.0,0.02467964494974356,0.9309687736400111,0.10107421875,82.00667317708333,82.10774739583333,4.159924742880673,11.811647424347434,5.882759771987804,16.333454953914856
00000754,constant,1.0,0.024240053590919526,0.9765547087294253,2.0,83.390234375,85.390234375,4.004672870469927,4.004672870469926,5.568152018923898,5.568152018923898
00000754,rademacher,1.0,0.024240053590919526,0.9762830122332649,0.080078125,83.390234375,83.4703125,4.004672870469927,5.016026356588313,5.568152018923898,7.010033773824635
00000754,gaussian,1.0,0.024240053590919526,0.9774261764630946,0.029296875,83.390234375,83.3609375,4.004672870469927,5.582107099672726,5.568152018923898,7.86253395707426
00000754,constant,2.0,0.024240053590919526,0.9541921266600214,4.0,83.390234375,87.390234375,4.004672870469927,4.004672870469927,5.568152018923898,5.568152018923898
00000754,rademacher,2.0,0.024240053590919526,0.9530963672676609,0.02734375,83.390234375,83.362890625,4.004672870469927,7.16020942574356,5.568152018923898,9.958076750106915
00000754,gaussian,2.0,0.024240053590919526,0.9539314246222359,0.005859375,83.390234375,83.384375,4.004672870469927,8.412333781060271,5.568152018923898,11.804645318680173
00000754,constant,3.0,0.024240053590919526,0.9328348751742491,6.0,83.390234375,89.390234375,4.004672870469927,4.004672870469925,5.568152018923898,5.568152018923898
00000754,rademacher,3.0,0.024240053590919526,0.9305866921328123,0.24609375,83.390234375,83.636328125,4.004672870469927,9.870604402117916,5.568152018923898,13.846052736839392
00000754,gaussian,3.0,0.024240053590919526,0.9301594552604858,0.07421875,83.390234375,83.316015625,4.004672870469927,12.051414989738152,5.568152018923898,17.30525022139475
00000755,constant,1.0,0.02407364341085271,0.9767288668809413,2.0,83.98567708333333,85.98567708333333,4.547621777554495,4.547621777554494,6.561507693298601,6.561507693298601
00000755,rademacher,1.0,0.02407364341085271,0.9764462493295533,0.03515625,83.98567708333333,83.95052083333333,4.547621777554495,5.495767518021187,6.561507693298601,7.801613473081247
00000755,gaussian,1.0,0.02407364341085271,0.9767354553499259,0.0029296875,83.98567708333333,83.98860677083333,4.547621777554495,5.971986618126693,6.561507693298601,8.677266680311659
00000755,constant,2.0,0.02407364341085271,0.9545232563301911,4.0,83.98567708333333,87.98567708333333,4.547621777554495,4.547621777554494,6.561507693298601,6.561507693298601
00000755,rademacher,2.0,0.02407364341085271,0.9534542150887686,0.015625,83.98567708333333,84.00130208333333,4.547621777554495,7.559364357341913,6.561507693298601,10.771624260086199
00000755,gaussian,2.0,0.02407364341085271,0.9530370958893745,0.0703125,83.98567708333333,84.05598958333333,4.547621777554495,8.744237376893516,6.561507693298601,12.597212340284429
00000755,constant,3.0,0.02407364341085271,0.9333082521813367,6.0,83.98567708333333,89.98567708333333,4.547621777554495,4.547621777554494,6.561507693298601,6.561507693298601
00000755,rademacher,3.0,0.02407364341085271,0.9310206784569165,0.041015625,83.98567708333333,84.02669270833333,4.547621777554495,10.09422646491548,6.561507693298601,14.227690327399985
00000755,gaussian,3.0,0.02407364341085271,0.9315559538478773,0.4186197916666714,83.98567708333333,84.404296875,4.547621777554495,12.191953510780058,6.561507693298601,17.204896220301038
00000756,constant,1.0,0.026894220194696755,0.9739708463323061,1.7777777777777715,66.6025390625,68.38031684027777,3.646067925147275,3.646067925147276,5.192238993838328,5.192238993838328
00000756,rademacher,1.0,0.026894220194696755,0.971927595551517,0.1572265625,66.6025390625,66.4453125,3.646067925147275,4.675628372775482,5.192238993838328,6.562259637695364
00000756,gaussian,1.0,0.026894220194696755,0.973083736803742,0.1416015625,66.6025390625,66.4609375,3.646067925147275,5.195164735375723,5.192238993838328,7.333771133272393
00000756,constant,2.0,0.026894220194696755,0.949272627727066,3.555555555555557,66.6025390625,70.15809461805556,3.646067925147275,3.646067925147275,5.192238993838328,5.192238993838328
00000756,rademacher,2.0,0.026894220194696755,0.9446601109686266,0.24435763888888573,66.6025390625,66.35818142361111,3.646067925147275,6.821680315429377,5.192238993838328,9.685047616953238
00000756,gaussian,2.0,0.026894220194696755,0.9439435708235653,0.21799045138888573,66.6025390625,66.38454861111111,3.646067925147275,8.184060327585255,5.192238993838328,11.472940767316869
00000756,constant,3.0,0.026894220194696755,0.9258100036201279,5.333333333333329,66.6025390625,71.93587239583333,3.646067925147275,3.6460679251472743,5.192238993838328,5.192238993838328
00000756,rademacher,3.0,0.026894220194696755,0.9178387959498993,0.5325520833333286,66.6025390625,66.06998697916667,3.646067925147275,9.265094169804751,5.192238993838328,13.24862030757347
00000756,gaussian,3.0,0.026894220194696755,0.9212691136793656,0.7629123263888857,66.6025390625,65.83962673611111,3.646067925147275,11.075995871197044,5.192238993838328,15.527356045319566
00000757,constant,1.0,0.02719044684027858,0.9752833621570884,1.875,74.0745849609375,75.9495849609375,3.9935707061702463,3.9935707061702472,5.721139918678728,5.721139918678728
00000757,rademacher,1.0,0.02719044684027858,0.9741660849316807,0.044921875,74.0745849609375,74.0296630859375,3.9935707061702463,4.986032936584708,5.721139918678728,7.023350379106503
00000757,gaussian,1.0,0.02719044684027858,0.9748359431681758,0.04833984375,74.0745849609375,74.1229248046875,3.9935707061702463,5.591668599224159,5.721139918678728,7.9194179381434715
00000757,constant,2.0,0.02719044684027858,0.9517769921165483,3.75,74.0745849609375,77.8245849609375,3.9935707061702463,3.993570706170247,5.721139918678728,5.721139918678728
00000757,rademacher,2.0,0.02719044684027858,0.948846291179186,0.235107421875,74.0745849609375,73.8394775390625,3.9935707061702463,7.101174909550302,5.721139918678728,10.229923762809626
00000757,gaussian,2.0,0.02719044684027858,0.9496418511066398,0.29052734375,74.0745849609375,73.7840576171875,3.9935707061702463,8.423458353884149,5.721139918678728,11.783430984715908
00000757,constant,3.0,0.02719044684027858,0.9293841773383019,5.625,74.0745849609375,79.6995849609375,3.9935707061702463,3.9935707061702472,5.721139918678728,5.721139918678728
00000757,rademacher,3.0,0.02719044684027858,0.9242243029248962,0.2523193359375,74.0745849609375,73.822265625,3.9935707061702463,9.650322406188248,5.721139918678728,13.797067905066694
00000757,gaussian,3.0,0.02719044684027858,0.9235281213936232,0.430908203125,74.0745849609375,73.6436767578125,3.9935707061702463,11.848840162367988,5.721139918678728,16.863479148640515
00000758,constant,1.0,0.024979968797744397,0.9757748464880321,2.0,80.64778645833333,82.64778645833333,4.032708677228406,4.032708677228407,5.480543925792013,5.480543925792013
00000758,rademacher,1.0,0.024979968797744397,0.9754715476332895,0.029296875,80.64778645833333,80.61848958333333,4.032708677228406,5.045997959243194,5.480543925792013,6.928607348942329
00000758,gaussian,1.0,0.024979968797744397,0.9762210719972544,0.091796875,80.64778645833333,80.55598958333333,4.032708677228406,5.568934447911038,5.480543925792013,7.604075776943954
00000758,constant,2.0,0.024979968797744397,0.9527066392602577,4.0,80.64778645833333,84.64778645833333,4.032708677228406,4.032708677228408,5.480543925792013,5.480543925792013
00000758,rademacher,2.0,0.024979968797744397,0.9515518457096263,0.01953125,80.64778645833333,80.62825520833333,4.032708677228406,7.196553197796571,5.480543925792013,9.921643333298464
00000758,gaussian,2.0,0.024979968797744397,0.9528762248907263,0.146484375,80.64778645833333,80.50130208333333,4.032708677228406,8.428386837731852,5.480543925792013,11.774291371179913
00000758,constant,3.0,0.024979968797744397,0.9307109421373346,6.0,80.64778645833333,86.64778645833333,4.032708677228406,4.032708677228406,5.480543925792013,5.480543925792013
00000758,rademacher,3.0,0.024979968797744397,0.9282564397710303,0.123046875,80.64778645833333,80.77083333333333,4.032708677228406,9.827843060178678,5.480543925792013,13.586485016097688
00000758,gaussian,3.0,0.024979968797744397,0.9308430959819779,0.251953125,80.64778645833333,80.89973958333333,4.032708677228406,11.611255945350365,5.480543925792013,16.104636604010576
00000760,constant,1.0,0.03185633472553514,0.9693521182806558,1.996268656716424,63.14895915161037,65.1452278083268,4.168261034971995,4.160141174181822,6.513852613039809,6.495342150880885
00000760,rademacher,1.0,0.03185633472553514,0.9688501507522307,0.020816967792612218,63.14895915161037,63.16977611940298,4.168261034971995,5.177535363269702,6.513852613039809,7.910356187220055
00000760,gaussian,1.0,0.03185633472553514,0.968844167272449,0.027297721916731632,63.14895915161037,63.1762568735271,4.168261034971995,5.82448992280126,6.513852613039809,8.858269137868726
00000760,constant,2.0,0.03185633472553514,0.9406315087407269,3.985369206598591,63.14895915161037,67.13432835820896,4.168261034971995,4.141508977751078,6.513852613039809,6.448548870283276
00000760,rademacher,2.0,0.03185633472553514,0.9386128450338523,0.19736842105263008,63.14895915161037,62.95159073055774,4.168261034971995,7.399811696047351,6.513852613039809,10.858478410438638
00000760,gaussian,2.0,0.03185633472553514,0.9393294401751017,0.030636292223093164,63.14895915161037,63.17959544383346,4.168261034971995,8.752288288285778,6.513852613039809,12.810517013047422
00000760,constant,3.0,0.03185633472553514,0.9136689625386434,5.966516103692072,63.14895915161037,69.11547525530244,4.168261034971995,4.116631812443457,6.513852613039809,6.375690339225355
00000760,rademacher,3.0,0.03185633472553514,0.9096307438526535,0.10732521602513856,63.14895915161037,63.25628436763551,4.168261034971995,10.016191162249106,6.513852613039809,14.726648922402969
00000760,gaussian,3.0,0.03185633472553514,0.9111614634784989,0.1532800786456221,63.14895915161037,62.99567907296475,4.168261034971995,11.877773673406029,6.513852613039809,17.20367529788854
00000761,constant,1.0,0.031120769723256714,0.9718037832144177,1.8802759265754787,64.83035192330176,66.71062784987724,9.2239593472612,9.2239593472612,9.561590889807128,9.561590889807128
00000761,rademacher,1.0,0.031120769723256714,0.9705146342677179,0.029931018356123218,64.83035192330176,64.80042090494564,9.2239593472612,10.072055300457441,9.561590889807128,10.800672142505093
00000761,gaussian,1.0,0.031120769723256714,0.971523039819011,0.05018354163665606,64.83035192330176,64.7801683816651,9.2239593472612,10.5694567500674,9.561590889807128,11.356018281089163
00000761,constant,2.0,0.031120769723256714,0.9451588489375411,3.760551853150943,64.83035192330176,68.5909037764527,9.2239593472612,9.2239593472612,9.561590889807128,9.561590889807128
00000761,rademacher,2.0,0.031120769723256714,0.9419056095364573,0.05988887372271279,64.83035192330176,64.77046304957905,9.2239593472612,11.86932772881708,9.561590889807128,13.354466790017186
00000761,gaussian,2.0,0.031120769723256714,0.9439679947288734,0.050845457427897145,64.83035192330176,64.88119738072966,9.2239593472612,12.8347474225302,9.561590889807128,15.008920059011476
00000761,constant,3.0,0.031120769723256714,0.919945183388443,5.640477025605051,64.83035192330176,70.47082894890681,9.2239593472612,9.223340908256308,9.561590889807128,9.562320437675222
00000761,rademacher,3.0,0.031120769723256714,0.9139622641509434,0.07172720104705377,64.83035192330176,64.75862472225471,9.2239593472612,14.036382271444516,9.561590889807128,16.36243212679768
00000761,gaussian,3.0,0.031120769723256714,0.9156991094951958,0.3511048754822781,64.83035192330176,64.47924704781948,9.2239593472612,15.738429598227782,9.561590889807128,19.118468347883333
00000762,constant,1.0,0.02352485296966894,0.9787789808527558,2.0,93.64047897196262,95.64047897196262,58.514275052362414,58.514275052362414,70.47775654186785,70.47775654186785
00000762,rademacher,1.0,0.02352485296966894,0.9785330229077969,0.004779293318165401,93.64047897196262,93.63569967864446,58.514275052362414,58.76408028976235,70.47775654186785,70.82373637283278
00000762,gaussian,1.0,0.02352485296966894,0.9796020054468928,0.11448598130841958,93.64047897196262,93.5259929906542,58.514275052362414,59.05897560240481,70.47775654186785,71.16755330612071
00000762,constant,2.0,0.02352485296966894,0.9585202935450052,4.0,93.64047897196262,97.64047897196262,58.514275052362414,58.514275052362414,70.47775654186785,70.47775654186785
00000762,rademacher,2.0,0.02352485296966894,0.9575887050124109,0.16442757009346565,93.64047897196262,93.47605140186916,58.514275052362414,59.770295294188884,70.47775654186785,72.07059369053253
00000762,gaussian,2.0,0.02352485296966894,0.9573056189537964,0.1057242990654288,93.64047897196262,93.5347546728972,58.514275052362414,60.31086801887999,70.47775654186785,72.78712120788538
00000762,constant,3.0,0.02352485296966894,0.939121809206858,6.0,93.64047897196262,99.64047897196262,58.514275052362414,58.514275052362414,70.47775654186785,70.47775654186785
00000762,rademacher,3.0,0.02352485296966894,0.9371405704792596,0.3290562433619755,93.64047897196262,93.31142272860065,58.514275052362414,60.706306758537025,70.47775654186785,73.43368471755781
00000762,gaussian,3.0,0.02352485296966894,0.9362952799453588,0.16734813084111977,93.64047897196262,93.80782710280374,58.514275052362414,61.66350981704518,70.47775654186785,74.78411836730226
00000763,constant,1.0,0.030911241354475805,0.9720059322379111,1.8953072282997567,65.8725079235252,67.76781515182496,8.24350571925643,8.243505719256424,11.15383593652146,11.15383593652146
00000763,rademacher,1.0,0.030911241354475805,0.9707589090959187,0.10581740108374049,65.8725079235252,65.76669052244146,8.24350571925643,9.029613605227697,11.15383593652146,12.258461806730528
00000763,gaussian,1.0,0.030911241354475805,0.9715917265361221,0.03772620386463643,65.8725079235252,65.83478171966057,8.24350571925643,9.452712848253432,11.15383593652146,12.535298859286415
00000763,constant,2.0,0.030911241354475805,0.9455448450763757,3.7906144565995277,65.8725079235252,69.66312238012473,8.24350571925643,8.243505719256428,11.15383593652146,11.15383593652146
00000763,rademacher,2.0,0.030911241354475805,0.9425200542115729,0.002964932011039423,65.8725079235252,65.86954299151417,8.24350571925643,10.769973365615083,11.15383593652146,14.57666454066281
00000763,gaussian,2.0,0.030911241354475805,0.9431499537184542,0.16688420164381057,65.8725079235252,65.7056237218814,8.24350571925643,11.867801827028657,11.15383593652146,16.19448915480091
00000763,constant,3.0,0.030911241354475805,0.9204954922775785,5.685921684899284,65.8725079235252,71.55842960842449,8.24350571925643,8.243505719256424,11.15383593652146,11.15383593652146
00000763,rademacher,3.0,0.030911241354475805,0.9150057979687014,0.21040793374911004,65.8725079235252,65.6620999897761,8.24350571925643,12.837267423289445,11.15383593652146,17.45720906032815
00000763,gaussian,3.0,0.030911241354475805,0.9142226154978697,0.13457336319800106,65.8725079235252,65.7379345603272,8.24350571925643,14.811855786705877,11.15383593652146,20.256981691092445
00000764,constant,1.0,0.024204174440298508,0.9766430173896209,2.0,83.756591796875,85.756591796875,4.2450655321983035,4.245065532198305,5.913528852473542,5.913528852473542
00000764,rademacher,1.0,0.024204174440298508,0.9763567153556002,0.05517578125,83.756591796875,83.701416015625,4.2450655321983035,5.188306769724059,5.913528852473542,7.360162957255304
00000764,gaussian,1.0,0.024204174440298508,0.9765836569597935,0.0048828125,83.756591796875,83.761474609375,4.2450655321983035,5.764073150124201,5.913528852473542,8.156739109906212
00000764,constant,2.0,0.024204174440298508,0.9543655044054273,4.0,83.756591796875,87.756591796875,4.2450655321983035,4.245065532198303,5.913528852473542,5.913528852473542
00000764,rademacher,2.0,0.024204174440298508,0.9532586703143257,0.16015625,83.756591796875,83.596435546875,4.2450655321983035,7.337362329297165,5.913528852473542,10.31199767722624
00000764,gaussian,2.0,0.024204174440298508,0.953125178020075,0.09521484375,83.756591796875,83.661376953125,4.2450655321983035,8.658869721395638,5.913528852473542,12.211648870295265
00000764,constant,3.0,0.024204174440298508,0.9330892533164327,6.0,83.756591796875,89.756591796875,4.2450655321983035,4.245065532198303,5.913528852473542,5.913528852473542
00000764,rademacher,3.0,0.024204174440298508,0.9307244010248036,0.0703125,83.756591796875,83.686279296875,4.2450655321983035,9.94694589060207,5.913528852473542,14.149198126184505
00000764,gaussian,3.0,0.024204174440298508,0.9301338060866996,0.04052734375,83.756591796875,83.716064453125,4.2450655321983035,12.098536299030268,5.913528852473542,17.194342056617437
00000765,constant,1.0,0.029509189579741753,0.9764916139675557,1.7953637090327703,75.26159072741807,77.05695443645084,16.370710914718643,16.370710914718643,34.18691291864883,34.18691291864883
00000765,rademacher,1.0,0.029509189579741753,0.9749102907707775,0.0465477188163419,75.26159072741807,75.21504300860173,16.370710914718643,16.74180594762486,34.18691291864883,34.41007521610371
00000765,gaussian,1.0,0.029509189579741753,0.9755039028347734,0.07926365824573622,75.26159072741807,75.18232706917233,16.370710914718643,17.07948801314412,34.18691291864883,34.876344554292885
00000765,constant,2.0,0.029509189579741753,0.9541719470776093,3.5907274180655406,75.26159072741807,78.85231814548361,16.370710914718643,16.370710914718643,34.18691291864883,34.18691291864883
00000765,rademacher,2.0,0.029509189579741753,0.9503030963576538,0.19556431685384723,75.26159072741807,75.06602641056422,16.370710914718643,17.887826955636413,34.18691291864883,35.843990013841214
00000765,gaussian,2.0,0.029509189579741753,0.9513850822112474,0.2397689055962502,75.26159072741807,75.02182182182182,16.370710914718643,18.505937385930572,34.18691291864883,36.36981025733874
00000765,constant,3.0,0.029509189579741753,0.9328867874967166,5.386091127098325,75.26159072741807,80.64768185451639,16.370710914718643,16.370710914718643,34.18691291864883,34.18691291864883
00000765,rademacher,3.0,0.029509189579741753,0.926703357323378,0.26759793606844084,75.26159072741807,74.99399279134963,16.370710914718643,19.161684813130677,34.18691291864883,37.50485704932148
00000765,gaussian,3.0,0.029509189579741753,0.9253222274081786,0.2932350294408934,75.26159072741807,74.96835569797717,16.370710914718643,20.56214083849344,34.18691291864883,38.82687884921273
00000766,constant,1.0,0.0251376207819854,0.9767147208121827,2.0,84.16794961511546,86.16794961511546,10.40292512445812,10.402925124458118,19.31884154624736,19.31884154624736
00000766,rademacher,1.0,0.0251376207819854,0.9764151718922118,0.06543037088873405,84.16794961511546,84.10251924422673,10.40292512445812,11.108264542575693,19.31884154624736,20.232989468568714
00000766,gaussian,1.0,0.0251376207819854,0.9773835464375282,0.028691392582217645,84.16794961511546,84.13925822253324,10.40292512445812,11.464103752501277,19.31884154624736,20.91486901943267
00000766,constant,2.0,0.0251376207819854,0.9545270543786264,4.0,84.16794961511546,88.16794961511546,10.40292512445812,10.402925124458118,19.31884154624736,19.31884154624736
00000766,rademacher,2.0,0.0251376207819854,0.953406984684421,0.12769760251482865,84.16794961511546,84.04025201260063,10.40292512445812,12.561206502654379,19.31884154624736,22.04771079452807
00000766,gaussian,2.0,0.0251376207819854,0.9549151688497416,0.12627105038366437,84.16794961511546,84.29422066549913,10.40292512445812,13.37582455019044,19.31884154624736,22.896539849660044
00000766,constant,3.0,0.0251376207819854,0.9333322985222898,6.0,84.16794961511546,90.16794961511546,10.40292512445812,10.402925124458118,19.31884154624736,19.31884154624736
00000766,rademacher,3.0,0.0251376207819854,0.9309301222639326,0.19105077017322003,84.16794961511546,83.97689884494224,10.40292512445812,14.65583216158742,19.31884154624736,25.291875373809148
00000766,gaussian,3.0,0.0251376207819854,0.9326149990763126,0.14588576141693466,84.16794961511546,84.3138353765324,10.40292512445812,16.02603606988532,19.31884154624736,26.322384825106308
00000767,constant,1.0,0.029291484770936824,0.9718737427306975,2.0,69.20355902777777,71.20355902777777,4.843824096522566,4.843824096522565,5.962504712155367,5.962504712155367
00000767,rademacher,1.0,0.029291484770936824,0.971453667105841,0.064453125,69.20355902777777,69.13910590277777,4.843824096522566,5.7638554619288085,5.962504712155367,7.264599995898114
00000767,gaussian,1.0,0.029291484770936824,0.9724371874453779,0.0361328125,69.20355902777777,69.16742621527777,4.843824096522566,6.227639718451481,5.962504712155367,8.058534384884515
00000767,constant,2.0,0.029291484770936824,0.9452989856677205,4.0,69.20355902777777,73.20355902777777,4.843824096522566,4.843824096522566,5.962504712155367,5.962504712155367
00000767,rademacher,2.0,0.029291484770936824,0.9437153853660917,0.08355034722221433,69.20355902777777,69.12000868055556,4.843824096522566,7.855496512937718,5.962504712155367,10.653516124087332
00000767,gaussian,2.0,0.029291484770936824,0.9432801985650714,0.1796875,69.20355902777777,69.02387152777777,4.843824096522566,9.212049583573325,5.962504712155367,12.185051170856944
00000767,constant,3.0,0.029291484770936824,0.9201494798505202,6.0,69.20355902777777,75.20355902777777,4.843824096522566,4.843824096522566,5.962504712155367,5.962504712155367
00000767,rademacher,3.0,0.029291484770936824,0.9168084454036636,0.01171875,69.20355902777777,69.19184027777777,4.843824096522566,10.316170623648256,5.962504712155367,13.891794746401441
00000767,gaussian,3.0,0.029291484770936824,0.9194089467687876,0.014322916666657193,69.20355902777777,69.18923611111111,4.843824096522566,12.232221688712324,5.962504712155367,16.646739779311748
00000768,constant,1.0,0.02889983116290663,0.9741784145106681,1.9244573577166193,72.68672021876603,74.61117757648265,20.717239192362783,20.7079489843501,24.025760295036022,24.011454567033585
00000768,rademacher,1.0,0.02889983116290663,0.9733264654086299,0.005245593199788345,72.68672021876603,72.69196581196582,20.717239192362783,20.97268482198283,24.025760295036022,24.380591420894717
00000768,gaussian,1.0,0.02889983116290663,0.973855632781407,0.018749866704055762,72.68672021876603,72.70547008547008,20.717239192362783,21.160629368340384,24.025760295036022,24.661157658684502
00000768,constant,2.0,0.02889983116290663,0.9496694953104065,3.848743804477863,72.68672021876603,76.53546402324389,20.717239192362783,20.69880698941278,24.025760295036022,24.000000639845528
00000768,rademacher,2.0,0.02889983116290663,0.9473968637795852,0.014527431208350094,72.68672021876603,72.67219278755768,20.717239192362783,21.83438087079674,24.025760295036022,25.65589486483211
00000768,gaussian,2.0,0.02889983116290663,0.948759315446454,0.012532184577992211,72.68672021876603,72.67418803418803,20.717239192362783,22.03733640947797,24.025760295036022,26.372976206270465
00000768,constant,3.0,0.02889983116290663,0.926369583259814,5.773030251239106,72.68672021876603,78.45975047000513,20.717239192362783,20.68971085468981,24.025760295036022,23.98878765470642
00000768,rademacher,3.0,0.02889983116290663,0.9218900740539439,0.2982777499679372,72.68672021876603,72.38844246879809,20.717239192362783,22.973706651580574,24.025760295036022,27.26773015370727
00000768,gaussian,3.0,0.02889983116290663,0.9219037697176958,0.3191988512446642,72.68672021876603,72.36752136752136,20.717239192362783,23.987196218918637,24.025760295036022,29.385975065852225
00000769,constant,1.0,0.03359946723889156,0.9677102905458045,1.8333333333333357,54.993408203125,56.826741536458336,3.1982396262871564,3.198239626287157,4.6960381933467685,4.6960381933467685
00000769,rademacher,1.0,0.03359946723889156,0.9657133543283252,0.05712890625,54.993408203125,54.936279296875,3.1982396262871564,4.3331983520348025,4.6960381933467685,6.184050493279227
00000769,gaussian,1.0,0.03359946723889156,0.9675275331922459,0.19921875,54.993408203125,54.794189453125,3.1982396262871564,4.9094884211361505,4.6960381933467685,7.013927174125783
00000769,constant,2.0,0.03359946723889156,0.9374523105950251,3.6666666666666643,54.993408203125,58.660074869791664,3.1982396262871564,3.198239626287155,4.6960381933467685,4.6960381933467685
00000769,rademacher,2.0,0.03359946723889156,0.9325195452332541,0.14794921875,54.993408203125,54.845458984375,3.1982396262871564,6.596449758455418,4.6960381933467685,9.26631417041441
00000769,gaussian,2.0,0.03359946723889156,0.9314809645487535,0.1767578125,54.993408203125,54.816650390625,3.1982396262871564,8.110033278791269,4.6960381933467685,11.544684984270875
00000769,constant,3.0,0.03359946723889156,0.9090364865701117,5.5,54.993408203125,60.493408203125,3.1982396262871564,3.198239626287157,4.6960381933467685,4.6960381933467685
00000769,rademacher,3.0,0.03359946723889156,0.9001484110704501,0.367919921875,54.993408203125,54.62548828125,3.1982396262871564,9.220849441744301,4.6960381933467685,13.273990510623975
00000769,gaussian,3.0,0.03359946723889156,0.9011137588940155,0.1250920966710254,54.993408203125,54.868316106453975,3.1982396262871564,11.37410571084999,4.6960381933467685,16.445132036516867
00000770,constant,1.0,0.027288060687216852,0.975184053486484,1.875,73.751953125,75.626953125,3.9747576925577235,3.974757692557724,5.417831725479167,5.417831725479167
00000770,rademacher,1.0,0.027288060687216852,0.9740740498719223,0.0096435546875,73.751953125,73.7615966796875,3.9747576925577235,4.9406345943865215,5.417831725479167,6.759342698116811
00000770,gaussian,1.0,0.027288060687216852,0.9747543656973106,0.029541015625,73.751953125,73.781494140625,3.9747576925577235,5.551686968842161,5.417831725479167,7.703310899179511
00000770,constant,2.0,0.027288060687216852,0.951577438611413,3.75,73.751953125,77.501953125,3.9747576925577235,3.9747576925577235,5.417831725479167,5.417831725479167
00000770,rademacher,2.0,0.027288060687216852,0.948678651714426,0.2021484375,73.751953125,73.5498046875,3.9747576925577235,7.071436063850987,5.417831725479167,9.952703097553378
00000770,gaussian,2.0,0.027288060687216852,0.9497873824870354,0.1220703125,73.751953125,73.6298828125,3.9747576925577235,8.360150627356767,5.417831725479167,11.763358901648607
00000770,constant,3.0,0.027288060687216852,0.9290938617832416,5.625,73.751953125,79.376953125,3.9747576925577235,3.9747576925577235,5.417831725479167,5.417831725479167
00000770,rademacher,3.0,0.027288060687216852,0.9238752337611774,0.315673828125,73.751953125,73.436279296875,3.9747576925577235,9.630392062763649,5.417831725479167,13.500097553239378
00000770,gaussian,3.0,0.027288060687216852,0.9254551804535139,0.1129150390625,73.751953125,73.6390380859375,3.9747576925577235,11.577431818318434,5.417831725479167,15.939310289776309
00000771,constant,1.0,0.02807274267615261,0.9767365322952223,1.7966019417475678,75.65533980582525,77.45194174757282,18.043855028625003,18.00433113985722,26.860056621410813,26.793037015471146
00000771,rademacher,1.0,0.02807274267615261,0.9751257349070545,0.07728688035790299,75.65533980582525,75.57805292546735,18.043855028625003,18.410264919196397,26.860056621410813,27.38266331668017
00000771,gaussian,1.0,0.02807274267615261,0.9758430511904045,0.0548543689320411,75.65533980582525,75.60048543689321,18.043855028625003,18.693695856512146,26.860056621410813,27.73851116440011
00000771,constant,2.0,0.02807274267615261,0.9545688466840251,3.5922330097087354,75.65533980582525,79.24757281553399,18.043855028625003,17.96574260274089,26.860056621410813,26.732060561733807
00000771,rademacher,2.0,0.02807274267615261,0.9509261667570219,0.11246878323598253,75.65533980582525,75.54287102258927,18.043855028625003,19.388069391985695,26.860056621410813,28.339671910505054
00000771,gaussian,2.0,0.02807274267615261,0.9513182612186272,0.14464461865946987,75.65533980582525,75.51069518716578,18.043855028625003,19.910996974499454,26.860056621410813,29.32488438943629
00000771,constant,3.0,0.02807274267615261,0.9333990307140247,5.387864077669903,75.65533980582525,81.04320388349515,18.043855028625003,17.92817043141659,26.860056621410813,26.67169656633302
00000771,rademacher,3.0,0.02807274267615261,0.9270146088595664,0.26759959663040433,75.65533980582525,75.38774020919485,18.043855028625003,20.810355490868048,26.860056621410813,30.63340348715604
00000771,gaussian,3.0,0.02807274267615261,0.9285845009476364,0.17639115651884651,75.65533980582525,75.4789486493064,18.043855028625003,21.630833418259073,26.860056621410813,31.66914949141159
00000772,constant,1.0,0.027558747010397042,0.9751947508027363,1.8571428571428612,73.0927734375,74.94991629464286,3.770738314557822,3.770738314557826,5.284517404073062,5.284517404073062
00000772,rademacher,1.0,0.027558747010397042,0.973935413348913,0.0588727678571388,73.0927734375,73.03390066964286,3.770738314557822,4.807380515178402,5.284517404073062,6.683634033785496
00000772,gaussian,1.0,0.027558747010397042,0.9748882508309312,0.0354352678571388,73.0927734375,73.05733816964286,3.770738314557822,5.304086120077195,5.284517404073062,7.498504785084655
00000772,constant,2.0,0.027558747010397042,0.9515989581252066,3.714285714285708,73.0927734375,76.80705915178571,3.770738314557822,3.7707383145578235,5.284517404073062,5.284517404073062
00000772,rademacher,2.0,0.027558747010397042,0.9485550531271516,0.0887276785714306,73.0927734375,73.00404575892857,3.770738314557822,6.904330079305498,5.284517404073062,9.731990238306151
00000772,gaussian,2.0,0.027558747010397042,0.9473645078004324,0.0186941964285694,73.0927734375,73.07407924107143,3.770738314557822,8.518301671917579,5.284517404073062,12.083566662071034
00000772,constant,3.0,0.027558747010397042,0.9291246277907932,5.571428571428569,73.0927734375,78.66420200892857,3.770738314557822,3.770738314557824,5.284517404073062,5.284517404073062
00000772,rademacher,3.0,0.027558747010397042,0.9236501604498484,0.3277064732142918,73.0927734375,72.76506696428571,3.770738314557822,9.51679979570901,5.284517404073062,13.370947479163874
00000772,gaussian,3.0,0.027558747010397042,0.9232870915513689,0.3422154017857082,73.0927734375,72.75055803571429,3.770738314557822,11.53997009209063,5.284517404073062,16.1733461704458
00000773,constant,1.0,0.025443305777982157,0.9768093528324696,1.8759765625,79.10888671875,80.98486328125,3.902856025826905,3.89076133699165,5.1023974773982825,5.101294447197538
00000773,rademacher,1.0,0.025443305777982157,0.9757702903997475,0.01953125,79.10888671875,79.08935546875,3.902856025826905,4.889956365985632,5.1023974773982825,6.580248681121914
00000773,gaussian,1.0,0.025443305777982157,0.9759241144936007,0.1505126953125,79.10888671875,78.9583740234375,3.902856025826905,5.504722602067515,5.1023974773982825,7.417595113568032
00000773,constant,2.0,0.025443305777982157,0.9546882227977596,3.75146484375,79.10888671875,82.8603515625,3.902856025826905,3.8806766894446194,5.1023974773982825,5.099781557808006
00000773,rademacher,2.0,0.025443305777982157,0.9520792974786115,0.1435546875,79.10888671875,78.96533203125,3.902856025826905,7.0270782346610545,5.1023974773982825,9.742075687390074
00000773,gaussian,2.0,0.025443305777982157,0.95308292012845,0.0771484375,79.10888671875,79.18603515625,3.902856025826905,8.233761401700459,5.1023974773982825,11.546039213485052
00000773,constant,3.0,0.025443305777982157,0.9335535537554401,5.6268310546875,79.10888671875,84.7357177734375,3.902856025826905,3.871454388077268,5.1023974773982825,5.099120459087532
00000773,rademacher,3.0,0.025443305777982157,0.9290435062257035,0.049072265625,79.10888671875,79.059814453125,3.902856025826905,9.55279984636733,5.1023974773982825,13.18769924881677
00000773,gaussian,3.0,0.025443305777982157,0.9278419681681119,0.017333984375,79.10888671875,79.091552734375,3.902856025826905,11.841579183384777,5.1023974773982825,16.4906864343803
00000776,constant,1.0,0.02506605620393449,0.9762274247212226,2.0,82.17510548523207,84.17510548523207,14.942401756510632,14.942401756510632,13.335097892417153,13.335097892417153
00000776,rademacher,1.0,0.02506605620393449,0.9759373890100969,0.029360056258795453,82.17510548523207,82.14574542897327,14.942401756510632,15.550993642186684,13.335097892417153,14.291321479101628
00000776,gaussian,1.0,0.02506605620393449,0.9764798159823086,0.010021097046418959,82.17510548523207,82.18512658227849,14.942401756510632,15.891485956697002,13.335097892417153,14.843096522896204
00000776,constant,2.0,0.02506605620393449,0.953568601529284,4.0,82.17510548523207,86.17510548523207,14.942401756510632,14.942401756510629,13.335097892417153,13.335097892417153
00000776,rademacher,2.0,0.02506605620393449,0.9524783940499333,0.05999210576494818,82.17510548523207,82.23509759099701,14.942401756510632,16.99371711472169,13.335097892417153,16.459815598399107
00000776,gaussian,2.0,0.02506605620393449,0.9556072323321887,0.10141166516370959,82.17510548523207,82.27651715039578,14.942401756510632,17.7455481097162,13.335097892417153,17.857160283738935
00000776,constant,3.0,0.02506605620393449,0.9319396259520676,6.0,82.17510548523207,88.17510548523207,14.942401756510632,14.942401756510632,13.335097892417153,13.335097892417153
00000776,rademacher,3.0,0.02506605620393449,0.9295630191404839,0.03621659634318064,82.17510548523207,82.21132208157525,14.942401756510632,18.89095555570339,13.335097892417153,19.526559400578115
00000776,gaussian,3.0,0.02506605620393449,0.93069719386019,0.300791770221835,82.17510548523207,82.4758972554539,14.942401756510632,20.22723475733236,13.335097892417153,21.550413718091416
00000777,constant,1.0,0.027185955765280448,0.9752630105332943,1.875,73.988037109375,75.863037109375,3.8488609146691464,3.8488609146691455,5.263867424671533,5.263867424671533
00000777,rademacher,1.0,0.027185955765280448,0.974150118572955,0.0135498046875,73.988037109375,73.9744873046875,3.8488609146691464,4.8497181714063125,5.263867424671533,6.7140519782142425
00000777,gaussian,1.0,0.027185955765280448,0.9748303665126223,0.0303955078125,73.988037109375,73.9576416015625,3.8488609146691464,5.40370864272313,5.263867424671533,7.378864863763987
00000777,constant,2.0,0.027185955765280448,0.9517277874961135,3.75,73.988037109375,77.738037109375,3.8488609146691464,3.848860914669147,5.263867424671533,5.263867424671533
00000777,rademacher,2.0,0.027185955765280448,0.9488442152830079,0.142333984375,73.988037109375,73.845703125,3.8488609146691464,7.021837775220595,5.263867424671533,9.938375864660195
00000777,gaussian,2.0,0.027185955765280448,0.9498079686185165,0.0399169921875,73.988037109375,73.9481201171875,3.8488609146691464,8.37683764731974,5.263867424671533,11.689097384372218
00000777,constant,3.0,0.027185955765280448,0.9293074104172097,5.625,73.988037109375,79.613037109375,3.8488609146691464,3.8488609146691455,5.263867424671533,5.263867424671533
00000777,rademacher,3.0,0.027185955765280448,0.9244323252984877,0.0443115234375,73.988037109375,73.9437255859375,3.8488609146691464,9.596254087008678,5.263867424671533,13.505451851576098
00000777,gaussian,3.0,0.027185955765280448,0.9231985115805711,0.332763671875,73.988037109375,73.6552734375,3.8488609146691464,11.848824019068623,5.263867424671533,16.601130688172834
00000778,constant,1.0,0.025859122286324074,0.9749947672918144,1.7142857142857224,66.94056919642857,68.65485491071429,3.4769102226485384,3.4769102226485384,5.154790059300984,5.154790059300984
00000778,rademacher,1.0,0.025859122286324074,0.9725062990958945,0.1900111607142776,66.94056919642857,66.75055803571429,3.4769102226485384,4.542376738867724,5.154790059300984,6.479571756324215
00000778,gaussian,1.0,0.025859122286324074,0.9741394042591742,0.109375,66.94056919642857,66.83119419642857,3.4769102226485384,5.032946790306724,5.154790059300984,7.259296729965021
00000778,constant,2.0,0.025859122286324074,0.9512246378822904,3.4285714285714306,66.94056919642857,70.369140625,3.4769102226485384,3.476910222648538,5.154790059300984,5.154790059300984
00000778,rademacher,2.0,0.025859122286324074,0.9457675560741394,0.3364955357142776,66.94056919642857,66.60407366071429,3.4769102226485384,6.679267455290855,5.154790059300984,9.301362922865883
00000778,gaussian,2.0,0.025859122286324074,0.945951713639403,0.296875,66.94056919642857,66.64369419642857,3.4769102226485384,8.064056034283166,5.154790059300984,11.415850484546313
00000778,constant,3.0,0.025859122286324074,0.9285895383876955,5.142857142857139,66.94056919642857,72.08342633928571,3.4769102226485384,3.4769102226485384,5.154790059300984,5.154790059300984
00000778,rademacher,3.0,0.025859122286324074,0.9198712869102238,0.36328125,66.94056919642857,66.57728794642857,3.4769102226485384,9.058780315538328,5.154790059300984,12.799839587569164
00000778,gaussian,3.0,0.025859122286324074,0.9215891354369479,0.5899832589285694,66.94056919642857,66.3505859375,3.4769102226485384,11.21159045314066,5.154790059300984,16.06583146473909
00000779,constant,1.0,0.026803672478297572,0.9765423052655147,1.7999999999999972,74.967578125,76.767578125,3.839638187639057,3.839638187639057,5.893775961212481,5.893775961212481
00000779,rademacher,1.0,0.026803672478297572,0.9749359494290165,0.12929687500000853,74.967578125,74.83828125,3.839638187639057,4.835962719399212,5.893775961212481,7.117291893744701
00000779,gaussian,1.0,0.026803672478297572,0.9758332667973347,0.10175781249999716,74.967578125,74.8658203125,3.839638187639057,5.383475311847829,5.893775961212481,7.883496967936655
00000779,constant,2.0,0.026803672478297572,0.9541646572168665,3.5999999999999943,74.967578125,78.567578125,3.839638187639057,3.839638187639056,5.893775961212481,5.893775961212481
00000779,rademacher,2.0,0.026803672478297572,0.9504417030828864,0.2535156250000057,74.967578125,74.7140625,3.839638187639057,6.992538794524123,5.893775961212481,10.054174421378223
00000779,gaussian,2.0,0.026803672478297572,0.9515989297999745,0.341796875,74.967578125,74.62578125,3.839638187639057,8.175205279343155,5.893775961212481,11.75767389790639
00000779,constant,3.0,0.026803672478297572,0.9327941440937878,5.3999999999999915,74.967578125,80.367578125,3.839638187639057,3.839638187639056,5.893775961212481,5.893775961212481
00000779,rademacher,3.0,0.026803672478297572,0.9264570378389265,0.4781250000000057,74.967578125,74.489453125,3.839638187639057,9.477924813379612,5.893775961212481,13.523418524047921
00000779,gaussian,3.0,0.026803672478297572,0.9266857450371928,0.2914062500000085,74.967578125,74.676171875,3.839638187639057,11.642457615131542,5.893775961212481,16.43263916132057
00000780,constant,1.0,0.02682882461474494,0.9765784605077162,1.7999999999999972,75.163671875,76.963671875,3.6767193645481306,3.6767193645481293,5.663602603014427,5.663602603014427
00000780,rademacher,1.0,0.02682882461474494,0.9749447310243183,0.09101562500001137,75.163671875,75.07265625,3.6767193645481306,4.665333594863321,5.663602603014427,6.8953467599961895
00000780,gaussian,1.0,0.02682882461474494,0.9749067123453017,0.11953125000000853,75.163671875,75.044140625,3.6767193645481306,5.3450607308303315,5.663602603014427,7.922893736205789
00000780,constant,2.0,0.02682882461474494,0.9542431471351132,3.5999999999999943,75.163671875,78.763671875,3.6767193645481306,3.6767193645481284,5.663602603014427,5.663602603014427
00000780,rademacher,2.0,0.02682882461474494,0.950669324689686,0.09726562500000568,75.163671875,75.06640625,3.6767193645481306,6.8966913011177295,5.663602603014427,10.102133238222716
00000780,gaussian,2.0,0.02682882461474494,0.950895656124907,0.20644531250000853,75.163671875,74.9572265625,3.6767193645481306,8.152397715656335,5.663602603014427,11.732049138124136
00000780,constant,3.0,0.02682882461474494,0.9329134362226715,5.3999999999999915,75.163671875,80.563671875,3.6767193645481306,3.6767193645481298,5.663602603014427,5.663602603014427
00000780,rademacher,3.0,0.02682882461474494,0.9267891025849904,0.1787109375,75.163671875,74.9849609375,3.6767193645481306,9.383779219209663,5.663602603014427,13.310421156678322
00000780,gaussian,3.0,0.02682882461474494,0.9268092723799208,0.21425781250000853,75.163671875,74.9494140625,3.6767193645481306,11.47582615332523,5.663602603014427,16.426415419719863
00000781,constant,1.0,0.02506880111632234,0.9757794955440513,2.0,80.6236328125,82.6236328125,6.571583920276592,6.571583920276597,8.609825868620852,8.609825868620852
00000781,rademacher,1.0,0.02506880111632234,0.9754740737549131,0.056640625,80.6236328125,80.5669921875,6.571583920276592,7.345816351962216,8.609825868620852,9.690267948381944
00000781,gaussian,1.0,0.02506880111632234,0.9759493428546814,0.0224609375,80.6236328125,80.64609375,6.571583920276592,7.903782312728703,8.609825868620852,10.443138235433517
00000781,constant,2.0,0.02506880111632234,0.9527133071142377,4.0,80.6236328125,84.6236328125,6.571583920276592,6.571583920276599,8.609825868620852,8.609825868620852
00000781,rademacher,2.0,0.02506880111632234,0.9515957572464624,0.109375,80.6236328125,80.7330078125,6.571583920276592,9.148243697458948,8.609825868620852,12.21582960509383
00000781,gaussian,2.0,0.02506880111632234,0.9516015495818964,0.12109375,80.6236328125,80.7447265625,6.571583920276592,10.427144422478912,8.609825868620852,14.04267898232437
00000781,constant,3.0,0.02506880111632234,0.9307145450076999,6.0,80.6236328125,86.6236328125,6.571583920276592,6.571583920276595,8.609825868620852,8.609825868620852
00000781,rademacher,3.0,0.02506880111632234,0.9282718443882731,0.1171875,80.6236328125,80.7408203125,6.571583920276592,11.46457152751131,8.609825868620852,15.614153947396005
00000781,gaussian,3.0,0.02506880111632234,0.9289626160806413,0.1455078125,80.6236328125,80.769140625,6.571583920276592,13.36000846081816,8.609825868620852,17.79082431389987
00000782,constant,1.0,0.025336535090794362,0.9765958994680691,1.6840968687336044,70.40814437760297,72.09224124633657,17.39987019532688,17.39987019532688,24.04517212094965,24.04517212094965
00000782,rademacher,1.0,0.025336535090794362,0.9741678967668206,0.11306493907142112,70.40814437760297,70.29507943853154,17.39987019532688,17.96189612329597,24.04517212094965,24.57731747918748
00000782,gaussian,1.0,0.025336535090794362,0.9738389405637189,0.21672065401820362,70.40814437760297,70.19142372358476,17.39987019532688,18.445923543204454,24.04517212094965,25.19981695685681
00000782,constant,2.0,0.025336535090794362,0.9542782112719639,3.368193737467223,70.40814437760297,73.77633811507019,17.39987019532688,17.39987019532688,24.04517212094965,24.04517212094965
00000782,rademacher,2.0,0.025336535090794362,0.9487574582466594,0.3436680549128539,70.40814437760297,70.06447632269011,17.39987019532688,19.16105372499845,24.04517212094965,26.17669248193089
00000782,gaussian,2.0,0.025336535090794362,0.948581992784789,0.32344829614662274,70.40814437760297,70.08469608145634,17.39987019532688,20.187461892093328,24.04517212094965,27.20930221600131
00000782,constant,3.0,0.025336535090794362,0.9329711144771028,5.0522906062008275,70.40814437760297,75.4604349838038,17.39987019532688,17.39987019532688,24.04517212094965,24.04517212094965
00000782,rademacher,3.0,0.025336535090794362,0.9243334073111189,0.37112447940768334,70.40814437760297,70.03701989819528,17.39987019532688,20.776528055666542,24.04517212094965,28.42575979010793
00000782,gaussian,3.0,0.025336535090794362,0.9264367816091954,0.5577664661422261,70.40814437760297,69.85037791146074,17.39987019532688,21.938367775338502,24.04517212094965,29.87800844427119
00000783,constant,1.0,0.024555535788412502,0.9763991986381481,2.0,82.81044981339619,84.81044981339619,5.43104090412141,5.43104090412141,9.033534229975624,9.033534229975624
00000783,rademacher,1.0,0.024555535788412502,0.9761155267827216,0.01217835395796385,82.81044981339619,82.79827145943823,5.43104090412141,6.268005028992423,9.033534229975624,10.268575791189457
00000783,gaussian,1.0,0.024555535788412502,0.9774181980964256,0.10823021017482404,82.81044981339619,82.91868002357101,5.43104090412141,6.775661380414107,9.033534229975624,10.802637135417928
00000783,constant,2.0,0.024555535788412502,0.9538953413387457,4.0,82.81044981339619,86.81044981339619,5.43104090412141,5.43104090412141,9.033534229975624,9.033534229975624
00000783,rademacher,2.0,0.024555535788412502,0.952769537406137,0.11156943626006921,82.81044981339619,82.69888037713612,5.43104090412141,8.204528146179126,9.033534229975624,13.02359844032834
00000783,gaussian,2.0,0.024555535788412502,0.9527496070002643,0.16624549119579513,82.81044981339619,82.6442043222004,5.43104090412141,9.405986100037891,9.033534229975624,14.253822410514001
00000783,constant,3.0,0.024555535788412502,0.9324116301804333,6.0,82.81044981339619,88.81044981339619,5.43104090412141,5.431040904121411,9.033534229975624,9.033534229975624
00000783,rademacher,3.0,0.024555535788412502,0.9300318713423513,0.025577514771441656,82.81044981339619,82.78487229862475,5.43104090412141,10.624788342879516,9.033534229975624,15.744492505762024
00000783,gaussian,3.0,0.024555535788412502,0.9302780405026302,0.035204233828409315,82.81044981339619,82.77524557956778,5.43104090412141,12.552735185943485,9.033534229975624,19.05797488501958
00000784,constant,1.0,0.028365775651718387,0.9743693930423774,1.9422488526262214,73.99196838347781,75.93421723610403,17.911978156998778,17.87542686396696,21.23979204799513,21.27411183468876
00000784,rademacher,1.0,0.028365775651718387,0.9736623218456106,0.03799082100968576,73.99196838347781,73.95397756246813,17.911978156998778,18.172738783443574,21.23979204799513,21.602287377204842
00000784,gaussian,1.0,0.028365775651718387,0.9739816925851567,0.057496175420695295,73.99196838347781,73.93447220805712,17.911978156998778,18.36104521952207,21.23979204799513,21.97399871946105
00000784,constant,2.0,0.028365775651718387,0.9500680243152138,3.881183069862317,73.99196838347781,77.87315145334013,17.911978156998778,17.836132680886273,21.23979204799513,21.310498057937558
00000784,rademacher,2.0,0.028365775651718387,0.9478976679604698,0.22580747566192372,73.99196838347781,73.76616090781589,17.911978156998778,18.953278888551715,21.23979204799513,23.142249397983438
00000784,gaussian,2.0,0.028365775651718387,0.9491918102541755,0.2447422643603545,73.99196838347781,73.74722611911746,17.911978156998778,19.442165655819785,21.23979204799513,23.566127425003838
00000784,constant,3.0,0.028365775651718387,0.9270515163520646,5.812340642529321,73.99196838347781,79.80430902600713,17.911978156998778,17.79117144608363,21.23979204799513,21.35348932586635
00000784,rademacher,3.0,0.028365775651718387,0.9229251504259718,0.22402244442388053,73.99196838347781,73.76794593905393,17.911978156998778,20.18374590316706,21.23979204799513,24.955891308673014
00000784,gaussian,3.0,0.028365775651718387,0.9239641829801257,0.19109068017826303,73.99196838347781,74.18305906365607,17.911978156998778,21.15650324090708,21.23979204799513,26.113872452746723
00000785,constant,1.0,0.02379875538864049,0.9770549573486226,2.0,85.294921875,87.294921875,4.626146996047063,4.626146996047064,6.827331992669092,6.827331992669092
00000785,rademacher,1.0,0.02379875538864049,0.9767803872954416,0.0625,85.294921875,85.232421875,4.626146996047063,5.580784666333726,6.827331992669092,8.169957212243837
00000785,gaussian,1.0,0.02379875538864049,0.9776244047989764,0.0263671875,85.294921875,85.2685546875,4.626146996047063,5.9893726729437695,6.827331992669092,8.538825148682538
00000785,constant,2.0,0.02379875538864049,0.955154915406236,4.0,85.294921875,89.294921875,4.626146996047063,4.626146996047061,6.827331992669092,6.827331992669092
00000785,rademacher,2.0,0.02379875538864049,0.9541397783320099,0.046875,85.294921875,85.341796875,4.626146996047063,7.6299509901816975,6.827331992669092,11.000183742477535
00000785,gaussian,2.0,0.02379875538864049,0.9532599037703902,0.091796875,85.294921875,85.38671875,4.626146996047063,8.97559428960168,6.827331992669092,12.752293246256647
00000785,constant,3.0,0.02379875538864049,0.9342200971268425,6.0,85.294921875,91.294921875,4.626146996047063,4.626146996047064,6.827331992669092,6.827331992669092
00000785,rademacher,3.0,0.02379875538864049,0.9319337261084834,0.052734375,85.294921875,85.2421875,4.626146996047063,10.169144791236423,6.827331992669092,14.304790938717778
00000785,gaussian,3.0,0.02379875538864049,0.9311486464079237,0.025390625,85.294921875,85.3203125,4.626146996047063,12.210332078665218,6.827331992669092,17.31902992459787
00000787,constant,1.0,0.025658845584345735,0.9774995510727738,1.8668463611859778,81.19137466307278,83.05822102425876,11.648215495234322,11.588441378095048,14.328469432488943,14.303629222704828
00000787,rademacher,1.0,0.025658845584345735,0.9764252730177488,0.08228048622159179,81.19137466307278,81.10909417685119,11.648215495234322,12.071939325433073,14.328469432488943,14.992566366670415
00000787,gaussian,1.0,0.025658845584345735,0.9769645354066053,0.030008984725967025,81.19137466307278,81.16136567834681,11.648215495234322,12.453664509158203,14.328469432488943,15.533603765923015
00000787,constant,2.0,0.025658845584345735,0.9561147897263998,3.7236298292902035,81.19137466307278,84.91500449236298,11.648215495234322,11.5307060707343,14.328469432488943,14.275545830116133
00000787,rademacher,2.0,0.025658845584345735,0.9535285853236788,0.029649595687331498,81.19137466307278,81.22102425876011,11.648215495234322,13.347269711076072,14.328469432488943,16.89132177066009
00000787,gaussian,2.0,0.025658845584345735,0.953307721078655,0.025876010781672676,81.19137466307278,81.1654986522911,11.648215495234322,14.32742021453841,14.328469432488943,18.52370008419002
00000787,constant,3.0,0.025658845584345735,0.9356979841031184,5.576280323450135,81.19137466307278,86.76765498652291,11.648215495234322,11.475089692349568,14.328469432488943,14.25078684206195
00000787,rademacher,3.0,0.025658845584345735,0.9311246954217074,0.010928940570977375,81.19137466307278,81.1804457225018,11.648215495234322,14.961359188164588,14.328469432488943,19.408971651888198
00000787,gaussian,3.0,0.025658845584345735,0.9315608423083106,0.40384994619340375,81.19137466307278,80.78752471687937,11.648215495234322,16.45235788725495,14.328469432488943,21.691968293377087
00000789,constant,1.0,0.02552158276161052,0.9767814360183635,1.875,78.9876708984375,80.8626708984375,4.072090166942175,4.072090166942173,5.638175055242317,5.638175055242317
00000789,rademacher,1.0,0.02552158276161052,0.9757445028607717,0.02490234375,78.9876708984375,79.0125732421875,4.072090166942175,5.036508119106641,5.638175055242317,7.03356452369429
00000789,gaussian,1.0,0.02552158276161052,0.9764171546034044,0.01318359375,78.9876708984375,79.0008544921875,4.072090166942175,5.5806215216630015,5.638175055242317,7.743430023141938
00000789,constant,2.0,0.02552158276161052,0.9546278768850338,3.75,78.9876708984375,82.7376708984375,4.072090166942175,4.072090166942174,5.638175055242317,5.638175055242317
00000789,rademacher,2.0,0.02552158276161052,0.9521365045162498,0.039306640625,78.9876708984375,78.9483642578125,4.072090166942175,7.137983582490197,5.638175055242317,10.118457717977105
00000789,gaussian,2.0,0.02552158276161052,0.9514412804944292,0.092041015625,78.9876708984375,78.8956298828125,4.072090166942175,8.55708883445463,5.638175055242317,12.04475971866629
00000789,constant,3.0,0.02552158276161052,0.933462311420043,5.625,78.9876708984375,84.6126708984375,4.072090166942175,4.072090166942173,5.638175055242317,5.638175055242317
00000789,rademacher,3.0,0.02552158276161052,0.929045661086513,0.0450439453125,78.9876708984375,79.03271484375,4.072090166942175,9.642157818664302,5.638175055242317,13.53834733385634
00000789,gaussian,3.0,0.02552158276161052,0.9277164872707201,0.2335205078125,78.9876708984375,78.754150390625,4.072090166942175,11.938375027201573,5.638175055242317,17.15340707956574
00000790,constant,1.0,0.02556940166515012,0.9767171093968826,1.8753662109375,78.751953125,80.6273193359375,4.359619263705768,4.349515005386943,5.302384993033315,5.30112660110751
00000790,rademacher,1.0,0.02556940166515012,0.9756595275301039,0.076171875,78.751953125,78.67578125,4.359619263705768,5.3136670856550445,5.302384993033315,6.720420155479431
00000790,gaussian,1.0,0.02556940166515012,0.9758895970716184,0.1453857421875,78.751953125,78.6065673828125,4.359619263705768,5.856505598513676,5.302384993033315,7.583580781735867
00000790,constant,2.0,0.02556940166515012,0.9545078589574952,3.7503662109375,78.751953125,82.5023193359375,4.359619263705768,4.349515005386944,5.302384993033315,5.30112660110751
00000790,rademacher,2.0,0.02556940166515012,0.9518876398707592,0.200439453125,78.751953125,78.551513671875,4.359619263705768,7.2966215247249515,5.302384993033315,9.686430854944192
00000790,gaussian,2.0,0.02556940166515012,0.9514297652786862,0.153564453125,78.751953125,78.598388671875,4.359619263705768,8.6900374699208,5.302384993033315,11.774593109395402
00000790,constant,3.0,0.02556940166515012,0.9332915712431841,5.6253662109375,78.751953125,84.3773193359375,4.359619263705768,4.349515005386944,5.302384993033315,5.30112660110751
00000790,rademacher,3.0,0.02556940166515012,0.9287320685491293,0.1500244140625,78.751953125,78.6019287109375,4.359619263705768,9.752742962614704,5.302384993033315,13.335559821492222
00000790,gaussian,3.0,0.02556940166515012,0.928840652919216,0.050048828125,78.751953125,78.802001953125,4.359619263705768,11.794871816583644,5.302384993033315,16.681895875246845
00000792,constant,1.0,0.024089601965510504,0.976707827533393,2.0,83.95078125,85.95078125,4.252346821155212,4.252346821155212,6.33029899368844,6.33029899368844
00000792,rademacher,1.0,0.024089601965510504,0.9764221565493371,0.046875,83.95078125,83.90390625,4.252346821155212,5.2496928112687,6.33029899368844,7.803865014836799
00000792,gaussian,1.0,0.024089601965510504,0.9769822853975839,0.0078125,83.95078125,83.95859375,4.252346821155212,5.7791493238278,6.33029899368844,8.357684509230435
00000792,constant,2.0,0.024089601965510504,0.9544887254444755,4.0,83.95078125,87.95078125,4.252346821155212,4.252346821155211,6.33029899368844,6.33029899368844
00000792,rademacher,2.0,0.024089601965510504,0.953390042418153,0.05859375,83.95078125,83.8921875,4.252346821155212,7.396367527070241,6.33029899368844,10.710265207092608
00000792,gaussian,2.0,0.024089601965510504,0.9526616994040649,0.158203125,83.95078125,83.792578125,4.252346821155212,8.895811310226529,6.33029899368844,12.615476166946177
00000792,constant,3.0,0.024089601965510504,0.9332621138296117,6.0,83.95078125,89.95078125,4.252346821155212,4.252346821155212,6.33029899368844,6.33029899368844
00000792,rademacher,3.0,0.024089601965510504,0.9309407591934103,0.0,83.95078125,83.95078125,4.252346821155212,9.990179143771929,6.33029899368844,14.338305409485809
00000792,gaussian,3.0,0.024089601965510504,0.9291871036130724,0.1201171875,83.95078125,83.8306640625,4.252346821155212,12.294122166785533,6.33029899368844,17.303348266287458
00000793,constant,1.0,0.02537852982514285,0.976784338645908,1.887939453125,79.562744140625,81.45068359375,4.032921617853569,3.989597704443396,5.644392463315874,5.65499898452455
00000793,rademacher,1.0,0.02537852982514285,0.9757967154635298,0.092529296875,79.562744140625,79.47021484375,4.032921617853569,4.980753527777489,5.644392463315874,6.994230925684014
00000793,gaussian,1.0,0.02537852982514285,0.9765022078920202,0.0531005859375,79.562744140625,79.6158447265625,4.032921617853569,5.545343057687436,5.644392463315874,7.824489668543912
00000793,constant,2.0,0.02537852982514285,0.9547340294624337,3.767333984375,79.562744140625,83.330078125,4.032921617853569,3.9618333474842053,5.644392463315874,5.658943309523066
00000793,rademacher,2.0,0.02537852982514285,0.9521546246828787,0.2806396484375,79.562744140625,79.2821044921875,4.032921617853569,7.048191220978703,5.644392463315874,9.721573984465008
00000793,gaussian,2.0,0.02537852982514285,0.9530050125989112,0.024169921875,79.562744140625,79.5869140625,4.032921617853569,8.449728592750041,5.644392463315874,12.091329670714591
00000793,constant,3.0,0.02537852982514285,0.9337121293522502,5.6427001953125,79.562744140625,85.2054443359375,4.032921617853569,3.9517091316559894,5.644392463315874,5.659034967319062
00000793,rademacher,3.0,0.02537852982514285,0.9293794797067896,0.0889892578125,79.562744140625,79.6517333984375,4.032921617853569,9.645897808885522,5.644392463315874,13.725917119302707
00000793,gaussian,3.0,0.02537852982514285,0.927644328637733,0.1751708984375,79.562744140625,79.3875732421875,4.032921617853569,11.888600105856472,5.644392463315874,16.782661856954242
00000795,constant,1.0,0.024694628285994825,0.9760788338990432,2.0,81.72688802083333,83.72688802083333,3.9062875717781256,3.906287571778126,5.580885120685079,5.580885120685079
00000795,rademacher,1.0,0.024694628285994825,0.9757970301897925,0.06640625,81.72688802083333,81.79329427083333,3.9062875717781256,4.914735804601949,5.580885120685079,7.079270567744704
00000795,gaussian,1.0,0.024694628285994825,0.9761868227851089,0.0615234375,81.72688802083333,81.78841145833333,3.9062875717781256,5.491979979585149,5.580885120685079,7.714946416497889
00000795,constant,2.0,0.024694628285994825,0.9532844248506734,4.0,81.72688802083333,85.72688802083333,3.9062875717781256,3.9062875717781247,5.580885120685079,5.580885120685079
00000795,rademacher,2.0,0.024694628285994825,0.9521532030718383,0.015625,81.72688802083333,81.71126302083333,3.9062875717781256,7.181723921526729,5.580885120685079,10.05300683512184
00000795,gaussian,2.0,0.024694628285994825,0.9521064792772344,0.056640625,81.72688802083333,81.78352864583333,3.9062875717781256,8.693357181459428,5.580885120685079,12.31760714292434
00000795,constant,3.0,0.024694628285994825,0.9315407278772226,6.0,81.72688802083333,87.72688802083333,3.9062875717781256,3.9062875717781247,5.580885120685079,5.580885120685079
00000795,rademacher,3.0,0.024694628285994825,0.929109859360506,0.046875,81.72688802083333,81.77376302083333,3.9062875717781256,9.830533944003376,5.580885120685079,13.810266109191629
00000795,gaussian,3.0,0.024694628285994825,0.9315942017851003,0.2392578125,81.72688802083333,81.96614583333333,3.9062875717781256,11.653833282456127,5.580885120685079,16.40097144599098
00000796,constant,1.0,0.025798740489698605,0.9765732379643371,1.875,78.2359619140625,80.1109619140625,4.0376658572796895,4.037665857279691,5.702676502666912,5.702676502666912
00000796,rademacher,1.0,0.025798740489698605,0.9755106634924943,0.06298828125,78.2359619140625,78.1729736328125,4.0376658572796895,5.019397145294938,5.702676502666912,7.062392417185066
00000796,gaussian,1.0,0.025798740489698605,0.9762634115041244,0.0621337890625,78.2359619140625,78.173828125,4.0376658572796895,5.527413832627174,5.702676502666912,7.855494700000497
00000796,constant,2.0,0.025798740489698605,0.9542303431682012,3.75,78.2359619140625,81.9859619140625,4.0376658572796895,4.03766585727969,5.702676502666912,5.702676502666912
00000796,rademacher,2.0,0.025798740489698605,0.9515643995137245,0.087158203125,78.2359619140625,78.1488037109375,4.0376658572796895,7.13663022457531,5.702676502666912,10.135176846194323
00000796,gaussian,2.0,0.025798740489698605,0.9510325723622995,0.0728759765625,78.2359619140625,78.1630859375,4.0376658572796895,8.579269104879934,5.702676502666912,11.79135106253776
00000796,constant,3.0,0.025798740489698605,0.9328896574612657,5.625,78.2359619140625,83.8609619140625,4.0376658572796895,4.0376658572796895,5.702676502666912,5.702676502666912
00000796,rademacher,3.0,0.025798740489698605,0.9280949554538525,0.2303466796875,78.2359619140625,78.005615234375,4.0376658572796895,9.629464524001357,5.702676502666912,13.589737743274986
00000796,gaussian,3.0,0.025798740489698605,0.9278627454228147,0.177734375,78.2359619140625,78.0582275390625,4.0376658572796895,11.625875160579154,5.702676502666912,16.950446335586136
00000797,constant,1.0,0.028115996232269503,0.9748101137629545,1.567750105529754,60.96095398902491,62.52870409455466,14.248205372551654,14.248205372551654,24.322455418902628,24.322455418902628
00000797,rademacher,1.0,0.028115996232269503,0.9709051613587166,0.24488896897002377,60.96095398902491,60.716065020054884,14.248205372551654,14.878568295552872,24.322455418902628,25.00702285543252
00000797,gaussian,1.0,0.028115996232269503,0.9717603824136267,0.24959419172760988,60.96095398902491,60.7113597972973,14.248205372551654,15.241645213797243,24.322455418902628,25.39411846711703
00000797,constant,2.0,0.028115996232269503,0.950908204797218,3.135500211059515,60.96095398902491,64.09645420008442,14.248205372551654,14.248205372551661,24.322455418902628,24.322455418902628
00000797,rademacher,2.0,0.028115996232269503,0.9428244537593908,0.377339124160045,60.96095398902491,60.58361486486486,14.248205372551654,16.011195327209922,24.322455418902628,26.65685126967176
00000797,gaussian,2.0,0.028115996232269503,0.9430842757453008,0.2600667900388487,60.96095398902491,60.70088719898606,14.248205372551654,16.771697053793634,24.322455418902628,27.579806542508347
00000797,constant,3.0,0.028115996232269503,0.9281772217811535,4.703250316589269,60.96095398902491,65.66420430561418,14.248205372551654,14.248205372551658,24.322455418902628,24.322455418902628
00000797,rademacher,3.0,0.028115996232269503,0.9155334597326953,0.509654601744117,60.96095398902491,60.45129938728079,14.248205372551654,17.23252638924314,24.322455418902628,28.4272225957183
00000797,gaussian,3.0,0.028115996232269503,0.9152062748022478,0.412771402380784,60.96095398902491,60.548182586644124,14.248205372551654,18.614135849486335,24.322455418902628,30.490275264347783
00000798,constant,1.0,0.02565129164138425,0.9775714112070013,1.7999999999999972,78.5439453125,80.3439453125,3.7429058083203053,3.7429058083203044,5.419447310359191,5.419447310359191
00000798,rademacher,1.0,0.02565129164138425,0.9761053048239305,0.09394531249999716,78.5439453125,78.45,3.7429058083203053,4.748180051356656,5.419447310359191,6.678414335647515
00000798,gaussian,1.0,0.02565129164138425,0.9777861973778413,0.068359375,78.5439453125,78.4755859375,3.7429058083203053,5.240056984427947,5.419447310359191,7.443033012441004
00000798,constant,2.0,0.02565129164138425,0.9561359291631397,3.5999999999999943,78.5439453125,82.1439453125,3.7429058083203053,3.7429058083203053,5.419447310359191,5.419447310359191
00000798,rademacher,2.0,0.02565129164138425,0.9526547554242165,0.14804687500000568,78.5439453125,78.3958984375,3.7429058083203053,6.889328538078208,5.419447310359191,9.665604809396708
00000798,gaussian,2.0,0.02565129164138425,0.9518393429876567,0.18671874999999716,78.5439453125,78.3572265625,3.7429058083203053,8.359512321903296,5.419447310359191,11.770607611396988
00000798,constant,3.0,0.02565129164138425,0.9356224973417436,5.400000000000006,78.5439453125,83.9439453125,3.7429058083203053,3.7429058083203053,5.419447310359191,5.419447310359191
00000798,rademacher,3.0,0.02565129164138425,0.9299944765975842,0.1171875,78.5439453125,78.4267578125,3.7429058083203053,9.293244069562638,5.419447310359191,13.65454775428791
00000798,gaussian,3.0,0.02565129164138425,0.930687924871426,0.3187499999999943,78.5439453125,78.2251953125,3.7429058083203053,11.304987565500616,5.419447310359191,15.987071461867032
00000801,constant,1.0,0.027134246755813187,0.9753120327138454,1.875,74.1279296875,76.0029296875,4.041190130239231,4.041190130239231,5.721920246110214,5.721920246110214
00000801,rademacher,1.0,0.027134246755813187,0.9741537180458831,0.0789794921875,74.1279296875,74.0489501953125,4.041190130239231,4.995382650112565,5.721920246110214,7.026710262732811
00000801,gaussian,1.0,0.027134246755813187,0.974735158124744,0.019287109375,74.1279296875,74.147216796875,4.041190130239231,5.606989252765867,5.721920246110214,8.024689165232818
00000801,constant,2.0,0.027134246755813187,0.9518241310396175,3.75,74.1279296875,77.8779296875,4.041190130239231,4.041190130239231,5.721920246110214,5.721920246110214
00000801,rademacher,2.0,0.027134246755813187,0.9488951008932748,0.254638671875,74.1279296875,73.873291015625,4.041190130239231,7.138974391704975,5.721920246110214,10.194455668164967
00000801,gaussian,2.0,0.027134246755813187,0.9484703076740127,0.243896484375,74.1279296875,73.884033203125,4.041190130239231,8.541812616373399,5.721920246110214,12.219520881840797
00000801,constant,3.0,0.027134246755813187,0.9294451859380166,5.625,74.1279296875,79.7529296875,4.041190130239231,4.041190130239231,5.721920246110214,5.721920246110214
00000801,rademacher,3.0,0.027134246755813187,0.924308266820782,0.3057861328125,74.1279296875,73.8221435546875,4.041190130239231,9.680114553984698,5.721920246110214,13.806277144380719
00000801,gaussian,3.0,0.027134246755813187,0.923850228750301,0.00146484375,74.1279296875,74.12646484375,4.041190130239231,11.81256877101,5.721920246110214,16.60466612506079
00000803,constant,1.0,0.026229708816578157,0.9770330828228883,1.7999999999999972,76.608203125,78.408203125,3.8121456044519504,3.8121456044519504,5.843812256879845,5.843812256879845
00000803,rademacher,1.0,0.026229708816578157,0.9753990283649858,0.17695312499999716,76.608203125,76.43125,3.8121456044519504,4.7955044362390815,5.843812256879845,7.10759058055096
00000803,gaussian,1.0,0.026229708816578157,0.9771746722578465,0.068359375,76.608203125,76.53984375,3.8121456044519504,5.331513975539928,5.843812256879845,7.789468118659921
00000803,constant,2.0,0.026229708816578157,0.9550997647723454,3.5999999999999943,76.608203125,80.208203125,3.8121456044519504,3.81214560445195,5.843812256879845,5.843812256879845
00000803,rademacher,2.0,0.026229708816578157,0.9514212195261689,0.20429687499999716,76.608203125,76.40390625,3.8121456044519504,7.0115398915718545,5.843812256879845,10.08248298627878
00000803,gaussian,2.0,0.026229708816578157,0.9512263071488981,0.005664062500002842,76.608203125,76.6025390625,3.8121456044519504,8.375334296905114,5.843812256879845,11.986517897870046
00000803,constant,3.0,0.026229708816578157,0.9341362573294402,5.3999999999999915,76.608203125,82.008203125,3.8121456044519504,3.8121456044519513,5.843812256879845,5.843812256879845
00000803,rademacher,3.0,0.026229708816578157,0.9280073891625615,0.3287109375000057,76.608203125,76.2794921875,3.8121456044519504,9.372031495051077,5.843812256879845,13.492747785137027
00000803,gaussian,3.0,0.026229708816578157,0.9286176895742475,0.24824218749999716,76.608203125,76.3599609375,3.8121456044519504,11.564981663412658,5.843812256879845,16.82507809353529
00000804,constant,1.0,0.031344894945315234,0.9753238154938406,1.8158995815899601,72.45135983263599,74.26725941422595,17.97114513139604,17.94623777800926,38.88011575811205,38.85001137422976
00000804,rademacher,1.0,0.031344894945315234,0.9737030711247241,0.042042899895861296,72.45135983263599,72.40931693274013,17.97114513139604,18.15211830373626,38.88011575811205,38.85162811728257
00000804,gaussian,1.0,0.031344894945315234,0.9745413996173728,0.13906152303006536,72.45135983263599,72.59042135566605,17.97114513139604,18.369755877265916,38.88011575811205,39.0704865641064
00000804,constant,2.0,0.031344894945315234,0.9519637296082165,3.6315376569037596,72.45135983263599,76.08289748953975,17.97114513139604,17.923881537765435,38.88011575811205,38.823303864326355
00000804,rademacher,2.0,0.031344894945315234,0.9482062314487819,0.05088838161451292,72.45135983263599,72.40047145102147,17.97114513139604,18.81105964601194,38.88011575811205,39.41793438240238
00000804,gaussian,2.0,0.031344894945315234,0.9497681307636697,0.025487358219820067,72.45135983263599,72.42587247441617,17.97114513139604,18.98142335440406,38.88011575811205,39.164537563360994
00000804,constant,3.0,0.031344894945315234,0.9297526487531724,5.44639121338912,72.45135983263599,77.8977510460251,17.97114513139604,17.904837974782403,38.88011575811205,38.806355966776096
00000804,rademacher,3.0,0.031344894945315234,0.9235474218913089,0.024588179092674523,72.45135983263599,72.42677165354331,17.97114513139604,19.669569822472432,38.88011575811205,39.52864896400438
00000804,gaussian,3.0,0.031344894945315234,0.922737376059979,0.18802211910116284,72.45135983263599,72.26333771353482,17.97114513139604,20.65807516237985,38.88011575811205,40.637967177954756
00000805,constant,1.0,0.028414910162226407,0.9727319689068189,2.0,71.42216954509539,73.42216954509539,4.216081370849554,4.216081370849554,6.4792575601039575,6.4792575601039575
00000805,rademacher,1.0,0.028414910162226407,0.972364181411379,0.0555367422959705,71.42216954509539,71.47770628739136,4.216081370849554,5.221957691224786,6.4792575601039575,7.844037063667075
00000805,gaussian,1.0,0.028414910162226407,0.9729637026677705,0.007450050795796415,71.42216954509539,71.42961959589118,4.216081370849554,5.827991230511983,6.4792575601039575,8.767468216784247
00000805,constant,2.0,0.028414910162226407,0.9469228927203065,4.0,71.42216954509539,75.42216954509539,4.216081370849554,4.216081370849553,6.4792575601039575,6.4792575601039575
00000805,rademacher,2.0,0.028414910162226407,0.9454983258268295,0.08415242374634602,71.42216954509539,71.50632196884173,4.216081370849554,7.424106021351781,6.4792575601039575,10.894670047894518
00000805,gaussian,2.0,0.028414910162226407,0.9463103961925668,0.08330511344395575,71.42216954509539,71.50547465853934,4.216081370849554,8.73566762332707,6.4792575601039575,12.826460766945434
00000805,constant,3.0,0.028414910162226407,0.9224573942126987,6.0,71.42216954509539,77.42216954509539,4.216081370849554,4.216081370849553,6.4792575601039575,6.4792575601039575
00000805,rademacher,3.0,0.028414910162226407,0.9194830788232142,0.32077468610805226,71.42216954509539,71.74294423120344,4.216081370849554,9.961267115701348,6.4792575601039575,14.179812717039868
00000805,gaussian,3.0,0.028414910162226407,0.9192347728061311,0.14996863508072522,71.42216954509539,71.57213818017611,4.216081370849554,12.211269638575002,6.4792575601039575,17.655172418486895
00000806,constant,1.0,0.02412322695449514,0.9766231515184689,2.0,83.63984375,85.63984375,4.359170433516081,4.359170433516081,6.734079504514186,6.734079504514186
00000806,rademacher,1.0,0.02412322695449514,0.9763372751971894,0.052734375,83.63984375,83.587109375,4.359170433516081,5.305838294702101,6.734079504514186,7.981015113025182
00000806,gaussian,1.0,0.02412322695449514,0.9774360348787239,0.1123046875,83.63984375,83.5275390625,4.359170433516081,5.781316856828626,6.734079504514186,8.646331231853633
00000806,constant,2.0,0.02412322695449514,0.9543227980406228,4.0,83.63984375,87.63984375,4.359170433516081,4.359170433516081,6.734079504514186,6.734079504514186
00000806,rademacher,2.0,0.02412322695449514,0.9532803996462984,0.125,83.63984375,83.76484375,4.359170433516081,7.4706576554423565,6.734079504514186,10.705625925497127
00000806,gaussian,2.0,0.02412322695449514,0.9521232914210632,0.1318359375,83.63984375,83.5080078125,4.359170433516081,8.922281997365786,6.734079504514186,12.87302757188642
00000806,constant,3.0,0.02412322695449514,0.93302625959787,6.0,83.63984375,89.63984375,4.359170433516081,4.359170433516081,6.734079504514186,6.734079504514186
00000806,rademacher,3.0,0.02412322695449514,0.9306789383021131,0.029296875,83.63984375,83.610546875,4.359170433516081,10.016666560046142,6.734079504514186,14.317684183815434
00000806,gaussian,3.0,0.02412322695449514,0.9315453833851041,0.0380859375,83.63984375,83.6017578125,4.359170433516081,12.133840889966677,6.734079504514186,17.156767100841375
00000807,constant,1.0,0.029723175298817545,0.9728706270657921,1.8888888888888857,67.74034288194444,69.62923177083333,3.7394289809246595,3.7394289809246573,5.318880731481208,5.318880731481208
00000807,rademacher,1.0,0.029723175298817545,0.9716796597261503,0.0768229166666714,67.74034288194444,67.66351996527777,3.7394289809246595,4.755109844681151,5.318880731481208,6.792141737670184
00000807,gaussian,1.0,0.029723175298817545,0.9718278710407132,0.037760416666671404,67.74034288194444,67.70258246527777,3.7394289809246595,5.452980585865537,5.318880731481208,7.758062111740127
00000807,constant,2.0,0.029723175298817545,0.9471758171233677,3.7777777777777857,67.74034288194444,71.51812065972223,3.7394289809246595,3.7394289809246573,5.318880731481208,5.318880731481208
00000807,rademacher,2.0,0.029723175298817545,0.9442436693592318,0.06640625,67.74034288194444,67.80674913194444,3.7394289809246595,6.959631399447686,5.318880731481208,9.926686104657312
00000807,gaussian,2.0,0.029723175298817545,0.9430817487682812,0.03884548611111427,67.74034288194444,67.70149739583333,3.7394289809246595,8.440991379523371,5.318880731481208,12.080514462137634
00000807,constant,3.0,0.029723175298817545,0.9228033506819469,5.666666666666671,67.74034288194444,73.40700954861111,3.7394289809246595,3.7394289809246573,5.318880731481208,5.318880731481208
00000807,rademacher,3.0,0.029723175298817545,0.9174373385737487,0.0699869791666714,67.74034288194444,67.67035590277777,3.7394289809246595,9.516797533689534,5.318880731481208,13.6233886605033
00000807,gaussian,3.0,0.029723175298817545,0.9182981145718747,0.18706597222221433,67.74034288194444,67.55327690972223,3.7394289809246595,11.62727723665837,5.318880731481208,16.43543506969107
00000809,constant,1.0,0.02608869458174965,0.9777641285263151,1.75,76.95166015625,78.70166015625,3.7197127545559363,3.7197127545559354,5.877114936164212,5.877114936164212
00000809,rademacher,1.0,0.02608869458174965,0.9758073880201223,0.194091796875,76.95166015625,76.757568359375,3.7197127545559363,4.713309251156884,5.877114936164212,7.065796181046388
00000809,gaussian,1.0,0.02608869458174965,0.9771421218312666,0.104736328125,76.95166015625,76.846923828125,3.7197127545559363,5.251810499821193,5.877114936164212,7.746989810725458
00000809,constant,2.0,0.02608869458174965,0.9564956149667708,3.5,76.95166015625,80.45166015625,3.7197127545559363,3.719712754555936,5.877114936164212,5.877114936164212
00000809,rademacher,2.0,0.02608869458174965,0.9523020806193472,0.23388671875,76.95166015625,76.7177734375,3.7197127545559363,6.806888508018906,5.877114936164212,10.044656395119226
00000809,gaussian,2.0,0.02608869458174965,0.9523505551406677,0.083740234375,76.95166015625,76.867919921875,3.7197127545559363,8.20374930420088,5.877114936164212,11.726615988695482
00000809,constant,3.0,0.02608869458174965,0.9361326767607767,5.25,76.95166015625,82.20166015625,3.7197127545559363,3.719712754555936,5.877114936164212,5.877114936164212
00000809,rademacher,3.0,0.02608869458174965,0.9291451775901313,0.573486328125,76.95166015625,76.378173828125,3.7197127545559363,9.307190839193964,5.877114936164212,13.74887645259249
00000809,gaussian,3.0,0.02608869458174965,0.9297330751507427,0.13525390625,76.95166015625,76.81640625,3.7197127545559363,11.425518262345703,5.877114936164212,16.298595129605665
00000810,constant,1.0,0.02956669953780864,0.9717685887662191,2.0,68.88205295138889,70.88205295138889,10.212540083439032,10.212540083439032,8.96692623648141,8.96692623648141
00000810,rademacher,1.0,0.02956669953780864,0.9713625980810052,0.009765625,68.88205295138889,68.87228732638889,10.212540083439032,10.923009385727312,8.96692623648141,10.141003642777878
00000810,gaussian,1.0,0.02956669953780864,0.9722835829706059,0.0009765625,68.88205295138889,68.88302951388889,10.212540083439032,11.322705673933424,8.96692623648141,10.839821913905654
00000810,constant,2.0,0.02956669953780864,0.9450958789899953,4.0,68.88205295138889,72.88205295138889,10.212540083439032,10.212540083439032,8.96692623648141,8.96692623648141
00000810,rademacher,2.0,0.02956669953780864,0.9435371775324382,0.0,68.88205295138889,68.88205295138889,10.212540083439032,12.588217558987388,8.96692623648141,12.98479537941557
00000810,gaussian,2.0,0.02956669953780864,0.9437678452505799,0.00390625,68.88205295138889,68.88595920138889,10.212540083439032,13.549382684808448,8.96692623648141,14.42574583161265
00000810,constant,3.0,0.02956669953780864,0.9198522560798015,6.0,68.88205295138889,74.88205295138889,10.212540083439032,10.212540083439032,8.96692623648141,8.96692623648141
00000810,rademacher,3.0,0.02956669953780864,0.9164521063655322,0.052734375,68.88205295138889,68.82931857638889,10.212540083439032,14.613907849394215,8.96692623648141,15.964804112824924
00000810,gaussian,3.0,0.02956669953780864,0.91621784447575,0.055772569444442865,68.88205295138889,68.82628038194444,10.212540083439032,16.29415456909294,8.96692623648141,18.9130532802722
00000812,constant,1.0,0.02777877438325287,0.9734049014546449,2.0,73.2776317293405,75.2776317293405,7.345143691698679,7.34514369169868,11.32163178620595,11.32163178620595
00000812,rademacher,1.0,0.02777877438325287,0.9730493638535902,0.02354554806262854,73.2776317293405,73.30117727740313,7.345143691698679,8.117746136398157,11.32163178620595,12.32711432268544
00000812,gaussian,1.0,0.02777877438325287,0.9746387360034752,0.02548862727168455,73.2776317293405,73.25214310206881,7.345143691698679,8.490256904467358,11.32163178620595,12.900201254299347
00000812,constant,2.0,0.02777877438325287,0.9481961694392307,4.0,73.2776317293405,77.2776317293405,7.345143691698679,7.345143691698682,11.32163178620595,11.32163178620595
00000812,rademacher,2.0,0.02777877438325287,0.9467756982365937,0.0964681677906043,73.2776317293405,73.1811635615499,7.345143691698679,9.910012751502695,11.32163178620595,14.720712096009962
00000812,gaussian,2.0,0.02777877438325287,0.9465945282921483,0.01748771288147566,73.2776317293405,73.29511944222197,7.345143691698679,11.068065284519086,11.32163178620595,16.55257058271659
00000812,constant,3.0,0.02777877438325287,0.9242668250688805,6.0,73.2776317293405,79.2776317293405,7.345143691698679,7.345143691698681,11.32163178620595,11.32163178620595
00000812,rademacher,3.0,0.02777877438325287,0.9214405775948701,0.3231913159269908,73.2776317293405,73.60082304526749,7.345143691698679,12.11192002610369,11.32163178620595,17.703655142841775
00000812,gaussian,3.0,0.02777877438325287,0.920764572872228,0.02603136354260016,73.2776317293405,73.2516003657979,7.345143691698679,13.950477645806512,11.32163178620595,20.087694731920994
00000815,constant,1.0,0.026935075472489963,0.9749507635066204,1.6498740554156228,64.3094638359122,65.95933789132782,8.902525912303851,8.902525912303851,18.318960438316267,18.318960438316267
00000815,rademacher,1.0,0.026935075472489963,0.972029149994339,0.12882331774019917,64.3094638359122,64.180640518172,8.902525912303851,9.697072958741634,18.318960438316267,19.072430681998345
00000815,gaussian,1.0,0.026935075472489963,0.9724478992456137,0.058471414403712174,64.3094638359122,64.25099242150849,8.902525912303851,9.819437827066318,18.318960438316267,18.437737612421007
00000815,constant,2.0,0.026935075472489963,0.9511485688130036,3.2997481108312314,64.3094638359122,67.60921194674343,8.902525912303851,8.90252591230385,18.318960438316267,18.318960438316267
00000815,rademacher,2.0,0.026935075472489963,0.9446370273801115,0.19098980226598883,64.3094638359122,64.50045363817819,8.902525912303851,10.912697581556985,18.318960438316267,19.68960306529858
00000815,gaussian,2.0,0.026935075472489963,0.9466471236884915,0.274626247633023,64.3094638359122,64.58409008354522,8.902525912303851,11.725292093090768,18.318960438316267,20.71337569366463
00000815,constant,3.0,0.026935075472489963,0.928490525845452,4.949622166246854,64.3094638359122,69.25908600215905,8.902525912303851,8.902525912303851,18.318960438316267,18.318960438316267
00000815,rademacher,3.0,0.026935075472489963,0.9180805188718631,0.08029279321965532,64.3094638359122,64.38975662913185,8.902525912303851,12.714971103509203,18.318960438316267,21.8816464548419
00000815,gaussian,3.0,0.026935075472489963,0.919714639161921,0.1091703813053897,64.3094638359122,64.41863421721759,8.902525912303851,14.323552944566071,18.318960438316267,24.094773050332268
00000818,constant,1.0,0.02547823662624909,0.9779254199670914,1.7999999999999972,79.8689453125,81.6689453125,3.842115763315813,3.842115763315813,5.5399580777336705,5.5399580777336705
00000818,rademacher,1.0,0.02547823662624909,0.9763869806683825,0.14296875000000853,79.8689453125,79.7259765625,3.842115763315813,4.8019553087495765,5.5399580777336705,6.786794136569969
00000818,gaussian,1.0,0.02547823662624909,0.9764610860691416,0.09453125000000284,79.8689453125,79.7744140625,3.842115763315813,5.505516037326947,5.5399580777336705,7.8436067472789714
00000818,constant,2.0,0.02547823662624909,0.9568110821214213,3.5999999999999943,79.8689453125,83.4689453125,3.842115763315813,3.842115763315813,5.5399580777336705,5.5399580777336705
00000818,rademacher,2.0,0.02547823662624909,0.9534293093552707,0.18242187500000284,79.8689453125,79.6865234375,3.842115763315813,6.926519688984351,5.5399580777336705,9.708190735430726
00000818,gaussian,2.0,0.02547823662624909,0.9535872144196548,0.1904296875,79.8689453125,79.678515625,3.842115763315813,8.357627131896491,5.5399580777336705,11.752709004662023
00000818,constant,3.0,0.02547823662624909,0.9366042489835652,5.3999999999999915,79.8689453125,85.2689453125,3.842115763315813,3.8421157633158125,5.5399580777336705,5.5399580777336705
00000818,rademacher,3.0,0.02547823662624909,0.9307877307351806,0.4189453125,79.8689453125,79.45,3.842115763315813,9.395327679619486,5.5399580777336705,13.420027917337737
00000818,gaussian,3.0,0.02547823662624909,0.9315731547118901,0.3382812500000085,79.8689453125,79.5306640625,3.842115763315813,11.51913192812874,5.5399580777336705,16.417216086095763
00000819,constant,1.0,0.02444549850268667,0.9763424856057342,2.0,82.778125,84.778125,3.7757920299023753,3.7757920299023775,5.422229806307321,5.422229806307321
00000819,rademacher,1.0,0.02444549850268667,0.9760650013868267,0.0546875,82.778125,82.8328125,3.7757920299023753,4.868684293186815,5.422229806307321,6.872388168244896
00000819,gaussian,1.0,0.02444549850268667,0.9761407207694676,0.0400390625,82.778125,82.7380859375,3.7757920299023753,5.440745587176295,5.422229806307321,7.692944660501615
00000819,constant,2.0,0.02444549850268667,0.953793485306828,4.0,82.778125,86.778125,3.7757920299023753,3.7757920299023753,5.422229806307321,5.422229806307321
00000819,rademacher,2.0,0.02444549850268667,0.9526625172890733,0.08984375,82.778125,82.68828125,3.7757920299023753,7.111766236246562,5.422229806307321,10.194274276509395
00000819,gaussian,2.0,0.02444549850268667,0.9524604354973133,0.1123046875,82.778125,82.8904296875,3.7757920299023753,8.558579424509567,5.422229806307321,12.180040769531605
00000819,constant,3.0,0.02444549850268667,0.9322850894754674,6.0,82.778125,88.778125,3.7757920299023753,3.7757920299023757,5.422229806307321,5.422229806307321
00000819,rademacher,3.0,0.02444549850268667,0.9299512292769923,0.17714843749999432,82.778125,82.9552734375,3.7757920299023753,9.78420784117733,5.422229806307321,13.711894178895204
00000819,gaussian,3.0,0.02444549850268667,0.9304850979266086,0.083984375,82.778125,82.694140625,3.7757920299023753,11.738155509232637,5.422229806307321,16.45979566270876
00000821,constant,1.0,0.02563225280336687,0.9758160270908693,1.9822899505766145,80.05395387149917,82.03624382207579,23.37463801001765,23.312300498922045,17.467701685024124,17.41381259086722
00000821,rademacher,1.0,0.02563225280336687,0.9754110438175758,0.04347146320731099,80.05395387149917,80.09742533470649,23.37463801001765,23.660400496330094,17.467701685024124,17.953122120655625
00000821,gaussian,1.0,0.02563225280336687,0.9767058039676424,0.03253706754530583,80.05395387149917,80.02141680395387,23.37463801001765,23.888775150086904,17.467701685024124,18.533981544280355
00000821,constant,2.0,0.02563225280336687,0.9527835036385428,3.964579901153215,80.05395387149917,84.01853377265239,23.37463801001765,23.2511224648271,17.467701685024124,17.372095679078978
00000821,rademacher,2.0,0.02563225280336687,0.9513693692335903,0.12438220757825036,80.05395387149917,79.92957166392092,23.37463801001765,24.51347182449745,17.467701685024124,19.795913017865445
00000821,gaussian,2.0,0.02563225280336687,0.9514751942498042,0.024093904448108105,80.05395387149917,80.07804777594728,23.37463801001765,25.205450189129873,17.467701685024124,20.937273689989055
00000821,constant,3.0,0.02563225280336687,0.9308221129785762,5.946663920922575,80.05395387149917,86.00061779242175,23.37463801001765,23.190538823403745,17.467701685024124,17.34120151433687
00000821,rademacher,3.0,0.02563225280336687,0.9279448605997105,0.1824811629512908,80.05395387149917,79.87147270854788,23.37463801001765,25.726451660102867,17.467701685024124,22.16396003774007
00000821,gaussian,3.0,0.02563225280336687,0.9287625202259349,0.008700703933641307,80.05395387149917,80.06265457543282,23.37463801001765,26.645406498103107,17.467701685024124,23.551176001956506
00000822,constant,1.0,0.025200928382974764,0.9755913471057525,2.0,80.0001220703125,82.0001220703125,4.097091469925131,4.097091469925131,5.656220980210375,5.656220980210375
00000822,rademacher,1.0,0.025200928382974764,0.9752838900588356,0.037109375,80.0001220703125,79.9630126953125,4.097091469925131,5.076167603293316,5.656220980210375,6.970460900609823
00000822,gaussian,1.0,0.025200928382974764,0.9756240649582549,0.0859375,80.0001220703125,79.9141845703125,4.097091469925131,5.629904514482718,5.656220980210375,7.907957711941789
00000822,constant,2.0,0.025200928382974764,0.952350019327968,4.0,80.0001220703125,84.0001220703125,4.097091469925131,4.097091469925132,5.656220980210375,5.656220980210375
00000822,rademacher,2.0,0.025200928382974764,0.9511669915548917,0.05078125,80.0001220703125,79.9493408203125,4.097091469925131,7.253655463896715,5.656220980210375,10.09336338839687
00000822,gaussian,2.0,0.025200928382974764,0.950389886156811,0.1171875,80.0001220703125,80.1173095703125,4.097091469925131,8.798912273362987,5.656220980210375,12.133748695725957
00000822,constant,3.0,0.025200928382974764,0.9301968744233581,6.0,80.0001220703125,86.0001220703125,4.097091469925131,4.097091469925131,5.656220980210375,5.656220980210375
00000822,rademacher,3.0,0.025200928382974764,0.9275766919042444,0.1875,80.0001220703125,79.8126220703125,4.097091469925131,9.8913875203822,5.656220980210375,14.028156016245553
00000822,gaussian,3.0,0.025200928382974764,0.9282488673511197,0.28857421875,80.0001220703125,79.7115478515625,4.097091469925131,11.939750970527506,5.656220980210375,16.854190217184197
00000027,constant,1.0,0.026407208232352795,0.9762790258805014,1.857142857142847,76.50739397321429,78.36453683035714,3.754526748379901,3.7545267483799,5.505203950654146,5.505203950654146
00000027,rademacher,1.0,0.026407208232352795,0.9750764446094162,0.0856584821428612,76.50739397321429,76.42173549107143,3.754526748379901,4.786778904756807,5.505203950654146,6.911847495159006
00000027,gaussian,1.0,0.026407208232352795,0.9755131177151345,0.11732700892858361,76.50739397321429,76.39006696428571,3.754526748379901,5.368089436527698,5.505203950654146,7.73670705776459
00000027,constant,2.0,0.026407208232352795,0.9536623201360653,3.714285714285708,76.50739397321429,80.2216796875,3.754526748379901,3.7545267483799,5.505203950654146,5.505203950654146
00000027,rademacher,2.0,0.026407208232352795,0.9507308793171929,0.2127511160714306,76.50739397321429,76.29464285714286,3.754526748379901,6.941819746079132,5.505203950654146,9.822375048218687
00000027,gaussian,2.0,0.026407208232352795,0.9520927033364933,0.1742466517857224,76.50739397321429,76.33314732142857,3.754526748379901,8.182587854006043,5.505203950654146,11.468185636682634
00000027,constant,3.0,0.026407208232352795,0.9320776973623826,5.571428571428569,76.50739397321429,82.07882254464286,3.754526748379901,3.7545267483799,5.505203950654146,5.505203950654146
00000027,rademacher,3.0,0.026407208232352795,0.9268813494277923,0.303013392857153,76.50739397321429,76.20438058035714,3.754526748379901,9.43984195118743,5.505203950654146,13.703006022496988
00000027,gaussian,3.0,0.026407208232352795,0.9259178479273777,0.253208705357153,76.50739397321429,76.25418526785714,3.754526748379901,11.808313522053954,5.505203950654146,16.85095513634834
00000062,constant,1.0,0.01731866091820658,0.9851981091534164,1.8924302788844756,126.88114209827357,128.77357237715805,16.96585096203156,16.929020605576824,37.52136562838206,37.43462585300517
00000062,rademacher,1.0,0.01731866091820658,0.984698931210994,0.013454890211818338,126.88114209827357,126.89459698848539,16.96585096203156,17.210477143073103,37.52136562838206,37.6658905481698
00000062,gaussian,1.0,0.01731866091820658,0.9848071490063415,0.09738822487825871,126.88114209827357,126.78375387339531,16.96585096203156,17.491605026816533,37.52136562838206,37.85804716158434
00000062,constant,2.0,0.01731866091820658,0.9711125946308634,3.754094732182395,126.88114209827357,130.63523683045597,16.96585096203156,16.898047771261766,37.52136562838206,37.336441761754074
00000062,rademacher,2.0,0.01731866091820658,0.9696753558127105,0.07171314741036383,126.88114209827357,126.80942895086321,16.96585096203156,18.047585952462345,37.52136562838206,38.62846156573836
00000062,gaussian,2.0,0.01731866091820658,0.9693371419143275,0.05275414433202741,126.88114209827357,126.82838795394154,16.96585096203156,18.36691621034578,37.52136562838206,38.49194421538791
00000062,constant,3.0,0.01731866091820658,0.9577809603227256,5.56972111553786,126.88114209827357,132.45086321381143,16.96585096203156,16.855276510276973,37.52136562838206,37.21857560770298
00000062,rademacher,3.0,0.01731866091820658,0.9552695691366856,0.12859446867676638,126.88114209827357,126.7525476295968,16.96585096203156,18.84147984126168,37.52136562838206,39.09364015657233
00000062,gaussian,3.0,0.01731866091820658,0.9558901084272166,0.08605648328671123,126.88114209827357,126.96719858156028,16.96585096203156,19.78611587251197,37.52136562838206,39.43970503690924
00000073,constant,1.0,0.026833995700045604,0.9739985722217815,1.7777777777777715,66.61979166666667,68.39756944444444,3.663705925493346,3.6637059254933453,5.24192974856428,5.24192974856428
00000073,rademacher,1.0,0.026833995700045604,0.972010955169953,0.107421875,66.61979166666667,66.51236979166667,3.663705925493346,4.69717813041535,5.24192974856428,6.639058001538918
00000073,gaussian,1.0,0.026833995700045604,0.9724904755548622,0.15049913194444287,66.61979166666667,66.46929253472223,3.663705925493346,5.266380282106742,5.24192974856428,7.344990175002882
00000073,constant,2.0,0.026833995700045604,0.949320897553252,3.555555555555557,66.61979166666667,70.17534722222223,3.663705925493346,3.663705925493346,5.24192974856428,5.24192974856428
00000073,rademacher,2.0,0.026833995700045604,0.944736979881424,0.22960069444444287,66.61979166666667,66.39019097222223,3.663705925493346,6.8022569817541765,5.24192974856428,9.555250622488165
00000073,gaussian,2.0,0.026833995700045604,0.9439005073983021,0.33669704861111427,66.61979166666667,66.28309461805556,3.663705925493346,8.26558469309147,5.24192974856428,11.510495770422136
00000073,constant,3.0,0.026833995700045604,0.9258656050186995,5.333333333333329,66.61979166666667,71.953125,3.663705925493346,3.663705925493346,5.24192974856428,5.24192974856428
00000073,rademacher,3.0,0.026833995700045604,0.9179895880197956,0.4772135416666714,66.61979166666667,66.142578125,3.663705925493346,9.309943471987498,5.24192974856428,13.275168992043875
00000073,gaussian,3.0,0.026833995700045604,0.9185840126216145,0.2317708333333428,66.61979166666667,66.38802083333333,3.663705925493346,11.465818660006994,5.24192974856428,16.079853906237062
00000079,constant,1.0,0.028295119344920065,0.9749867954425413,2.0,78.3691697761194,80.3691697761194,23.844633673333174,23.844633673333178,38.50859825659946,38.50859825659946
00000079,rademacher,1.0,0.028295119344920065,0.9746430785594448,0.06830105915824447,78.3691697761194,78.43747083527765,23.844633673333174,24.02181942076273,38.50859825659946,38.70768471490022
00000079,gaussian,1.0,0.028295119344920065,0.9751804855096969,0.04610003037646493,78.3691697761194,78.32306974574294,23.844633673333174,24.1904593463057,38.50859825659946,38.987234284715356
00000079,constant,2.0,0.028295119344920065,0.9512536278049126,4.0,78.3691697761194,82.3691697761194,23.844633673333174,23.844633673333174,38.50859825659946,38.50859825659946
00000079,rademacher,2.0,0.028295119344920065,0.9500317668458568,0.10597608152353644,78.3691697761194,78.47514585764294,23.844633673333174,24.573374523561526,38.50859825659946,39.352251115935765
00000079,gaussian,2.0,0.028295119344920065,0.9495401146380902,0.3101107658100517,78.3691697761194,78.67928054192946,23.844633673333174,25.10448464540766,38.50859825659946,40.09980347778933
00000079,constant,3.0,0.028295119344920065,0.9286715335730852,6.0,78.3691697761194,84.3691697761194,23.844633673333174,23.844633673333174,38.50859825659946,38.50859825659946
00000079,rademacher,3.0,0.028295119344920065,0.9261717307873928,0.35665927572551936,78.3691697761194,78.72582905184493,23.844633673333174,25.323847429912455,38.50859825659946,40.332913926387405
00000079,gaussian,3.0,0.028295119344920065,0.9253270843300322,0.23302854006394114,78.3691697761194,78.60219831618335,23.844633673333174,26.192202791148766,38.50859825659946,41.08449972027352
00000082,constant,1.0,0.02727057024597295,0.9762368643882402,1.7999999999999972,74.090625,75.890625,3.634585664062415,3.634585664062415,5.352873132328393,5.352873132328393
00000082,rademacher,1.0,0.02727057024597295,0.9745991323865619,0.057226562500005684,74.090625,74.0333984375,3.634585664062415,4.67830663984104,5.352873132328393,6.777435680516246
00000082,gaussian,1.0,0.02727057024597295,0.9755123207138092,0.1015625,74.090625,73.9890625,3.634585664062415,5.259704956952879,5.352873132328393,7.484378400351247
00000082,constant,2.0,0.02727057024597295,0.9535936686871023,3.5999999999999943,74.090625,77.690625,3.634585664062415,3.6345856640624135,5.352873132328393,5.352873132328393
00000082,rademacher,2.0,0.02727057024597295,0.9498372710981111,0.26054687500000284,74.090625,73.830078125,3.634585664062415,6.799921127826255,5.352873132328393,9.730420568222915
00000082,gaussian,2.0,0.02727057024597295,0.9505579182714696,0.09394531249999716,74.090625,73.9966796875,3.634585664062415,8.215842615957246,5.352873132328393,12.030058705152086
00000082,constant,3.0,0.02727057024597295,0.9319885009459692,5.3999999999999915,74.090625,79.490625,3.634585664062415,3.6345856640624135,5.352873132328393,5.352873132328393
00000082,rademacher,3.0,0.02727057024597295,0.9255703044677668,0.3802734375000085,74.090625,73.7103515625,3.634585664062415,9.288098164724751,5.352873132328393,13.410478991171697
00000082,gaussian,3.0,0.02727057024597295,0.9245035165460607,0.232421875,74.090625,73.858203125,3.634585664062415,11.637348897415748,5.352873132328393,16.59693350058668
00000088,constant,1.0,0.01393018832543063,0.9864191964484786,1.6025390625,116.66015625,118.2626953125,3.086394903157842,3.0580810698511,4.8157136340646245,4.812418998231835
00000088,rademacher,1.0,0.01393018832543063,0.9846332670395966,0.20253906249999432,116.66015625,116.4576171875,3.086394903157842,4.180498224785697,4.8157136340646245,6.22578295819781
00000088,gaussian,1.0,0.01393018832543063,0.9849804396423248,0.21933593750000568,116.66015625,116.4408203125,3.086394903157842,4.847866718464145,4.8157136340646245,7.07151065720941
00000088,constant,2.0,0.01393018832543063,0.9732261139491115,3.2035156249999943,116.66015625,119.863671875,3.086394903157842,3.037191673366325,4.8157136340646245,4.81157285069825
00000088,rademacher,2.0,0.01393018832543063,0.9695279331407878,0.35566406249999716,116.66015625,116.3044921875,3.086394903157842,6.2852505911683725,4.8157136340646245,8.94639901920205
00000088,gaussian,2.0,0.01393018832543063,0.9697287891020339,0.28886718750000284,116.66015625,116.3712890625,3.086394903157842,7.592645801847091,4.8157136340646245,10.904352084372611
00000088,constant,3.0,0.01393018832543063,0.9603982685096447,4.803515625000003,116.66015625,121.463671875,3.086394903157842,3.0371916733663262,4.8157136340646245,4.81157285069825
00000088,rademacher,3.0,0.01393018832543063,0.9547486610502087,0.4189453125,116.66015625,116.2412109375,3.086394903157842,8.739486478892188,4.8157136340646245,12.722968760752101
00000088,gaussian,3.0,0.01393018832543063,0.9547690605667163,0.7062499999999972,116.66015625,115.95390625,3.086394903157842,10.93767943796701,4.8157136340646245,15.901654543360195
00000118,constant,1.0,0.025167506041514326,0.9755796428018253,2.0,79.966064453125,81.966064453125,4.276569013466507,4.276569013466506,5.440800035066864,5.440800035066864
00000118,rademacher,1.0,0.025167506041514326,0.975283612147011,0.0390625,79.966064453125,80.005126953125,4.276569013466507,5.2487798472233145,5.440800035066864,6.849444334405289
00000118,gaussian,1.0,0.025167506041514326,0.9761700073903141,0.01953125,79.966064453125,79.985595703125,4.276569013466507,5.7467757576793375,5.440800035066864,7.623631739040835
00000118,constant,2.0,0.025167506041514326,0.9523263302817648,4.0,79.966064453125,83.966064453125,4.276569013466507,4.276569013466507,5.440800035066864,5.440800035066864
00000118,rademacher,2.0,0.025167506041514326,0.9511619005634134,0.00390625,79.966064453125,79.962158203125,4.276569013466507,7.390148052420898,5.440800035066864,10.045495408636814
00000118,gaussian,2.0,0.025167506041514326,0.950804628472842,0.186279296875,79.966064453125,80.15234375,4.276569013466507,8.863161183969991,5.440800035066864,12.475242523443177
00000118,constant,3.0,0.025167506041514326,0.9301926982008207,5.997314453125,79.966064453125,85.96337890625,4.276569013466507,4.270484863517353,5.440800035066864,5.4349619460746
00000118,rademacher,3.0,0.025167506041514326,0.9277128797855329,0.1861572265625,79.966064453125,80.1522216796875,4.276569013466507,9.913925084320585,5.440800035066864,13.66723130281542
00000118,gaussian,3.0,0.025167506041514326,0.9286472449221447,0.00048828125,79.966064453125,79.965576171875,4.276569013466507,11.92707899249455,5.440800035066864,16.696033504199654
00000122,constant,1.0,0.02808829306285011,0.975041512608763,1.8333333333333286,71.68180338541667,73.51513671875,4.13924788946445,4.13924788946445,5.5991475614935515,5.5991475614935515
00000122,rademacher,1.0,0.02808829306285011,0.9735920545242579,0.08040364583334281,71.68180338541667,71.60139973958333,4.13924788946445,5.059170966379925,5.5991475614935515,6.954647709275218
00000122,gaussian,1.0,0.02808829306285011,0.9737603444795802,0.11474609375,71.68180338541667,71.56705729166667,4.13924788946445,5.758657931823373,5.5991475614935515,7.76916614020537
00000122,constant,2.0,0.02808829306285011,0.9513067596378788,3.666666666666657,71.68180338541667,75.34847005208333,4.13924788946445,4.139247889464451,5.5991475614935515,5.5991475614935515
00000122,rademacher,2.0,0.02808829306285011,0.947850391592328,0.10091145833334281,71.68180338541667,71.58089192708333,4.13924788946445,7.1244854406051035,5.5991475614935515,9.775692697979293
00000122,gaussian,2.0,0.02808829306285011,0.9492304657106693,0.23974609375,71.68180338541667,71.44205729166667,4.13924788946445,8.352165495324,5.5991475614935515,11.566208579827645
00000122,constant,3.0,0.02808829306285011,0.9287059394143883,5.5,71.68180338541667,77.18180338541667,4.13924788946445,4.139247889464449,5.5991475614935515,5.5991475614935515
00000122,rademacher,3.0,0.02808829306285011,0.9225786828244634,0.3564453125,71.68180338541667,71.32535807291667,4.13924788946445,9.563737780739517,5.5991475614935515,13.276892684707407
00000122,gaussian,3.0,0.02808829306285011,0.9235677983152112,0.1974283854166714,71.68180338541667,71.484375,4.13924788946445,11.645721704267515,5.5991475614935515,16.162267460232712
00000136,constant,1.0,0.02862072191358913,0.9732428940116049,1.7630726515502033,64.31420638593244,66.07727903748264,15.135668143135877,15.135668143135879,22.97358191704616,22.97358191704616
00000136,rademacher,1.0,0.02862072191358913,0.9710799378269233,0.08416704318770485,64.31420638593244,64.23003934274473,15.135668143135877,15.520965630046343,22.97358191704616,23.23003299916277
00000136,gaussian,1.0,0.02862072191358913,0.9724506060191446,0.1799781980129751,64.31420638593244,64.13422818791946,15.135668143135877,15.85638686677425,22.97358191704616,23.641950304942604
00000136,constant,2.0,0.02862072191358913,0.9479175370951761,3.526145303100421,64.31420638593244,67.84035168903286,15.135668143135877,15.135668143135877,22.97358191704616,22.97358191704616
00000136,rademacher,2.0,0.02862072191358913,0.9429306767746624,0.18848283881504813,64.31420638593244,64.12572354711739,15.135668143135877,16.476336183326637,22.97358191704616,24.20264816286022
00000136,gaussian,2.0,0.02862072191358913,0.9422291828895908,0.16729737921791354,64.31420638593244,64.14690900671452,15.135668143135877,17.301037838502314,22.97358191704616,25.309831177868084
00000136,constant,3.0,0.02862072191358913,0.923890587005337,5.289217954650624,64.31420638593244,69.60342434058306,15.135668143135877,15.135668143135877,22.97358191704616,22.97358191704616
00000136,rademacher,3.0,0.02862072191358913,0.9156538064946258,0.2740396999734145,64.31420638593244,64.04016668595902,15.135668143135877,17.860988227973053,22.97358191704616,26.07326298357419
00000136,gaussian,3.0,0.02862072191358913,0.916334489184209,0.2993829927650893,64.31420638593244,64.01482339316735,15.135668143135877,19.113960294217915,22.97358191704616,27.93192997030791
00000144,constant,1.0,0.02529204726094936,0.9771578956392034,1.8571428571428612,79.51506696428571,81.37220982142857,3.7283409036663855,3.728340903666384,5.44429223206826,5.44429223206826
00000144,rademacher,1.0,0.02529204726094936,0.9760139441712844,0.076171875,79.51506696428571,79.43889508928571,3.7283409036663855,4.743843498849737,5.44429223206826,6.702920136361349
00000144,gaussian,1.0,0.02529204726094936,0.9768270511824136,0.04854910714284699,79.51506696428571,79.46651785714286,3.7283409036663855,5.262852789004668,5.44429223206826,7.590006883752433
00000144,constant,2.0,0.02529204726094936,0.9553440175130703,3.7142857142857224,79.51506696428571,83.22935267857143,3.7283409036663855,3.728340903666386,5.44429223206826,5.44429223206826
00000144,rademacher,2.0,0.02529204726094936,0.9524872793501021,0.1922433035714164,79.51506696428571,79.32282366071429,3.7283409036663855,6.931946415290441,5.44429223206826,9.710345698366627
00000144,gaussian,2.0,0.02529204726094936,0.9539025227389737,0.1861049107142776,79.51506696428571,79.32896205357143,3.7283409036663855,8.228546342178747,5.44429223206826,11.732821874875198
00000144,constant,3.0,0.02529204726094936,0.9344874060908546,5.571428571428584,79.51506696428571,85.08649553571429,3.7283409036663855,3.728340903666385,5.44429223206826,5.44429223206826
00000144,rademacher,3.0,0.02529204726094936,0.92957949455252,0.2476283482142776,79.51506696428571,79.26743861607143,3.7283409036663855,9.477767100490425,5.44429223206826,13.92570131656339
00000144,gaussian,3.0,0.02529204726094936,0.9290036414021511,0.2398158482142918,79.51506696428571,79.7548828125,3.7283409036663855,11.79096202815171,5.44429223206826,16.932870206818084
00000145,constant,1.0,0.02522165476044009,0.9761191131416423,2.0,81.80578158458245,83.80578158458245,9.818100425953148,9.818100425953144,12.357024646670848,12.357024646670848
00000145,rademacher,1.0,0.02522165476044009,0.975822578183408,0.053961456102797456,81.80578158458245,81.75182012847965,9.818100425953148,10.501263622931907,12.357024646670848,13.250021046647138
00000145,gaussian,1.0,0.02522165476044009,0.9767787200355977,0.017558886509632998,81.80578158458245,81.82334047109208,9.818100425953148,10.821961822694467,12.357024646670848,13.80522856493096
00000145,constant,2.0,0.02522165476044009,0.9533545959111963,4.0,81.80578158458245,85.80578158458245,9.818100425953148,9.818100425953146,12.357024646670848,12.357024646670848
00000145,rademacher,2.0,0.02522165476044009,0.9522047352834367,0.12919130829202174,81.80578158458245,81.67659027629043,9.818100425953148,11.85129685176474,12.357024646670848,15.31841382470831
00000145,gaussian,2.0,0.02522165476044009,0.952393123507972,0.016961708806050524,81.80578158458245,81.7888198757764,9.818100425953148,13.024716355299974,12.357024646670848,17.063215664053292
00000145,constant,3.0,0.02522165476044009,0.9316299555174028,6.0,81.80578158458245,87.80578158458245,9.818100425953148,9.818100425953146,12.357024646670848,12.357024646670848
00000145,rademacher,3.0,0.02522165476044009,0.9291764664273462,0.08522483940043912,81.80578158458245,81.72055674518201,9.818100425953148,14.011697737651804,12.357024646670848,18.56687275868395
00000145,gaussian,3.0,0.02522165476044009,0.9298887857957289,0.14453961456104025,81.80578158458245,81.66124197002141,9.818100425953148,15.543788198850942,12.357024646670848,20.781634442690184
00000175,constant,1.0,0.039730091237628926,0.9636048936733146,1.9201310350206668,50.84876374697762,52.768894781998284,6.244644524845433,6.244644524845434,11.576181307279386,11.576181307279386
00000175,rademacher,1.0,0.039730091237628926,0.9622440016364643,0.05818578894001547,50.84876374697762,50.90694953591763,6.244644524845433,7.089609562670541,11.576181307279386,12.663808235106798
00000175,gaussian,1.0,0.039730091237628926,0.9638078175355415,0.12846111847750308,50.84876374697762,50.720302628500114,6.244644524845433,7.545879283047508,11.576181307279386,13.134913021797004
00000175,constant,2.0,0.039730091237628926,0.9297699406846015,3.8402620700413337,50.84876374697762,54.68902581701895,6.244644524845433,6.244644524845434,11.576181307279386,11.576181307279386
00000175,rademacher,2.0,0.039730091237628926,0.9257296036813787,0.05475391935106444,50.84876374697762,50.79400982762655,6.244644524845433,8.949238584090217,11.576181307279386,14.936470443349533
00000175,gaussian,2.0,0.039730091237628926,0.9261287324597111,0.015378411564199723,50.84876374697762,50.83338533541342,6.244644524845433,10.08692127803635,11.576181307279386,16.18507063218927
00000175,constant,3.0,0.039730091237628926,0.8982317101735222,5.760393105062008,50.84876374697762,56.609156852039625,6.244644524845433,6.244644524845433,11.576181307279386,11.576181307279386
00000175,rademacher,3.0,0.039730091237628926,0.8905847802177074,0.05776671155867774,50.84876374697762,50.79099703541894,6.244644524845433,11.199611263511958,11.576181307279386,17.739759056156103
00000175,gaussian,3.0,0.039730091237628926,0.8931108953082196,0.19680429297244473,50.84876374697762,51.04556803995006,6.244644524845433,13.015626129229828,11.576181307279386,20.251242320476642
00000181,constant,1.0,0.024604314545848258,0.9761455044718695,2.0,81.93245442708333,83.93245442708333,3.7773739736747385,3.777373973674738,5.468126674059199,5.468126674059199
00000181,rademacher,1.0,0.024604314545848258,0.9758491751150717,0.017578125,81.93245442708333,81.91487630208333,3.7773739736747385,4.845828040023825,5.468126674059199,6.967806894832408
00000181,gaussian,1.0,0.024604314545848258,0.9766355782041949,0.09765625,81.93245442708333,82.03011067708333,3.7773739736747385,5.352254083555413,5.468126674059199,7.698968655090147
00000181,constant,2.0,0.024604314545848258,0.9534115962451986,4.0,81.93245442708333,85.93245442708333,3.7773739736747385,3.777373973674738,5.468126674059199,5.468126674059199
00000181,rademacher,2.0,0.024604314545848258,0.952298395854665,0.00390625,81.93245442708333,81.92854817708333,3.7773739736747385,7.112807989774114,5.468126674059199,10.091522814345312
00000181,gaussian,2.0,0.024604314545848258,0.9522000829415572,0.1064453125,81.93245442708333,82.03889973958333,3.7773739736747385,8.515444741226828,5.468126674059199,12.11455409848957
00000181,constant,3.0,0.024604314545848258,0.9317194070958953,6.0,81.93245442708333,87.93245442708333,3.7773739736747385,3.77737397367474,5.468126674059199,5.468126674059199
00000181,rademacher,3.0,0.024604314545848258,0.9291414176324663,0.328125,81.93245442708333,81.60432942708333,3.7773739736747385,9.711997503973347,5.468126674059199,13.688037140112614
00000181,gaussian,3.0,0.024604314545848258,0.9301606613752552,0.15234375,81.93245442708333,81.78011067708333,3.7773739736747385,11.841033211165536,5.468126674059199,16.881948192937276
00000189,constant,1.0,0.025282553065217026,0.9755257224627074,2.0,79.8109130859375,81.8109130859375,4.444745317078301,4.4447453170783,5.834680898168958,5.834680898168958
00000189,rademacher,1.0,0.025282553065217026,0.9752224660919532,0.0078125,79.8109130859375,79.8187255859375,4.444745317078301,5.352806558333393,5.834680898168958,7.24552768600104
00000189,gaussian,1.0,0.025282553065217026,0.976022145027568,0.0283203125,79.8109130859375,79.8392333984375,4.444745317078301,5.8786413468179255,5.834680898168958,8.032756108433405
00000189,constant,2.0,0.025282553065217026,0.9522291277351584,4.0,79.8109130859375,83.8109130859375,4.444745317078301,4.444745317078301,5.834680898168958,5.834680898168958
00000189,rademacher,2.0,0.025282553065217026,0.9510492953963507,0.0,79.8109130859375,79.8109130859375,4.444745317078301,7.459715516931787,5.834680898168958,10.353767040112057
00000189,gaussian,2.0,0.025282553065217026,0.9504502021178795,0.1793212890625,79.8109130859375,79.990234375,4.444745317078301,8.834954409210962,5.834680898168958,12.176779962693594
00000189,constant,3.0,0.025282553065217026,0.9300351517100005,5.9993896484375,79.8109130859375,85.810302734375,4.444745317078301,4.442582389154936,5.834680898168958,5.8325965152865695
00000189,rademacher,3.0,0.025282553065217026,0.927485000810767,0.000244140625,79.8109130859375,79.8106689453125,4.444745317078301,10.045863872308097,5.834680898168958,14.057284523611244
00000189,gaussian,3.0,0.025282553065217026,0.9269149828856769,0.111572265625,79.8109130859375,79.6993408203125,4.444745317078301,12.215945120844236,5.834680898168958,17.281698315909033
00000408,constant,1.0,0.024408502206811337,0.9766745306095824,2.0,83.84507699486701,85.84507699486701,5.086071712736868,5.086071712736868,8.013239808517154,8.013239808517154
00000408,rademacher,1.0,0.024408502206811337,0.976400036294946,0.026131591227240847,83.84507699486701,83.87120858609426,5.086071712736868,5.969242100446048,8.013239808517154,9.342569999556043
00000408,gaussian,1.0,0.024408502206811337,0.9767147696775045,0.041063929071384564,83.84507699486701,83.8861409239384,5.086071712736868,6.495957742783691,8.013239808517154,9.914271515145217
00000408,constant,2.0,0.024408502206811337,0.9544250878483722,4.0,83.84507699486701,87.84507699486701,5.086071712736868,5.086071712736868,8.013239808517154,8.013239808517154
00000408,rademacher,2.0,0.024408502206811337,0.953321169173372,0.08329444703686306,83.84507699486701,83.76178254783015,5.086071712736868,7.998779836846807,8.013239808517154,12.4003878344371
00000408,gaussian,2.0,0.024408502206811337,0.9527157591487858,0.04013065795614068,83.84507699486701,83.80494633691087,5.086071712736868,9.450696108430108,8.013239808517154,13.994527492637445
00000408,constant,3.0,0.024408502206811337,0.9331740570018827,6.0,83.84507699486701,89.84507699486701,5.086071712736868,5.086071712736868,8.013239808517154,8.013239808517154
00000408,rademacher,3.0,0.024408502206811337,0.930823187938402,0.040409550292920926,83.84507699486701,83.8046674445741,5.086071712736868,10.381769523893164,8.013239808517154,15.516539744027767
00000408,gaussian,3.0,0.024408502206811337,0.930345094123899,0.15258928284593765,83.84507699486701,83.99766627771295,5.086071712736868,12.636193682106606,8.013239808517154,18.653075711896495
00000425,constant,1.0,0.027452794356006335,0.9766086381665933,1.9399509803921546,81.49754901960785,83.4375,13.300542734809472,13.289272945188083,19.89770309368061,19.877906565705914
00000425,rademacher,1.0,0.027452794356006335,0.975951926150004,0.037683823529420124,81.49754901960785,81.45986519607843,13.300542734809472,13.789920949943646,19.89770309368061,20.594908090566587
00000425,gaussian,1.0,0.027452794356006335,0.9764675276409923,0.0003063725490193292,81.49754901960785,81.49724264705883,13.300542734809472,14.085713090776776,19.89770309368061,20.93215079675003
00000425,constant,2.0,0.027452794356006335,0.9543379487069058,3.8789828431372513,81.49754901960785,85.3765318627451,13.300542734809472,13.281029292207196,19.89770309368061,19.867614741588643
00000425,rademacher,2.0,0.027452794356006335,0.9524444885521997,0.17851745356432502,81.49754901960785,81.31903156604352,13.300542734809472,14.981233296197614,19.89770309368061,22.155054630562518
00000425,gaussian,2.0,0.027452794356006335,0.9529473962463653,0.08307636359263881,81.49754901960785,81.58062538320048,13.300542734809472,15.51682178850035,19.89770309368061,22.859106368629412
00000425,constant,3.0,0.027452794356006335,0.9330963551444502,5.817401960784309,81.49754901960785,87.31495098039215,13.300542734809472,13.27456224372828,19.89770309368061,19.863939523454533
00000425,rademacher,3.0,0.027452794356006335,0.9297656071388394,0.019618362366401243,81.49754901960785,81.51716738197425,13.300542734809472,16.399258311705086,19.89770309368061,24.392449852630996
00000425,gaussian,3.0,0.027452794356006335,0.9303223371986706,0.08075315630389923,81.49754901960785,81.57830217591174,13.300542734809472,17.88480925585341,19.89770309368061,26.444116591184983
00000427,constant,1.0,0.025689271295580594,0.9768752218618951,1.8859605911329993,80.00738916256158,81.89334975369458,13.450079493288792,13.414450311742993,14.685044582964283,14.607764727279037
00000427,rademacher,1.0,0.025689271295580594,0.97586507086154,0.061343338466969044,80.00738916256158,79.94604582409461,13.450079493288792,13.757836329430587,14.685044582964283,15.178469028127337
00000427,gaussian,1.0,0.025689271295580594,0.9766009777242038,0.023399014778334504,80.00738916256158,79.98399014778325,13.450079493288792,14.09159315451565,14.685044582964283,15.824636566210517
00000427,constant,2.0,0.025689271295580594,0.9548238559679615,3.7716748768472854,80.00738916256158,83.77906403940887,13.450079493288792,13.380946785444268,14.685044582964283,14.532406409316504
00000427,rademacher,2.0,0.025689271295580594,0.9523366847777036,0.09314569287208485,80.00738916256158,79.9142434696895,13.450079493288792,14.923676755497572,14.685044582964283,17.15400945817588
00000427,gaussian,2.0,0.025689271295580594,0.9521325430677676,0.20650202604112167,80.00738916256158,79.80088713652046,13.450079493288792,15.688465377163784,14.685044582964283,18.663470250668748
00000427,constant,3.0,0.025689271295580594,0.9339018147306664,5.6443349753694605,80.00738916256158,85.65172413793104,13.450079493288792,13.3316839896511,14.685044582964283,14.438281222037642
00000427,rademacher,3.0,0.025689271295580594,0.9296284517783847,0.009376123434478245,80.00738916256158,80.01676528599606,13.450079493288792,16.391767880737053,14.685044582964283,19.6922236596769
00000427,gaussian,3.0,0.025689271295580594,0.9312287908555099,0.1421846283082573,80.00738916256158,79.86520453425332,13.450079493288792,17.94782102790128,14.685044582964283,21.918890911655957
00000437,constant,1.0,0.027498458631442145,0.9755938188317055,1.8333333333333286,73.39469401041667,75.22802734375,3.746996163157494,3.7469961631574953,5.52395353207264,5.52395353207264
00000437,rademacher,1.0,0.027498458631442145,0.9741311302975851,0.14794921875,73.39469401041667,73.24674479166667,3.746996163157494,4.783928380146178,5.52395353207264,6.8255027288891945
00000437,gaussian,1.0,0.027498458631442145,0.9759124615583579,0.061197916666671404,73.39469401041667,73.33349609375,3.746996163157494,5.268984060572159,5.52395353207264,7.555567193373044
00000437,constant,2.0,0.027498458631442145,0.9523626471110059,3.666666666666657,73.39469401041667,77.06136067708333,3.746996163157494,3.7469961631574953,5.52395353207264,5.52395353207264
00000437,rademacher,2.0,0.027498458631442145,0.9490567629115241,0.0895182291666714,73.39469401041667,73.30517578125,3.746996163157494,6.973487031368106,5.52395353207264,9.833336832376355
00000437,gaussian,2.0,0.027498458631442145,0.9494325005680404,0.14892578125,73.39469401041667,73.24576822916667,3.746996163157494,8.30245399719854,5.52395353207264,11.763321082365275
00000437,constant,3.0,0.027498458631442145,0.9302197960893048,5.5,73.39469401041667,78.89469401041667,3.746996163157494,3.746996163157494,5.52395353207264,5.52395353207264
00000437,rademacher,3.0,0.027498458631442145,0.9241883669315573,0.44677734375,73.39469401041667,72.94791666666667,3.746996163157494,9.418593046964935,5.52395353207264,13.458182473964
00000437,gaussian,3.0,0.027498458631442145,0.9267348584162206,0.1359049479166714,73.39469401041667,73.2587890625,3.746996163157494,11.36662350741535,5.52395353207264,15.913296648212851
00000442,constant,1.0,0.02708039231968703,0.9774356754416818,1.7907869481765744,78.02375239923225,79.81453934740883,11.337063612832988,11.292294050373126,23.426797996736976,23.315680532602798
00000442,rademacher,1.0,0.02708039231968703,0.9757969105933376,0.13702333755718143,78.02375239923225,77.88672906167507,11.337063612832988,11.708109452443459,23.426797996736976,23.736074091210103
00000442,gaussian,1.0,0.02708039231968703,0.9763238188527258,0.1283840287018876,78.02375239923225,77.89536837053036,11.337063612832988,11.948282041901399,23.426797996736976,23.968696833423344
00000442,constant,2.0,0.02708039231968703,0.9559936491135221,3.5774952015354984,78.02375239923225,81.60124760076775,11.337063612832988,11.249531548213655,23.426797996736976,23.222352617827074
00000442,rademacher,2.0,0.02708039231968703,0.952209574320952,0.1870177053547053,78.02375239923225,77.83673469387755,11.337063612832988,12.715240043160495,23.426797996736976,24.620026140814762
00000442,gaussian,2.0,0.02708039231968703,0.952663256093891,0.2876179454507337,78.02375239923225,77.73613445378152,11.337063612832988,13.538296550267065,23.426797996736976,25.777127453891385
00000442,constant,3.0,0.02708039231968703,0.9355152421918833,5.362763915547021,78.02375239923225,83.38651631477927,11.337063612832988,11.209414643103432,23.426797996736976,23.138654412518598
00000442,rademacher,3.0,0.02708039231968703,0.9295036914895197,0.15628541243752636,78.02375239923225,77.86746698679472,11.337063612832988,14.426385132304059,23.426797996736976,26.73038543282212
00000442,gaussian,3.0,0.02708039231968703,0.9323195634210574,0.11450198884180907,78.02375239923225,78.13825438807406,11.337063612832988,15.331348017185599,23.426797996736976,27.03086857495211
00000448,constant,1.0,0.02424370537391958,0.9764868856820454,2.0,83.1611328125,85.1611328125,4.063039381387891,4.063039381387891,5.75220277205729,5.75220277205729
00000448,rademacher,1.0,0.02424370537391958,0.9762104725889149,0.05859375,83.1611328125,83.2197265625,4.063039381387891,5.05060934378588,5.75220277205729,7.111433626469347
00000448,gaussian,1.0,0.02424370537391958,0.9772935827771337,0.078125,83.1611328125,83.0830078125,4.063039381387891,5.566291599496999,5.75220277205729,7.882429287799992
00000448,constant,2.0,0.02424370537391958,0.954060516155344,4.0,83.1611328125,87.1611328125,4.063039381387891,4.063039381387891,5.75220277205729,5.75220277205729
00000448,rademacher,2.0,0.02424370537391958,0.9529665389996101,0.01171875,83.1611328125,83.1728515625,4.063039381387891,7.234918309928661,5.75220277205729,10.085190581439823
00000448,gaussian,2.0,0.02424370537391958,0.9537117583196958,0.064453125,83.1611328125,83.0966796875,4.063039381387891,8.545226809142012,5.75220277205729,11.916465382396954
00000448,constant,3.0,0.02424370537391958,0.9326533831028863,6.0,83.1611328125,89.1611328125,4.063039381387891,4.06303938138789,5.75220277205729,5.75220277205729
00000448,rademacher,3.0,0.02424370537391958,0.9303012859156653,0.041015625,83.1611328125,83.2021484375,4.063039381387891,9.92813843080276,5.75220277205729,14.415708144174085
00000448,gaussian,3.0,0.02424370537391958,0.9305950645882963,0.04296875,83.1611328125,83.2041015625,4.063039381387891,12.048754999764459,5.75220277205729,16.665733217079048
00000458,constant,1.0,0.026614508468471944,0.9758636325837038,1.875,75.9276123046875,77.8026123046875,3.9672731828495547,3.967273182849555,5.589469260025384,5.589469260025384
00000458,rademacher,1.0,0.026614508468471944,0.9747479239864543,0.08203125,75.9276123046875,75.8455810546875,3.9672731828495547,4.950306230410842,5.589469260025384,6.884255910380911
00000458,gaussian,1.0,0.026614508468471944,0.9744969981056546,0.0548095703125,75.9276123046875,75.872802734375,3.9672731828495547,5.524497540649763,5.589469260025384,7.681779011269888
00000458,constant,2.0,0.026614508468471944,0.9528780731441634,3.75,75.9276123046875,79.6776123046875,3.9672731828495547,3.9672731828495547,5.589469260025384,5.589469260025384
00000458,rademacher,2.0,0.026614508468471944,0.9500928508750587,0.1982421875,75.9276123046875,75.7293701171875,3.9672731828495547,7.0488503058423975,5.589469260025384,9.917450675689231
00000458,gaussian,2.0,0.026614508468471944,0.9507572311100095,0.046142578125,75.9276123046875,75.8814697265625,3.9672731828495547,8.374073646366723,5.589469260025384,11.570369669956797
00000458,constant,3.0,0.026614508468471944,0.9309629443356744,5.625,75.9276123046875,81.5526123046875,3.9672731828495547,3.9672731828495547,5.589469260025384,5.589469260025384
00000458,rademacher,3.0,0.026614508468471944,0.9259990416271868,0.2303466796875,75.9276123046875,75.697265625,3.9672731828495547,9.636024736153026,5.589469260025384,13.456522751959993
00000458,gaussian,3.0,0.026614508468471944,0.9251241988111015,0.2366943359375,75.9276123046875,75.69091796875,3.9672731828495547,11.95149780709385,5.589469260025384,16.985825515101272
00000479,constant,1.0,0.027190013915306014,0.9753059651151585,1.875,74.1302490234375,76.0052490234375,4.083511147287985,4.083511147287986,5.791323381302583,5.791323381302583
00000479,rademacher,1.0,0.027190013915306014,0.97420699431663,0.010498046875,74.1302490234375,74.1197509765625,4.083511147287985,5.060319435519237,5.791323381302583,7.149078032829714
00000479,gaussian,1.0,0.027190013915306014,0.9745440698569436,0.1341552734375,74.1302490234375,73.99609375,4.083511147287985,5.5820008958624,5.791323381302583,7.77799572841206
00000479,constant,2.0,0.027190013915306014,0.9518095894919983,3.75,74.1302490234375,77.8802490234375,4.083511147287985,4.083511147287984,5.791323381302583,5.791323381302583
00000479,rademacher,2.0,0.027190013915306014,0.948913446848297,0.164794921875,74.1302490234375,73.9654541015625,4.083511147287985,7.113507096072917,5.791323381302583,9.818125592284355
00000479,gaussian,2.0,0.027190013915306014,0.9473940051208666,0.074951171875,74.1302490234375,74.0552978515625,4.083511147287985,8.693369993574263,5.791323381302583,12.397262256577324
00000479,constant,3.0,0.027190013915306014,0.9294272324038729,5.625,74.1302490234375,79.7552490234375,4.083511147287985,4.083511147287985,5.791323381302583,5.791323381302583
00000479,rademacher,3.0,0.027190013915306014,0.9244958299098093,0.147216796875,74.1302490234375,73.9830322265625,4.083511147287985,9.661443696000456,5.791323381302583,13.230410409236239
00000479,gaussian,3.0,0.027190013915306014,0.925484131659043,0.21484375,74.1302490234375,73.9154052734375,4.083511147287985,11.747580125769652,5.791323381302583,16.644795903859126
00000482,constant,1.0,0.024613572654564955,0.9760689192694034,2.0,81.590234375,83.590234375,4.004711688032601,4.0047116880326,5.619782041787113,5.619782041787113
00000482,rademacher,1.0,0.024613572654564955,0.975769648420958,0.064453125,81.590234375,81.52578125,4.004711688032601,5.001457767472124,5.619782041787113,7.034259036548572
00000482,gaussian,1.0,0.024613572654564955,0.9769995292024595,0.03515625,81.590234375,81.625390625,4.004711688032601,5.525106004518432,5.619782041787113,7.7794562783071
00000482,constant,2.0,0.024613572654564955,0.9532564619221808,4.0,81.590234375,85.590234375,4.004711688032601,4.004711688032601,5.619782041787113,5.619782041787113
00000482,rademacher,2.0,0.024613572654564955,0.9521923508694952,0.19140625,81.590234375,81.781640625,4.004711688032601,7.262653453934938,5.619782041787113,10.194047495729702
00000482,gaussian,2.0,0.024613572654564955,0.9520265048482486,0.1123046875,81.590234375,81.7025390625,4.004711688032601,8.626102281814871,5.619782041787113,11.940835288169563
00000482,constant,3.0,0.024613572654564955,0.931488063648648,6.0,81.590234375,87.590234375,4.004711688032601,4.004711688032601,5.619782041787113,5.619782041787113
00000482,rademacher,3.0,0.024613572654564955,0.9290187698527288,0.087890625,81.590234375,81.50234375,4.004711688032601,9.833463587539342,5.619782041787113,13.999766996594857
00000482,gaussian,3.0,0.024613572654564955,0.9286173217281977,0.1953125,81.590234375,81.394921875,4.004711688032601,12.112152203436846,5.619782041787113,17.29346597141282
00000487,constant,1.0,0.02570626043197728,0.9781481684546546,1.75,78.4033203125,80.1533203125,3.6334797976083513,3.633479797608352,5.535034052537282,5.535034052537282
00000487,rademacher,1.0,0.02570626043197728,0.9762443752483206,0.148193359375,78.4033203125,78.255126953125,3.6334797976083513,4.678384955110913,5.535034052537282,6.8831939104471775
00000487,gaussian,1.0,0.02570626043197728,0.9772737076269881,0.12451171875,78.4033203125,78.27880859375,3.6334797976083513,5.203166056906848,5.535034052537282,7.499467571391225
00000487,constant,2.0,0.02570626043197728,0.9572366263853532,3.5,78.4033203125,81.9033203125,3.6334797976083513,3.6334797976083526,5.535034052537282,5.535034052537282
00000487,rademacher,2.0,0.02570626043197728,0.9532298734362248,0.21044921875,78.4033203125,78.19287109375,3.6334797976083513,6.817064076459142,5.535034052537282,9.793036210068617
00000487,gaussian,2.0,0.02570626043197728,0.9533188987048423,0.204345703125,78.4033203125,78.198974609375,3.6334797976083513,8.150766252148468,5.535034052537282,11.656605669106748
00000487,constant,3.0,0.02570626043197728,0.9372059630403567,5.25,78.4033203125,83.6533203125,3.6334797976083513,3.6334797976083517,5.535034052537282,5.535034052537282
00000487,rademacher,3.0,0.02570626043197728,0.9303379863093391,0.448974609375,78.4033203125,77.954345703125,3.6334797976083513,9.16238998101305,5.535034052537282,13.560834527618374
00000487,gaussian,3.0,0.02570626043197728,0.9305615281215136,0.063232421875,78.4033203125,78.340087890625,3.6334797976083513,11.51612589473806,5.535034052537282,16.564613988459026
00000500,constant,1.0,0.023865779043367837,0.9768924542416462,2.0,84.59537760416667,86.59537760416667,4.548433613236724,4.548433613236726,6.690403813802923,6.690403813802923
00000500,rademacher,1.0,0.023865779043367837,0.9766121914848291,0.046875,84.59537760416667,84.54850260416667,4.548433613236724,5.507073545999204,6.690403813802923,7.979400403020311
00000500,gaussian,1.0,0.023865779043367837,0.9773079220616157,0.0185546875,84.59537760416667,84.57682291666667,4.548433613236724,5.96358695743985,6.690403813802923,8.544899043929014
00000500,constant,2.0,0.023865779043367837,0.9548322145185054,4.0,84.59537760416667,88.59537760416667,4.548433613236724,4.548433613236725,6.690403813802923,6.690403813802923
00000500,rademacher,2.0,0.023865779043367837,0.9538265660621129,0.15625,84.59537760416667,84.75162760416667,4.548433613236724,7.529576496738044,6.690403813802923,10.656181773552575
00000500,gaussian,2.0,0.023865779043367837,0.954222160371007,0.052734375,84.59537760416667,84.54264322916667,4.548433613236724,8.752161215032341,6.690403813802923,12.366769238510173
00000500,constant,3.0,0.023865779043367837,0.9337463035690545,6.0,84.59537760416667,90.59537760416667,4.548433613236724,4.548433613236726,6.690403813802923,6.690403813802923
00000500,rademacher,3.0,0.023865779043367837,0.9314017926879161,0.140625,84.59537760416667,84.45475260416667,4.548433613236724,10.097526725005155,6.690403813802923,14.411355539366417
00000500,gaussian,3.0,0.023865779043367837,0.9311877799437508,0.203125,84.59537760416667,84.39225260416667,4.548433613236724,12.25588161217114,6.690403813802923,17.314702665006404
00000501,constant,1.0,0.024512616380521275,0.9762492008706888,2.0,82.271484375,84.271484375,3.930971652691703,3.930971652691703,5.58069778624195,5.58069778624195
00000501,rademacher,1.0,0.024512616380521275,0.9759584742614714,0.037109375,82.271484375,82.234375,3.930971652691703,4.958946265241468,5.58069778624195,6.9612363836268765
00000501,gaussian,1.0,0.024512616380521275,0.9771189058363994,0.0673828125,82.271484375,82.3388671875,3.930971652691703,5.437233943681594,5.58069778624195,7.779367964787219
00000501,constant,2.0,0.024512616380521275,0.9536022277269751,4.0,82.271484375,86.271484375,3.930971652691703,3.930971652691703,5.58069778624195,5.58069778624195
00000501,rademacher,2.0,0.024512616380521275,0.9524906938244083,0.02734375,82.271484375,82.244140625,3.930971652691703,7.206168322191112,5.58069778624195,10.092781505771633
00000501,gaussian,2.0,0.024512616380521275,0.9521561519316092,0.107421875,82.271484375,82.1640625,3.930971652691703,8.639257690811297,5.58069778624195,12.302094830814605
00000501,constant,3.0,0.024512616380521275,0.9319907511551837,6.0,82.271484375,88.271484375,3.930971652691703,3.9309716526917033,5.58069778624195,5.58069778624195
00000501,rademacher,3.0,0.024512616380521275,0.9295977587315765,0.029296875,82.271484375,82.30078125,3.930971652691703,9.848560514880226,5.58069778624195,13.862600215464996
00000501,gaussian,3.0,0.024512616380521275,0.9299483852276539,0.271484375,82.271484375,82.54296875,3.930971652691703,11.874803668599201,5.58069778624195,16.874129041740392
00000502,constant,1.0,0.024505265480275627,0.9763249198009062,1.7142857142857224,70.82938058035714,72.54366629464286,3.765201969791368,3.765201969791369,5.44316181422407,5.44316181422407
00000502,rademacher,1.0,0.024505265480275627,0.9739881242090918,0.188197544642847,70.82938058035714,70.64118303571429,3.765201969791368,4.723959931085895,5.44316181422407,6.676932263093432
00000502,gaussian,1.0,0.024505265480275627,0.9741905984901549,0.0880301339285694,70.82938058035714,70.74135044642857,3.765201969791368,5.446582393347792,5.44316181422407,7.774695005427363
00000502,constant,2.0,0.024505265480275627,0.9537556833126667,3.4285714285714306,70.82938058035714,74.25795200892857,3.765201969791368,3.7652019697913692,5.44316181422407,5.44316181422407
00000502,rademacher,2.0,0.024505265480275627,0.9487716856084275,0.2385602678571388,70.82938058035714,70.5908203125,3.765201969791368,6.8335408213592155,5.44316181422407,9.921289529514954
00000502,gaussian,2.0,0.024505265480275627,0.949175567789321,0.3235212053571388,70.82938058035714,70.505859375,3.765201969791368,8.14928063491568,5.44316181422407,11.507051864861113
00000502,constant,3.0,0.024505265480275627,0.932216586662945,5.142857142857153,70.82938058035714,75.97223772321429,3.765201969791368,3.7652019697913697,5.44316181422407,5.44316181422407
00000502,rademacher,3.0,0.024505265480275627,0.9241202708144951,0.3360770089285694,70.82938058035714,70.49330357142857,3.765201969791368,9.253912922481545,5.44316181422407,13.177976705612595
00000502,gaussian,3.0,0.024505265480275627,0.9259881629779055,0.4566127232142776,70.82938058035714,70.37276785714286,3.765201969791368,11.03763900870968,5.44316181422407,15.84881127835614
00000503,constant,1.0,0.025568331133075897,0.9782984798349778,1.75,78.969970703125,80.719970703125,3.8882749406575026,3.888274940657502,5.6163744350188445,5.6163744350188445
00000503,rademacher,1.0,0.025568331133075897,0.9764388857792174,0.176025390625,78.969970703125,78.7939453125,3.8882749406575026,4.85077065430753,5.6163744350188445,6.8938802812050834
00000503,gaussian,1.0,0.025568331133075897,0.9766144334945216,0.259765625,78.969970703125,78.710205078125,3.8882749406575026,5.388867683557135,5.6163744350188445,7.707283015619073
00000503,constant,2.0,0.025568331133075897,0.9575245341109253,3.5,78.969970703125,82.469970703125,3.8882749406575026,3.888274940657502,5.6163744350188445,5.6163744350188445
00000503,rademacher,2.0,0.025568331133075897,0.9533512778667603,0.42919921875,78.969970703125,78.540771484375,3.8882749406575026,6.861921826726197,5.6163744350188445,9.669078174864756
00000503,gaussian,2.0,0.025568331133075897,0.9531490456567024,0.2177734375,78.969970703125,78.752197265625,3.8882749406575026,8.222600159306635,5.6163744350188445,11.75896373033664
00000503,constant,3.0,0.025568331133075897,0.9376226573710377,5.25,78.969970703125,84.219970703125,3.8882749406575026,3.888274940657503,5.6163744350188445,5.6163744350188445
00000503,rademacher,3.0,0.025568331133075897,0.9309312273774268,0.33837890625,78.969970703125,78.631591796875,3.8882749406575026,9.348183236618597,5.6163744350188445,13.053875193389771
00000503,gaussian,3.0,0.025568331133075897,0.9317639378430744,0.44775390625,78.969970703125,78.522216796875,3.8882749406575026,11.416799125260422,5.6163744350188445,15.794273963913458
00000514,constant,1.0,0.02678633158185841,0.9762089562312287,1.8333333333333286,75.337890625,77.17122395833333,3.7340664053932966,3.7340664053932957,5.352506173310499,5.352506173310499
00000514,rademacher,1.0,0.02678633158185841,0.974826123978565,0.0537109375,75.337890625,75.2841796875,3.7340664053932966,4.736135591668668,5.352506173310499,6.702138244114837
00000514,gaussian,1.0,0.02678633158185841,0.9753469108919346,0.068359375,75.337890625,75.26953125,3.7340664053932966,5.341706852973098,5.352506173310499,7.586191335908804
00000514,constant,2.0,0.02678633158185841,0.9535393489905233,3.6666666666666714,75.337890625,79.00455729166667,3.7340664053932966,3.734066405393296,5.352506173310499,5.352506173310499
00000514,rademacher,2.0,0.02678633158185841,0.9501899696048632,0.2854817708333286,75.337890625,75.05240885416667,3.7340664053932966,6.917571323924521,5.352506173310499,9.804306816137474
00000514,gaussian,2.0,0.02678633158185841,0.9521040518570132,0.1902669270833286,75.337890625,75.14762369791667,3.7340664053932966,8.116109244516743,5.352506173310499,11.525601432664834
00000514,constant,3.0,0.02678633158185841,0.9319080993905373,5.5,75.337890625,80.837890625,3.7340664053932966,3.734066405393296,5.352506173310499,5.352506173310499
00000514,rademacher,3.0,0.02678633158185841,0.9264236137880452,0.18896484375,75.337890625,75.14892578125,3.7340664053932966,9.470560548231894,5.352506173310499,13.43080593095816
00000514,gaussian,3.0,0.02678633158185841,0.9284548229114913,0.3076171875,75.337890625,75.0302734375,3.7340664053932966,11.444225484360564,5.352506173310499,16.23182099574676
00000517,constant,1.0,0.03088768484947244,0.974559111951024,1.806354009077154,69.65752647503783,71.46388048411498,11.147723354098792,11.147723354098792,22.86814087195991,22.86814087195991
00000517,rademacher,1.0,0.03088768484947244,0.9728329061524768,0.09766265812842789,69.65752647503783,69.5598638169094,11.147723354098792,11.773911618778829,22.86814087195991,23.515968961478123
00000517,gaussian,1.0,0.03088768484947244,0.9731853460409378,0.04182165006147898,69.65752647503783,69.61570482497635,11.147723354098792,11.981590773112533,22.86814087195991,23.588747321569013
00000517,constant,2.0,0.03088768484947244,0.9504468226803165,3.612708018154308,69.65752647503783,73.27023449319213,11.147723354098792,11.147723354098792,22.86814087195991,22.86814087195991
00000517,rademacher,2.0,0.03088768484947244,0.9463520506067784,0.18731652610648553,69.65752647503783,69.47020994893134,11.147723354098792,13.088490921327008,22.86814087195991,25.135543259190314
00000517,gaussian,2.0,0.03088768484947244,0.9476149677583642,0.35145038190891853,69.65752647503783,69.30607609312891,11.147723354098792,13.823104067356786,22.86814087195991,25.9575742326144
00000517,constant,3.0,0.03088768484947244,0.9275199129422789,5.419062027231462,69.65752647503783,75.07658850226929,11.147723354098792,11.147723354098792,22.86814087195991,22.86814087195991
00000517,rademacher,3.0,0.03088768484947244,0.9210074383400757,0.07004775364573845,69.65752647503783,69.58747872139209,11.147723354098792,14.685707041654519,22.86814087195991,26.79999240468266
00000517,gaussian,3.0,0.03088768484947244,0.9227267971120644,0.17514011140146124,69.65752647503783,69.48238636363637,11.147723354098792,15.832232139953254,22.86814087195991,27.962380261821714
00000526,constant,1.0,0.024181694122234136,0.9765862982819544,2.0,83.49055989583333,85.49055989583333,4.192762951913722,4.192762951913718,5.91935708135282,5.91935708135282
00000526,rademacher,1.0,0.024181694122234136,0.9763110955299665,0.013671875,83.49055989583333,83.50423177083333,4.192762951913722,5.188322867016361,5.91935708135282,7.36871655962766
00000526,gaussian,1.0,0.024181694122234136,0.9769613131935881,0.0361328125,83.49055989583333,83.52669270833333,4.192762951913722,5.729693851215468,5.91935708135282,8.06284489504282
00000526,constant,2.0,0.024181694122234136,0.9542510166647443,4.0,83.49055989583333,87.49055989583333,4.192762951913722,4.192762951913722,5.91935708135282,5.91935708135282
00000526,rademacher,2.0,0.024181694122234136,0.9531561322569708,0.08984375,83.49055989583333,83.40071614583333,4.192762951913722,7.3145357485947144,5.91935708135282,10.419822075528954
00000526,gaussian,2.0,0.024181694122234136,0.9536069519123852,0.0244140625,83.49055989583333,83.51497395833333,4.192762951913722,8.687660542271432,5.91935708135282,12.127579146867395
00000526,constant,3.0,0.024181694122234136,0.9329247221868577,6.0,83.49055989583333,89.49055989583333,4.192762951913722,4.192762951913718,5.91935708135282,5.91935708135282
00000526,rademacher,3.0,0.024181694122234136,0.930563134858059,0.01171875,83.49055989583333,83.50227864583333,4.192762951913722,9.917254131529786,5.91935708135282,13.90075074042258
00000526,gaussian,3.0,0.024181694122234136,0.9310911262400018,0.130859375,83.49055989583333,83.35970052083333,4.192762951913722,11.944777105135074,5.91935708135282,17.059725655568005
00000527,constant,1.0,0.027342715458588664,0.9760429046826717,1.9522192578219801,79.68299781712345,81.63521707494543,22.13989569626362,22.125287368524404,20.630325068769576,20.588941640425208
00000527,rademacher,1.0,0.027342715458588664,0.9754311576225059,0.023769100169772628,79.68299781712345,79.65922871695368,22.13989569626362,22.37017689567632,20.630325068769576,21.132606305194837
00000527,gaussian,1.0,0.027342715458588664,0.9759596008204956,0.005335920446270848,79.68299781712345,79.67766189667718,22.13989569626362,22.549691301774217,20.630325068769576,21.412455091731108
00000527,constant,2.0,0.027342715458588664,0.9532261995960721,3.9037108901285507,79.68299781712345,83.586708707252,22.13989569626362,22.110416331911797,20.630325068769576,20.549434881139717
00000527,rademacher,2.0,0.027342715458588664,0.951544309812307,0.04723022751507244,79.68299781712345,79.73022804463852,22.13989569626362,22.93991543046536,20.630325068769576,22.51070586373073
00000527,gaussian,2.0,0.027342715458588664,0.9530891971836853,0.1468503159104415,79.68299781712345,79.53614750121301,22.13989569626362,23.3796154681118,20.630325068769576,23.193383816952974
00000527,constant,3.0,0.027342715458588664,0.9314730168092008,5.854474896919726,79.68299781712345,85.53747271404318,22.13989569626362,22.095162657200373,20.630325068769576,20.512271036597046
00000527,rademacher,3.0,0.027342715458588664,0.9279598073908043,0.3283861666380119,79.68299781712345,79.35461165048544,22.13989569626362,23.972863136639802,20.630325068769576,24.05156693393495
00000527,gaussian,3.0,0.027342715458588664,0.9272594696468527,0.3113958753758794,79.68299781712345,79.37160194174757,22.13989569626362,25.01511324420325,20.630325068769576,26.211270385878212
00000551,constant,1.0,0.024942951587317297,0.9766664089081348,1.6087870105062052,67.56351480420248,69.17230181470869,10.33508023060582,10.33508023060582,25.183831130478527,25.183831130478527
00000551,rademacher,1.0,0.024942951587317297,0.9734106340691625,0.25577841451766403,67.56351480420248,67.30773638968482,10.33508023060582,11.118177535786646,25.183831130478527,25.978270590908018
00000551,gaussian,1.0,0.024942951587317297,0.9741992658714073,0.017390103772982002,67.56351480420248,67.58090490797547,10.33508023060582,11.026593454039965,25.183831130478527,23.67896516751727
00000551,constant,2.0,0.024942951587317297,0.9544278107483004,3.2175740210124104,67.56351480420248,70.7810888252149,10.33508023060582,10.335080230605822,25.183831130478527,25.183831130478527
00000551,rademacher,2.0,0.024942951587317297,0.9476914069188748,0.25334823326623734,67.56351480420248,67.31016657093625,10.33508023060582,11.947036510146958,25.183831130478527,24.606212269185015
00000551,gaussian,2.0,0.024942951587317297,0.9489959140373124,0.19260155102772103,67.56351480420248,67.7561163552302,10.33508023060582,12.620048269436799,25.183831130478527,23.407187840714943
00000551,constant,3.0,0.024942951587317297,0.9332040320878193,4.82636103151863,67.56351480420248,72.38987583572111,10.33508023060582,10.335080230605822,25.183831130478527,25.183831130478527
00000551,rademacher,3.0,0.024942951587317297,0.9229676487028126,0.5971371166356931,67.56351480420248,68.16065192083818,10.33508023060582,13.75264532629033,25.183831130478527,25.736087042122495
00000551,gaussian,3.0,0.024942951587317297,0.9225416061061374,1.116140570773041,67.56351480420248,68.67965537497552,10.33508023060582,15.076111151748108,25.183831130478527,26.458396897113623
00000557,constant,1.0,0.030984236423277852,0.9713419603706995,1.9404404404404403,65.92242242242243,67.86286286286287,5.610693289812588,5.548034088512675,9.559018504790505,9.47863219731076
00000557,rademacher,1.0,0.030984236423277852,0.9705027167811756,0.0526776776776785,65.92242242242243,65.86974474474475,5.610693289812588,6.5942571997821675,9.559018504790505,10.980681575349658
00000557,gaussian,1.0,0.030984236423277852,0.9708923052732661,0.07496903736424088,65.92242242242243,65.84745338505819,5.610693289812588,7.122917922555726,9.559018504790505,11.640269951103152
00000557,constant,2.0,0.030984236423277852,0.9448091312800867,3.844094094094089,65.92242242242243,69.76651651651652,5.610693289812588,5.487248745413216,9.559018504790505,9.447173973261684
00000557,rademacher,2.0,0.030984236423277852,0.9421042536553698,0.06656656656657844,65.92242242242243,65.85585585585585,5.610693289812588,8.635263345154474,9.559018504790505,13.992609624736696
00000557,gaussian,2.0,0.030984236423277852,0.9415592200026927,0.0972440968061079,65.92242242242243,65.82517832561632,5.610693289812588,9.997522405210004,9.559018504790505,15.488723432861063
00000557,constant,3.0,0.030984236423277852,0.9199474698929839,5.728603603603602,65.92242242242243,71.65102602602603,5.610693289812588,5.441346798678585,9.559018504790505,9.440410601945501
00000557,rademacher,3.0,0.030984236423277852,0.9145570656623547,0.1528066046274148,65.92242242242243,65.76961581779501,5.610693289812588,11.117680821487118,9.559018504790505,17.653137367284664
00000557,gaussian,3.0,0.030984236423277852,0.9161720136518772,0.06941127931487756,65.92242242242243,65.85301114310755,5.610693289812588,12.911242378471735,9.559018504790505,19.88328381521891
00000560,constant,1.0,0.024521637747753927,0.9790308393707238,2.0,94.38692979618247,96.38692979618247,25.05001157499715,25.05001157499715,54.800924967530335,54.800924967530335
00000560,rademacher,1.0,0.024521637747753927,0.9787607137648348,0.07617699993403448,94.38692979618247,94.4631067961165,25.05001157499715,25.118331917677533,54.800924967530335,54.79889868780762
00000560,gaussian,1.0,0.024521637747753927,0.9794500095013167,0.14530214421273513,94.38692979618247,94.5322319403952,25.05001157499715,25.171804272119527,54.800924967530335,54.68666682791874
00000560,constant,2.0,0.024521637747753927,0.9590239410681399,4.0,94.38692979618247,98.38692979618247,25.05001157499715,25.05001157499715,54.800924967530335,54.800924967530335
00000560,rademacher,2.0,0.024521637747753927,0.9581281036271517,0.14953697853390224,94.38692979618247,94.53646677471637,25.05001157499715,25.439824068221654,54.800924967530335,54.73145225052061
00000560,gaussian,2.0,0.024521637747753927,0.9576565268753692,0.34358968433700454,94.38692979618247,94.73051948051948,25.05001157499715,25.671078706796543,54.800924967530335,54.685380685386434
00000560,constant,3.0,0.024521637747753927,0.9398668291016443,6.0,94.38692979618247,100.38692979618247,25.05001157499715,25.05001157499715,54.800924967530335,54.800924967530335
00000560,rademacher,3.0,0.024521637747753927,0.9379403487528858,0.11093368345166255,94.38692979618247,94.27599611273081,25.05001157499715,26.39932061184247,54.800924967530335,55.85517121300788
00000560,gaussian,3.0,0.024521637747753927,0.9384163541632098,0.4872187604182443,94.38692979618247,94.87414855660072,25.05001157499715,26.994298614273053,54.800924967530335,55.99655898535246
00000563,constant,1.0,0.026623520843771144,0.9767254143743962,1.8000000000000114,75.63125,77.43125,3.9233866351053654,3.923386635105364,5.741266081622568,5.741266081622568
00000563,rademacher,1.0,0.026623520843771144,0.9751128969261913,0.14121093749999147,75.63125,75.4900390625,3.9233866351053654,4.8911363076577405,5.741266081622568,7.039937060301028
00000563,gaussian,1.0,0.026623520843771144,0.9756826570149422,0.078125,75.63125,75.553125,3.9233866351053654,5.50698401083415,5.741266081622568,7.889870992381958
00000563,constant,2.0,0.026623520843771144,0.9545213637921132,3.6000000000000085,75.63125,79.23125,3.9233866351053654,3.9233866351053654,5.741266081622568,5.741266081622568
00000563,rademacher,2.0,0.026623520843771144,0.950847410612743,0.15117187499998863,75.63125,75.480078125,3.9233866351053654,6.900739901459218,5.741266081622568,9.862916035870423
00000563,gaussian,2.0,0.026623520843771144,0.949887661415794,0.2236328125,75.63125,75.4076171875,3.9233866351053654,8.428866092619073,5.741266081622568,12.315608810896329
00000563,constant,3.0,0.026623520843771144,0.9333156575395295,5.400000000000006,75.63125,81.03125,3.9233866351053654,3.9233866351053663,5.741266081622568,5.741266081622568
00000563,rademacher,3.0,0.026623520843771144,0.9270291100374881,0.35273437499999716,75.63125,75.278515625,3.9233866351053654,9.427986536744326,5.741266081622568,13.209919697109166
00000563,gaussian,3.0,0.026623520843771144,0.9272294092872221,0.21562499999998863,75.63125,75.415625,3.9233866351053654,11.53593100814876,5.741266081622568,16.116098345114334
00000611,constant,1.0,0.026175695618662953,0.9755977663183502,1.7296066252587963,69.31069703243617,71.04030365769496,10.38701667139021,10.361510713212255,12.433153481381602,12.397866338298279
00000611,rademacher,1.0,0.026175695618662953,0.9733206382430415,0.15182884748102765,69.31069703243617,69.15886818495514,10.38701667139021,10.858603419663941,12.433153481381602,13.029516247685123
00000611,gaussian,1.0,0.026175695618662953,0.9740178013065829,0.058937198067638974,69.31069703243617,69.25175983436853,10.38701667139021,11.285750524351263,12.433153481381602,13.716185794024607
00000611,constant,2.0,0.026175695618662953,0.952381584637679,3.4590752242926186,69.31069703243617,72.76977225672879,10.38701667139021,10.33745535879645,12.433153481381602,12.36563184065655
00000611,rademacher,2.0,0.026175695618662953,0.947252896803795,0.3418995728199832,69.31069703243617,68.96879745961618,10.38701667139021,12.083951997704242,12.433153481381602,15.002942402392762
00000611,gaussian,2.0,0.026175695618662953,0.9488202215522654,0.2142033825189884,69.31069703243617,69.09649364991718,10.38701667139021,13.081895399070877,12.433153481381602,16.347838858878493
00000611,constant,3.0,0.026175695618662953,0.9302653470336048,5.188405797101439,69.31069703243617,74.4991028295376,10.38701667139021,10.31524786703289,12.433153481381602,12.337170833730084
00000611,rademacher,3.0,0.026175695618662953,0.9222334110155268,0.27521939577134447,69.31069703243617,69.03547763666482,10.38701667139021,13.867073062267426,12.433153481381602,17.6825889587984
00000611,gaussian,3.0,0.026175695618662953,0.9206274832116171,0.5441638279628762,69.31069703243617,68.76653320447329,10.38701667139021,15.66842720782162,12.433153481381602,20.295495970533764
00000612,constant,1.0,0.026694247183913552,0.9766817957697511,1.7999999999999972,75.4439453125,77.2439453125,3.723640580934515,3.723640580934515,5.522711385755999,5.522711385755999
00000612,rademacher,1.0,0.026694247183913552,0.975119044268348,0.11953125000000853,75.4439453125,75.3244140625,3.723640580934515,4.753055104049965,5.522711385755999,6.76864806185614
00000612,gaussian,1.0,0.026694247183913552,0.9757452366318378,0.2021484375,75.4439453125,75.241796875,3.723640580934515,5.326509800488688,5.522711385755999,7.691906558438549
00000612,constant,2.0,0.026694247183913552,0.9544310053001569,3.5999999999999943,75.4439453125,79.0439453125,3.723640580934515,3.7236405809345157,5.522711385755999,5.522711385755999
00000612,rademacher,2.0,0.026694247183913552,0.9508395255877691,0.18125000000000568,75.4439453125,75.2626953125,3.723640580934515,6.8732424237073575,5.522711385755999,9.895647774104473
00000612,gaussian,2.0,0.026694247183913552,0.951053600137514,0.13437500000000568,75.4439453125,75.3095703125,3.723640580934515,8.286351573984359,5.522711385755999,12.027780568242758
00000612,constant,3.0,0.026694247183913552,0.9331804861314116,5.3999999999999915,75.4439453125,80.8439453125,3.723640580934515,3.7236405809345157,5.522711385755999,5.522711385755999
00000612,rademacher,3.0,0.026694247183913552,0.9268471287435551,0.30351562500000284,75.4439453125,75.1404296875,3.723640580934515,9.395330336301395,5.522711385755999,13.594148187246805
00000612,gaussian,3.0,0.026694247183913552,0.9262051502317404,0.23105468750000568,75.4439453125,75.212890625,3.723640580934515,11.558637543614713,5.522711385755999,16.74817631495265
00000616,constant,1.0,0.02762144942925405,0.9749469434235727,1.5804138496209816,61.75660725261217,63.33702110223315,10.397863038674862,10.397863038674862,21.98766616177661,21.98766616177661
00000616,rademacher,1.0,0.02762144942925405,0.9713860008186656,0.14628149969268378,61.75660725261217,61.610325752919486,10.397863038674862,11.194286671758446,21.98766616177661,22.85027879795954
00000616,gaussian,1.0,0.02762144942925405,0.9730586058960129,0.22771380998921842,61.75660725261217,61.52889344262295,10.397863038674862,11.63663831463786,21.98766616177661,23.269152153785107
00000616,constant,2.0,0.02762144942925405,0.9511545405193854,3.1608276992419633,61.75660725261217,64.91743495185413,10.397863038674862,10.39786303867486,21.98766616177661,21.98766616177661
00000616,rademacher,2.0,0.02762144942925405,0.943019407982075,0.5065047515871584,61.75660725261217,61.25010250102501,10.397863038674862,12.554323332680873,21.98766616177661,24.536110882693514
00000616,gaussian,2.0,0.02762144942925405,0.9433604861649858,0.2871525580652232,61.75660725261217,61.46945469454695,10.397863038674862,13.615828215059024,21.98766616177661,25.897167499538966
00000616,constant,3.0,0.02762144942925405,0.9285214706725126,4.741241548862931,61.75660725261217,66.4978488014751,10.397863038674862,10.397863038674862,21.98766616177661,21.98766616177661
00000616,rademacher,3.0,0.02762144942925405,0.9163397607974695,0.40268850004753887,61.75660725261217,61.35391875256463,10.397863038674862,14.234812116317375,21.98766616177661,26.64622021022425
00000616,gaussian,3.0,0.02762144942925405,0.9173378279592547,0.3248683899556326,61.75660725261217,61.43173886265654,10.397863038674862,15.748408326546944,21.98766616177661,28.560564473112144
00000618,constant,1.0,0.028673474761692734,0.9745797113621412,1.8465581553068944,70.82790776534418,72.67446592065107,7.18710818110751,7.156918072431523,13.970930072002579,13.916899214001582
00000618,rademacher,1.0,0.028673474761692734,0.9732436493535949,0.045947778908100645,70.82790776534418,70.78195998643608,7.18710818110751,7.85017073734111,13.970930072002579,14.790821679450048
00000618,gaussian,1.0,0.028673474761692734,0.9732286292075372,0.015831781626403085,70.82790776534418,70.81207598371778,7.18710818110751,8.230639966220085,13.970930072002579,15.146814045906039
00000618,constant,2.0,0.028673474761692734,0.9504327408742185,3.6929467616141096,70.82790776534418,74.52085452695829,7.18710818110751,7.128614174062835,13.970930072002579,13.865822648437788
00000618,rademacher,2.0,0.028673474761692734,0.9470090655590429,0.17181144518139035,70.82790776534418,70.65609632016279,7.18710818110751,9.439029744622399,13.970930072002579,16.537484611249514
00000618,gaussian,2.0,0.028673474761692734,0.9477102100352778,0.0932252061619323,70.82790776534418,70.92113297150611,7.18710818110751,10.499715916393487,13.970930072002579,17.990599169835207
00000618,constant,3.0,0.028673474761692734,0.9274575277745708,5.538996269922009,70.82790776534418,76.36690403526619,7.18710818110751,7.103247721699896,13.970930072002579,13.81978309092155
00000618,rademacher,3.0,0.028673474761692734,0.9212157835982693,0.38957019112874036,70.82790776534418,70.43833757421544,7.18710818110751,11.45488800984781,13.970930072002579,19.051776949340873
00000618,gaussian,3.0,0.028673474761692734,0.922133722415408,0.09445037261028233,70.82790776534418,70.92235813795446,7.18710818110751,13.237481752368693,13.970930072002579,21.03134436041352
00000640,constant,1.0,0.027342257795123243,0.9751890854553371,1.875,73.8216552734375,75.6966552734375,4.034600198106278,4.034600198106278,5.8697219927635365,5.8697219927635365
00000640,rademacher,1.0,0.027342257795123243,0.9739975075500328,0.101318359375,73.8216552734375,73.7203369140625,4.034600198106278,5.035771560787041,5.8697219927635365,7.220839119434522
00000640,gaussian,1.0,0.027342257795123243,0.9748500234504329,0.11669921875,73.8216552734375,73.7049560546875,4.034600198106278,5.5862338835167265,5.8697219927635365,7.911235147117315
00000640,constant,2.0,0.027342257795123243,0.9515974966284426,3.75,73.8216552734375,77.5716552734375,4.034600198106278,4.034600198106278,5.8697219927635365,5.8697219927635365
00000640,rademacher,2.0,0.027342257795123243,0.9487333680495658,0.07861328125,73.8216552734375,73.7430419921875,4.034600198106278,7.143040916983549,5.8697219927635365,10.066897332947256
00000640,gaussian,2.0,0.027342257795123243,0.9488779000967035,0.2730712890625,73.8216552734375,73.548583984375,4.034600198106278,8.362914170644562,5.8697219927635365,11.834282139121026
00000640,constant,3.0,0.027342257795123243,0.9291346688669475,5.625,73.8216552734375,79.4466552734375,4.034600198106278,4.034600198106279,5.8697219927635365,5.8697219927635365
00000640,rademacher,3.0,0.027342257795123243,0.9240214081652488,0.232177734375,73.8216552734375,73.5894775390625,4.034600198106278,9.671650027755838,5.8697219927635365,13.706328253887667
00000640,gaussian,3.0,0.027342257795123243,0.9245457050870516,0.16162109375,73.8216552734375,73.6600341796875,4.034600198106278,11.741334201586131,5.8697219927635365,16.94990258735797
00000670,constant,1.0,0.023376166167928182,0.9824269597917269,1.6876913655848114,95.71769748928352,97.40538885486833,17.846245152549525,17.81699442214712,38.648549920608744,38.64530376983137
00000670,rademacher,1.0,0.023376166167928182,0.9806362159555296,0.20238824249847198,95.71769748928352,95.51530924678505,17.846245152549525,18.324470798376506,38.648549920608744,39.09208199852829
00000670,gaussian,1.0,0.023376166167928182,0.9809433471438814,0.104339646146272,95.71769748928352,95.61335784313725,17.846245152549525,18.532934238543213,38.648549920608744,39.25425157632376
00000670,constant,2.0,0.023376166167928182,0.9656040916606147,3.374157991426827,95.71769748928352,99.09185548071035,17.846245152549525,17.81699442214712,38.648549920608744,38.64530376983137
00000670,rademacher,2.0,0.023376166167928182,0.9616117829145223,0.3739474892835233,95.71769748928352,95.34375,17.846245152549525,19.29468745129677,38.648549920608744,40.13929370047901
00000670,gaussian,2.0,0.023376166167928182,0.9623081614304666,0.08660273307377508,95.71769748928352,95.63109475620975,17.846245152549525,19.595337653427094,38.648549920608744,40.18826211511506
00000670,constant,3.0,0.023376166167928182,0.9494140132420549,5.0575627679118185,95.71769748928352,100.77526025719534,17.846245152549525,17.81432036494142,38.648549920608744,38.639852485614675
00000670,rademacher,3.0,0.023376166167928182,0.9433613796674997,0.4495170658407517,95.71769748928352,95.26818042344277,17.846245152549525,20.2472788176374,38.648549920608744,41.07566599576797
00000670,gaussian,3.0,0.023376166167928182,0.9435597693163301,0.15985766111536748,95.71769748928352,95.55783982816816,17.846245152549525,21.29365416767702,38.648549920608744,42.002219138860504
00000679,constant,1.0,0.024109039071364153,0.9767026871897456,2.0,83.921875,85.921875,4.41179054421103,4.411790544211031,6.250328946433988,6.250328946433988
00000679,rademacher,1.0,0.024109039071364153,0.9764251296617869,0.001953125,83.921875,83.919921875,4.41179054421103,5.298601136136521,6.250328946433988,7.452244267138344
00000679,gaussian,1.0,0.024109039071364153,0.977529382662072,0.009765625,83.921875,83.931640625,4.41179054421103,5.809690158215438,6.250328946433988,8.408164315701633
00000679,constant,2.0,0.024109039071364153,0.9544741409232905,4.0,83.921875,87.921875,4.41179054421103,4.411790544211032,6.250328946433988,6.250328946433988
00000679,rademacher,2.0,0.024109039071364153,0.9534551028228382,0.18359375,83.921875,84.10546875,4.41179054421103,7.354126993562774,6.250328946433988,10.588083965427977
00000679,gaussian,2.0,0.024109039071364153,0.9544380177497983,0.1240234375,83.921875,84.0458984375,4.41179054421103,8.670161018224015,6.250328946433988,12.419344296695389
00000679,constant,3.0,0.024109039071364153,0.9332399360337099,6.0,83.921875,89.921875,4.41179054421103,4.411790544211032,6.250328946433988,6.250328946433988
00000679,rademacher,3.0,0.024109039071364153,0.9309267898117436,0.017578125,83.921875,83.939453125,4.41179054421103,10.03571450176142,6.250328946433988,14.207773064329967
00000679,gaussian,3.0,0.024109039071364153,0.9316377878863655,0.005859375,83.921875,83.927734375,4.41179054421103,12.115218060683816,6.250328946433988,17.332431777807752
00000684,constant,1.0,0.028076098763982267,0.9780505033682312,1.7616942052594737,79.3032348149872,81.06492902024668,14.779844035489655,14.779844035489655,29.956562582115943,29.956562582115943
00000684,rademacher,1.0,0.028076098763982267,0.9762991348777798,0.1142657668140572,79.3032348149872,79.18896904817315,14.779844035489655,15.425757250555623,29.956562582115943,30.70208988026026
00000684,gaussian,1.0,0.028076098763982267,0.9770323202583066,0.0760467330505179,79.3032348149872,79.22718808193669,14.779844035489655,15.731214494995669,29.956562582115943,30.972069626243034
00000684,constant,2.0,0.028076098763982267,0.9571460686786939,3.5233884105189617,79.3032348149872,82.82662322550617,14.779844035489655,14.779844035489655,29.956562582115943,29.956562582115943
00000684,rademacher,2.0,0.028076098763982267,0.9531965372043727,0.2552720676065263,79.3032348149872,79.04796274738068,14.779844035489655,16.49208515315196,29.956562582115943,32.10267287895155
00000684,gaussian,2.0,0.028076098763982267,0.9522162733518693,0.3037006896669112,79.3032348149872,78.9995341253203,14.779844035489655,17.282201225913106,29.956562582115943,32.8605395447059
00000684,constant,3.0,0.028076098763982267,0.9371681075042785,5.28508261577845,79.3032348149872,84.58831743076566,14.779844035489655,14.779844035489655,29.956562582115943,29.956562582115943
00000684,rademacher,3.0,0.028076098763982267,0.9304198420080959,0.5155396390375415,79.3032348149872,78.78769517594966,14.779844035489655,17.821090013057308,29.956562582115943,33.56066722867953
00000684,gaussian,3.0,0.028076098763982267,0.9295716685965988,0.24452092868710906,79.3032348149872,79.0587138863001,14.779844035489655,19.42171443450426,29.956562582115943,35.43530328619587
00000699,constant,1.0,0.025482877480674702,0.9814633169852868,1.6405276658116463,90.08024917552217,91.72077684133382,27.47358900489372,27.322927750216156,56.544534067527835,56.20366591793936
00000699,rademacher,1.0,0.025482877480674702,0.9792628218081881,0.0908913773570248,90.08024917552217,89.98935779816514,27.47358900489372,27.267683064694886,56.544534067527835,55.91010716915616
00000699,gaussian,1.0,0.025482877480674702,0.9798685125584253,0.21221398490632737,90.08024917552217,89.86803519061584,27.47358900489372,27.588047611350913,56.544534067527835,56.48536170470811
00000699,constant,2.0,0.025482877480674702,0.9638968729234411,3.2751923781604972,90.08024917552217,93.35544155368267,27.47358900489372,27.175982242815607,56.544534067527835,55.879673842595324
00000699,rademacher,2.0,0.025482877480674702,0.9593591622030601,0.2768021641543612,90.08024917552217,89.80344701136781,27.47358900489372,27.910063097392392,56.544534067527835,56.641364329194204
00000699,gaussian,2.0,0.025482877480674702,0.9598549660878947,0.29797628107567675,90.08024917552217,89.78227289444649,27.47358900489372,27.259429297354554,56.544534067527835,54.882671181688856
00000699,constant,3.0,0.025482877480674702,0.947109162207584,4.903627702455111,90.08024917552217,94.98387687797728,27.47358900489372,27.03147779521343,56.544534067527835,55.569096577802426
00000699,rademacher,3.0,0.025482877480674702,0.9398390310111361,0.33861007225131345,90.08024917552217,89.74163910327086,27.47358900489372,28.088996224227035,56.544534067527835,56.45546185828129
00000699,gaussian,3.0,0.025482877480674702,0.9396412968498505,0.1100864939724886,90.08024917552217,90.19033566949466,27.47358900489372,28.46662222898326,56.544534067527835,55.86046437215592
00000700,constant,1.0,0.03159918606700527,0.9698070579168098,1.809168840849793,58.15905702571748,59.96822586656727,4.197860113678767,4.197860113678766,7.106606698984748,7.106606698984748
00000700,rademacher,1.0,0.03159918606700527,0.9677514503566347,0.06923220275810849,58.15905702571748,58.08982482295937,4.197860113678767,5.222962223560888,7.106606698984748,8.482773773879702
00000700,gaussian,1.0,0.03159918606700527,0.9682666553158752,0.023947074170706628,58.15905702571748,58.18300409988819,4.197860113678767,5.815794379036678,7.106606698984748,9.13465669925101
00000700,constant,2.0,0.03159918606700527,0.9413924275927396,3.618337681699593,58.15905702571748,61.77739470741707,4.197860113678767,4.197860113678766,7.106606698984748,7.106606698984748
00000700,rademacher,2.0,0.03159918606700527,0.9364189694207518,0.1936265374580728,58.15905702571748,57.96543048825941,4.197860113678767,7.3334490081691905,7.106606698984748,11.099836581291253
00000700,gaussian,2.0,0.03159918606700527,0.9369193055216594,0.20304174289201882,58.15905702571748,57.95601528282546,4.197860113678767,8.574413650215751,7.106606698984748,12.95047349385953
00000700,constant,3.0,0.03159918606700527,0.9145994771456372,5.427506522549386,58.15905702571748,63.58656354826687,4.197860113678767,4.197860113678768,7.106606698984748,7.106606698984748
00000700,rademacher,3.0,0.03159918606700527,0.905692670336125,0.5255311218784939,58.15905702571748,57.633525903838986,4.197860113678767,9.745135655539608,7.106606698984748,14.428397853759769
00000700,gaussian,3.0,0.03159918606700527,0.9068554339429262,0.15719326651517207,58.15905702571748,58.00186375920231,4.197860113678767,11.801129761542704,7.106606698984748,17.4162646516198
00000705,constant,1.0,0.025605152258132338,0.9767493129586567,1.875,78.9744873046875,80.8494873046875,4.036817542433124,4.036817542433124,5.3534329075826435,5.3534329075826435
00000705,rademacher,1.0,0.025605152258132338,0.9756654306104956,0.080078125,78.9744873046875,78.8944091796875,4.036817542433124,5.0085887200682935,5.3534329075826435,6.858600403067957
00000705,gaussian,1.0,0.025605152258132338,0.9759010355429911,0.170654296875,78.9744873046875,78.8038330078125,4.036817542433124,5.554327513835195,5.3534329075826435,7.53969413858246
00000705,constant,2.0,0.025605152258132338,0.954567925282853,3.75,78.9744873046875,82.7244873046875,4.036817542433124,4.036817542433125,5.3534329075826435,5.3534329075826435
00000705,rademacher,2.0,0.025605152258132338,0.9518537041597855,0.23681640625,78.9744873046875,78.7376708984375,4.036817542433124,7.1155233004136065,5.3534329075826435,9.885843025505869
00000705,gaussian,2.0,0.025605152258132338,0.9524034842131042,0.268798828125,78.9744873046875,78.7056884765625,4.036817542433124,8.43108756926317,5.3534329075826435,11.799675027209696
00000705,constant,3.0,0.025605152258132338,0.9333904742115713,5.625,78.9744873046875,84.5994873046875,4.036817542433124,4.036817542433125,5.3534329075826435,5.3534329075826435
00000705,rademacher,3.0,0.025605152258132338,0.9287261565838956,0.2169189453125,78.9744873046875,78.757568359375,4.036817542433124,9.63171867247267,5.3534329075826435,13.518165133799773
00000705,gaussian,3.0,0.025605152258132338,0.9302013683139544,0.006591796875,78.9744873046875,78.9810791015625,4.036817542433124,11.608097477416772,5.3534329075826435,16.401399499117176
00000714,constant,1.0,0.024887882954006495,0.9759565947249231,2.0,81.338134765625,83.338134765625,4.326902145229205,4.326902145229204,5.832807002614966,5.832807002614966
00000714,rademacher,1.0,0.024887882954006495,0.9756628248909125,0.052734375,81.338134765625,81.390869140625,4.326902145229205,5.268994844045482,5.832807002614966,7.209587681300075
00000714,gaussian,1.0,0.024887882954006495,0.9763498371973607,0.09765625,81.338134765625,81.240478515625,4.326902145229205,5.766459407478246,5.832807002614966,7.989057102765414
00000714,constant,2.0,0.024887882954006495,0.9530613003910843,4.0,81.338134765625,85.338134765625,4.326902145229205,4.326902145229204,5.832807002614966,5.832807002614966
00000714,rademacher,2.0,0.024887882954006495,0.9519036432550865,0.03515625,81.338134765625,81.373291015625,4.326902145229205,7.379563186346969,5.832807002614966,10.254339685101614
00000714,gaussian,2.0,0.024887882954006495,0.9531200098447979,0.08642578125,81.338134765625,81.424560546875,4.326902145229205,8.570584718938466,5.832807002614966,12.034757029831624
00000714,constant,3.0,0.024887882954006495,0.9312286155153521,6.0,81.338134765625,87.338134765625,4.326902145229205,4.326902145229205,5.832807002614966,5.832807002614966
00000714,rademacher,3.0,0.024887882954006495,0.9288508182835271,0.23193359375,81.338134765625,81.570068359375,4.326902145229205,9.98139885541508,5.832807002614966,14.259145528642593
00000714,gaussian,3.0,0.024887882954006495,0.9280181229323461,0.1728515625,81.338134765625,81.165283203125,4.326902145229205,12.282352885139204,5.832807002614966,17.18497430395201
00000743,constant,1.0,0.024618217289992677,0.9761414193620483,2.0,81.89375,83.89375,3.792918912293215,3.792918912293217,5.23971610898099,5.23971610898099
00000743,rademacher,1.0,0.024618217289992677,0.9758566996539515,0.0390625,81.89375,81.9328125,3.792918912293215,4.887859689431331,5.23971610898099,6.77537349902061
00000743,gaussian,1.0,0.024618217289992677,0.9757808691474555,0.0771484375,81.89375,81.9708984375,3.792918912293215,5.551798570876761,5.23971610898099,7.734667253086355
00000743,constant,2.0,0.024618217289992677,0.9534012770137524,4.0,81.89375,85.89375,3.792918912293215,3.792918912293217,5.23971610898099,5.23971610898099
00000743,rademacher,2.0,0.024618217289992677,0.952262383363691,0.08203125,81.89375,81.81171875,3.792918912293215,7.088877595893709,5.23971610898099,10.081993574458929
00000743,gaussian,2.0,0.024618217289992677,0.9515511458915595,0.125,81.89375,81.76875,3.792918912293215,8.546648045103101,5.23971610898099,12.044863615049355
00000743,constant,3.0,0.024618217289992677,0.9317068726445282,6.0,81.89375,87.89375,3.792918912293215,3.792918912293215,5.23971610898099,5.23971610898099
00000743,rademacher,3.0,0.024618217289992677,0.9292158894645941,0.15937499999999716,81.89375,81.734375,3.792918912293215,9.751221616034005,5.23971610898099,13.387813512872393
00000743,gaussian,3.0,0.024618217289992677,0.9289287999226736,0.07929687499999716,81.89375,81.814453125,3.792918912293215,12.093859874986588,5.23971610898099,17.00003088891423
00000749,constant,1.0,0.02930767972898341,0.9754242669563831,1.7767604098539351,70.66644865925441,72.44320906910835,9.898516069820653,9.898516069820655,12.797543881197447,12.797543881197447
00000749,rademacher,1.0,0.02930767972898341,0.9736919884578703,0.08925720700844408,70.66644865925441,70.57719145224597,9.898516069820653,10.395098687128048,12.797543881197447,13.342747292038068
00000749,gaussian,1.0,0.02930767972898341,0.9740954135491998,0.22105951602354423,70.66644865925441,70.44538914323087,9.898516069820653,10.835631607789566,12.797543881197447,13.92667088400573
00000749,constant,2.0,0.02930767972898341,0.9520414757372812,3.5535208197078703,70.66644865925441,74.21996947896228,9.898516069820653,9.898516069820655,12.797543881197447,12.797543881197447
00000749,rademacher,2.0,0.02930767972898341,0.9478139369611631,0.30346631785481293,70.66644865925441,70.3629823413996,9.898516069820653,11.881199537841509,12.797543881197447,15.671701097958977
00000749,gaussian,2.0,0.02930767972898341,0.9471578561359107,0.06775727430348866,70.66644865925441,70.59869138495092,9.898516069820653,12.666801159499148,12.797543881197447,16.772720418265394
00000749,constant,3.0,0.02930767972898341,0.9297695032917856,5.330281229561805,70.66644865925441,75.99672988881622,9.898516069820653,9.898516069820655,12.797543881197447,12.797543881197447
00000749,rademacher,3.0,0.02930767972898341,0.923163376054943,0.09254806920796455,70.66644865925441,70.75899672846238,9.898516069820653,13.48550188835342,12.797543881197447,18.01391294940265
00000749,gaussian,3.0,0.02930767972898341,0.9233164192938884,0.1461607011392374,70.66644865925441,70.52028795811518,9.898516069820653,15.12427272944945,12.797543881197447,20.133254389511148
00000759,constant,1.0,0.025763195824879945,0.9763175094369823,2.0,82.77049180327869,84.77049180327869,11.081546188075164,11.081546188075166,18.93680085799206,18.93680085799206
00000759,rademacher,1.0,0.025763195824879945,0.9760141248278283,0.043604610742633554,82.77049180327869,82.72688719253605,11.081546188075164,11.556124750259407,18.93680085799206,19.527615248447102
00000759,gaussian,1.0,0.025763195824879945,0.9770125030379951,0.035613340870554566,82.77049180327869,82.80610514414924,11.081546188075164,11.995544834317077,18.93680085799206,20.28899168131857
00000759,constant,2.0,0.025763195824879945,0.9537649645736623,4.0,82.77049180327869,86.77049180327869,11.081546188075164,11.081546188075164,18.93680085799206,18.93680085799206
00000759,rademacher,2.0,0.025763195824879945,0.9526417246416446,0.01825254061272119,82.77049180327869,82.78874434389141,11.081546188075164,13.049942277234097,18.93680085799206,21.444154032275637
00000759,gaussian,2.0,0.025763195824879945,0.9530934263439749,0.08442901120095314,82.77049180327869,82.85492081447964,11.081546188075164,13.983864009831459,18.93680085799206,22.833244571322187
00000759,constant,3.0,0.025763195824879945,0.9322545517070095,6.0,82.77049180327869,88.77049180327869,11.081546188075164,11.081546188075164,18.93680085799206,18.93680085799206
00000759,rademacher,3.0,0.025763195824879945,0.9298335239463823,0.048178635193735886,82.77049180327869,82.81867043847242,11.081546188075164,14.749453403585274,18.93680085799206,23.805702973006873
00000759,gaussian,3.0,0.025763195824879945,0.9296865732625114,0.1485342442864379,82.77049180327869,82.91902604756513,11.081546188075164,16.245183267922982,18.93680085799206,25.793234934765874
00000774,constant,1.0,0.024589644213012497,0.976206272909272,2.0,82.1484375,84.1484375,4.074089494495605,4.074089494495605,5.79975339733084,5.79975339733084
00000774,rademacher,1.0,0.024589644213012497,0.9759186613735485,0.005859375,82.1484375,82.154296875,4.074089494495605,5.068100804125707,5.79975339733084,7.152933316821284
00000774,gaussian,1.0,0.024589644213012497,0.9771828993237563,0.0615234375,82.1484375,82.0869140625,4.074089494495605,5.585340656537949,5.79975339733084,7.93547372534631
00000774,constant,2.0,0.024589644213012497,0.9535275212977605,4.0,82.1484375,86.1484375,4.074089494495605,4.074089494495603,5.79975339733084,5.79975339733084
00000774,rademacher,2.0,0.024589644213012497,0.9523875885268779,0.109375,82.1484375,82.0390625,4.074089494495605,7.253017206760114,5.79975339733084,10.264374349703216
00000774,gaussian,2.0,0.024589644213012497,0.9531517009148787,0.2080078125,82.1484375,81.9404296875,4.074089494495605,8.552141708324056,5.79975339733084,12.109183007723317
00000774,constant,3.0,0.024589644213012497,0.9318802901162533,6.0,82.1484375,88.1484375,4.074089494495605,4.074089494495605,5.79975339733084,5.79975339733084
00000774,rademacher,3.0,0.024589644213012497,0.9294866772283131,0.044759114583328596,82.1484375,82.19319661458333,4.074089494495605,9.870551342813899,5.79975339733084,13.499684874596122
00000774,gaussian,3.0,0.024589644213012497,0.926849841035995,0.052571614583328596,82.1484375,82.20100911458333,4.074089494495605,12.394993682646879,5.79975339733084,17.790300138551206
00000775,constant,1.0,0.030327484335034793,0.9741716287787084,1.7999999999999972,70.0029296875,71.8029296875,3.701380872025016,3.701380872025015,5.483780407887779,5.483780407887779
00000775,rademacher,1.0,0.030327484335034793,0.9721563213830083,0.09121093749999432,70.0029296875,69.91171875,3.701380872025016,4.722064536459307,5.483780407887779,6.826148416901641
00000775,gaussian,1.0,0.030327484335034793,0.972306378759502,0.019726562499997158,70.0029296875,69.983203125,3.701380872025016,5.3437265199310335,5.483780407887779,7.632374005540382
00000775,constant,2.0,0.030327484335034793,0.9503167067802052,3.5999999999999943,70.0029296875,73.6029296875,3.701380872025016,3.701380872025017,5.483780407887779,5.483780407887779
00000775,rademacher,2.0,0.030327484335034793,0.9457305946628014,0.14199218749999432,70.0029296875,69.8609375,3.701380872025016,6.849856003051828,5.483780407887779,9.789226616850485
00000775,gaussian,2.0,0.030327484335034793,0.9444322012455414,0.004332334089795609,70.0029296875,70.0072620215898,3.701380872025016,8.477819566204053,5.483780407887779,11.916012281687975
00000775,constant,3.0,0.030327484335034793,0.9276309825080362,5.400000000000006,70.0029296875,75.4029296875,3.701380872025016,3.701380872025016,5.483780407887779,5.483780407887779
00000775,rademacher,3.0,0.030327484335034793,0.9197067931101219,0.41636126120270944,70.0029296875,70.41929094870271,3.701380872025016,9.384263942220624,5.483780407887779,13.711147506136374
00000775,gaussian,3.0,0.030327484335034793,0.9209163030650074,1.0030559469772555,70.0029296875,71.00598563447726,3.701380872025016,11.41064464220767,5.483780407887779,15.857243265514875
00000786,constant,1.0,0.024057582988960675,0.9766889254394275,2.0,83.89420572916667,85.89420572916667,4.49655506929739,4.496555069297391,6.35919365151689,6.35919365151689
00000786,rademacher,1.0,0.024057582988960675,0.9764135207162988,0.005859375,83.89420572916667,83.88834635416667,4.49655506929739,5.40572696146329,6.35919365151689,7.722988336837442
00000786,gaussian,1.0,0.024057582988960675,0.9771507231706008,0.0673828125,83.89420572916667,83.96158854166667,4.49655506929739,5.914573072919061,6.35919365151689,8.483818848946916
00000786,constant,2.0,0.024057582988960675,0.9544611145471851,4.0,83.89420572916667,87.89420572916667,4.49655506929739,4.496555069297391,6.35919365151689,6.35919365151689
00000786,rademacher,2.0,0.024057582988960675,0.9534325328445314,0.1171875,83.89420572916667,84.01139322916667,4.49655506929739,7.558233115807444,6.35919365151689,10.570247209626341
00000786,gaussian,2.0,0.024057582988960675,0.953002155899169,0.00390625,83.89420572916667,83.89811197916667,4.49655506929739,8.892882212534184,6.35919365151689,12.48711920615616
00000786,constant,3.0,0.024057582988960675,0.9332259057413409,6.0,83.89420572916667,89.89420572916667,4.49655506929739,4.49655506929739,6.35919365151689,6.35919365151689
00000786,rademacher,3.0,0.024057582988960675,0.9309627345463255,0.181640625,83.89420572916667,84.07584635416667,4.49655506929739,10.03417163308547,6.35919365151689,14.203999825891117
00000786,gaussian,3.0,0.024057582988960675,0.9311611982454103,0.0322265625,83.89420572916667,83.92643229166667,4.49655506929739,12.294946193528299,6.35919365151689,17.487130699537484
00000800,constant,1.0,0.027981045098481674,0.97712400286639,1.7882547559967037,77.00454921422663,78.79280397022333,15.331655542457948,15.331655542457948,30.819064013433586,30.819064013433586
00000800,rademacher,1.0,0.027981045098481674,0.9754711519821976,0.11085738382331556,77.00454921422663,76.89369183040331,15.331655542457948,15.898356455079787,30.819064013433586,31.427856978965583
00000800,gaussian,1.0,0.027981045098481674,0.9762410744644678,0.1054799277736862,77.00454921422663,76.89906928645294,15.331655542457948,16.28141024639478,30.819064013433586,31.85778409229412
00000800,constant,2.0,0.027981045098481674,0.9553766435084784,3.57506203473946,77.00454921422663,80.57961124896609,15.331655542457948,15.32742551480648,30.819064013433586,30.81683883741886
00000800,rademacher,2.0,0.027981045098481674,0.9515690686945127,0.24596419147114545,77.00454921422663,76.75858502275548,15.331655542457948,17.14700395437391,30.819064013433586,33.04344498929373
00000800,gaussian,2.0,0.027981045098481674,0.9512382702277052,0.19863156473356014,77.00454921422663,76.80591764949307,15.331655542457948,17.877351022869373,30.819064013433586,33.7254972551717
00000800,constant,3.0,0.027981045098481674,0.935102125917199,5.317617866004966,77.00454921422663,82.3221670802316,15.331655542457948,15.265196177000796,30.819064013433586,30.791737774106256
00000800,rademacher,3.0,0.027981045098481674,0.9284254587662194,0.24740043677117285,77.00454921422663,76.75714877745546,15.331655542457948,18.396466191795668,30.819064013433586,34.52962245344274
00000800,gaussian,3.0,0.027981045098481674,0.9308252521914704,0.3548082815841411,77.00454921422663,76.64974093264249,15.331655542457948,19.32525740497105,30.819064013433586,35.446760971566476
00000813,constant,1.0,0.026630302795848673,0.9763373578919539,1.8333333333333286,75.736328125,77.56966145833333,3.5771966479126838,3.5771966479126838,5.079731302483984,5.079731302483984
00000813,rademacher,1.0,0.026630302795848673,0.9749164625584443,0.14697265625,75.736328125,75.58935546875,3.5771966479126838,4.627412193520304,5.079731302483984,6.47750496373245
00000813,gaussian,1.0,0.026630302795848673,0.9762376742496192,0.0755208333333286,75.736328125,75.66080729166667,3.5771966479126838,5.162667842198232,5.079731302483984,7.229564288539838
00000813,constant,2.0,0.026630302795848673,0.953778446476962,3.6666666666666714,75.736328125,79.40299479166667,3.5771966479126838,3.577196647912683,5.079731302483984,5.079731302483984
00000813,rademacher,2.0,0.026630302795848673,0.9505536480326396,0.1930338541666714,75.736328125,75.54329427083333,3.5771966479126838,6.846080065696896,5.079731302483984,9.866351732115318
00000813,gaussian,2.0,0.026630302795848673,0.9496140368536612,0.1468098958333286,75.736328125,75.58951822916667,3.5771966479126838,8.285141515778543,5.079731302483984,11.759811625951423
00000813,constant,3.0,0.026630302795848673,0.9322459398053351,5.5,75.736328125,81.236328125,3.5771966479126838,3.5771966479126824,5.079731302483984,5.079731302483984
00000813,rademacher,3.0,0.026630302795848673,0.9265640689443416,0.3203125,75.736328125,75.416015625,3.5771966479126838,9.348043739966597,5.079731302483984,13.221009199756764
00000813,gaussian,3.0,0.026630302795848673,0.9299218097245258,0.3317057291666714,75.736328125,75.40462239583333,3.5771966479126838,11.138500573736286,5.079731302483984,15.648015126578315
00000820,constant,1.0,0.023870751986346393,0.9769278431814341,2.0,84.6845703125,86.6845703125,4.570644044300288,4.570644044300287,6.571780306201378,6.571780306201378
00000820,rademacher,1.0,0.023870751986346393,0.976662032499943,0.025390625,84.6845703125,84.7099609375,4.570644044300288,5.471445518210008,6.571780306201378,7.65660967026616
00000820,gaussian,1.0,0.023870751986346393,0.9773765457903577,0.004231770833328596,84.6845703125,84.68880208333333,4.570644044300288,6.012330793588887,6.571780306201378,8.651190944126988
00000820,constant,2.0,0.023870751986346393,0.9548963254159647,4.0,84.6845703125,88.6845703125,4.570644044300288,4.570644044300283,6.571780306201378,6.571780306201378
00000820,rademacher,2.0,0.023870751986346393,0.9538723155061545,0.0625,84.6845703125,84.7470703125,4.570644044300288,7.534010906460311,6.571780306201378,10.863151973054897
00000820,gaussian,2.0,0.023870751986346393,0.953988788917988,0.1559244791666714,84.6845703125,84.84049479166667,4.570644044300288,8.856694329403979,6.571780306201378,12.5916283763451
00000820,constant,3.0,0.023870751986346393,0.9338768213489559,5.99609375,84.6845703125,90.6806640625,4.570644044300288,4.561605273934437,6.571780306201378,6.564361804755563
00000820,rademacher,3.0,0.023870751986346393,0.9316005776677223,0.0026041666666714036,84.6845703125,84.68196614583333,4.570644044300288,10.076810434646873,6.571780306201378,14.136755390299308
00000820,gaussian,3.0,0.023870751986346393,0.9330160100630429,0.2893880208333286,84.6845703125,84.39518229166667,4.570644044300288,11.918077645945031,6.571780306201378,16.482053921661613
