split,name,pred_foreground_ratio,pred_component_count,pred_profile_count,pred_profile_total_length,pred_cd_mean,pred_cd_std,pred_lwr_3sigma,pred_ler_low_3sigma,pred_ler_high_3sigma,pred_ler_mean_3sigma,pred_edge_psd_hf_ratio_1d,pred_necking_score,pred_bulging_score,disagreement,fg_dev,cc_dev,label
in_dist,00000006,0.40981674,7.0,7.0,2968.0,36.194407,1.0605015,3.1815046,2.1663532,2.0227633,2.0945582,0.044049886,0.84667802,0.22657581,0.017713028003772835,0.003974909999999998,1.0,False
in_dist,00000016,0.62646103,8.0,8.0,4096.0,40.093506,0.89673058,2.6901917,2.1622349,2.1641029,2.1631689,0.038550228,0.071327026,0.079956833,0.007486111520018102,3.051999999992283e-05,0.0,False
in_dist,00000018,0.32537079,4.0,4.0,2048.0,41.647461,0.9660902,2.8982706,1.9298285,2.0767379,2.0032832,0.043572958,0.092833497,0.05844766,0.005683917193639254,0.0001907299999999723,0.0,False
in_dist,00000019,0.57096481,9.0,9.0,4155.0,36.021179,0.89555022,2.6866507,2.0001189,1.8265111,1.913315,0.039848108,0.8190184,0.44785276,0.00828155543792164,0.000770570000000026,0.0,True
in_dist,00000025,0.38262558,12.0,12.0,1595.0,62.885893,6.4482067,19.34462,8.8308987,8.9665979,8.8987483,0.012413146,0.97622872,0.41247485,0.007805898939432621,0.0004959100000000438,0.0,False
in_dist,00000026,0.45279694,7.0,7.0,2935.0,40.442249,2.336616,7.0098479,6.5383708,7.544202,7.0412864,0.016220315,0.94774684,0.20182278,0.00761733816992427,0.0002517699999999845,0.0,False
in_dist,00000066,0.28494644,5.0,5.0,2560.0,29.178516,0.85978313,2.5793494,1.6433629,1.612941,1.628152,0.034637057,0.22272826,0.22142702,0.008185100251931421,0.0001716599999999624,0.0,True
in_dist,00000073,0.58519745,9.0,9.0,4608.0,33.291233,0.8571004,2.5713012,1.7514889,1.8312923,1.7913906,0.035181355,0.3145917,0.25658188,0.007650748936029017,0.00018691999999997932,0.0,True
in_dist,00000084,0.2887001,5.0,5.0,2072.0,36.525579,2.5802968,7.7408903,4.1591821,3.6096697,3.8844259,0.029445838,0.89527218,0.24453087,0.007377861302221955,0.00022888000000004238,0.0,False
in_dist,00000085,0.28064346,4.0,4.0,917.0,81.372955,22.055366,66.166097,33.70711,7.3553379,20.531224,0.014364496,0.95418909,0.55513809,0.22687963635056418,0.028846739999999982,0.0,True
in_dist,00000094,0.58224487,9.0,9.0,4598.0,33.192692,0.82606688,2.4782006,1.7875467,1.7236559,1.7556013,0.043934838,0.73854167,0.30729167,0.01019510011537117,0.0008125300000000335,0.0,False
in_dist,00000097,1.0,1.0,0.0,0.0,,,,,,,,,,0.5363794962565105,0.60913467,0.0,False
in_dist,00000099,0.25638199,4.0,4.0,1589.0,42.296413,1.3422187,4.0266561,2.3680737,2.5563476,2.4622107,0.04143996,0.8667002,0.17303823,0.007164894891151796,0.0004119900000000287,0.0,False
in_dist,00000103,0.62733078,8.0,8.0,4096.0,40.14917,0.86485716,2.5945715,2.0133971,2.0187555,2.0160763,0.03975821,0.073597731,0.084745763,0.006062519405666045,0.0005493200000000753,0.0,False
in_dist,00000107,0.54073715,7.0,7.0,3584.0,39.55106,0.88943254,2.6682976,1.926231,1.9296897,1.9279604,0.046427294,0.085714286,0.077408688,0.006741788069818955,0.0003242500000000259,0.0,False
in_dist,00000111,0.40585327,5.0,5.0,2560.0,41.559375,0.88425832,2.652775,1.9138149,1.8540675,1.8839412,0.048994355,0.064730679,0.055422816,0.0065422280304194835,0.00044632000000000005,0.0,False
in_dist,00000117,0.6243515,8.0,8.0,4096.0,39.958496,0.90891796,2.7267539,2.1274729,2.0388938,2.0831833,0.04016399,0.10934394,0.085120016,0.007033525995240653,0.0005950900000000203,0.0,False
in_dist,00000118,0.62481308,8.0,8.0,4096.0,39.988037,0.88078237,2.6423471,2.1186961,2.1111004,2.1148983,0.037788877,0.066706079,0.065451122,0.006579048199442994,0.0004806499999999714,0.0,False
in_dist,00000127,0.39651489,5.0,5.0,2560.0,40.585156,0.87729874,2.6318962,2.0373033,2.3520603,2.1946818,0.035416921,0.068823586,0.058614223,0.006537477842964434,0.0006217900000000109,0.0,False
in_dist,00000129,0.62458038,8.0,8.0,4096.0,39.973145,0.95159079,2.8547724,2.4223948,2.3643784,2.3933866,0.032452772,0.085714286,0.078264277,0.007903521563659699,0.00020217999999994074,0.0,False
in_dist,00000130,0.47532272,6.0,6.0,3072.0,40.561198,1.2540333,3.7620998,3.3783546,2.4920775,2.9352161,0.041506495,0.090830822,0.29487731,0.007974196073938455,0.0007629399999999897,0.0,False
in_dist,00000141,0.62461472,8.0,8.0,4096.0,39.975342,0.89944884,2.6983465,1.9798336,2.0792827,2.0295582,0.041709763,0.088967972,0.088177145,0.006975830239522196,0.0002403200000000716,0.0,False
in_dist,00000142,0.34675598,5.0,5.0,2560.0,35.507812,0.88403023,2.6520907,1.4187735,1.9995581,1.7091658,0.039532179,0.26935426,0.18729932,0.006496855596294204,0.00044632000000000005,0.0,True
in_dist,00000149,0.40559769,5.0,5.0,2560.0,41.533203,0.93500706,2.8050212,2.1000168,1.9204304,2.0102236,0.04549684,0.078669312,0.063293529,0.007181162515698336,0.0003128099999999967,0.0,False
in_dist,00000151,0.57287979,8.0,8.0,4096.0,36.664307,0.90334162,2.7100249,2.1358468,1.915162,2.0255044,0.037706226,0.17934105,0.18539626,0.009152659965511512,8.39200000000151e-05,0.0,False
in_dist,00000160,0.31323624,5.0,5.0,1961.0,41.873024,2.77389,8.3216701,4.2044702,5.6956812,4.9500757,0.038216987,0.9366985,0.62473852,0.006299570142794586,0.0002784800000000254,0.0,False
in_dist,00000161,0.38406372,5.0,5.0,2560.0,39.308984,0.83202619,2.4960786,1.9907308,1.5475254,1.7691281,0.041695289,0.063858604,0.058049972,0.0075822015167613666,0.0008392300000000241,0.0,False
in_dist,00000167,0.49370575,7.0,7.0,3584.0,36.113002,0.81355612,2.4406684,1.6200426,1.6323026,1.6261726,0.037857607,0.17846318,0.18666429,0.006206024469589955,0.0006408700000000156,0.0,False
in_dist,00000170,0.3693428,13.0,13.0,2086.0,46.421381,7.4604603,22.381381,11.17796,9.184368,10.181164,0.022217658,0.98317508,0.18218623,0.009975131804428994,0.00018692000000003484,0.0,False
in_dist,00000173,0.48059464,8.0,8.0,3586.0,35.13246,1.8839131,5.6517392,5.7247561,6.5442686,6.1345124,0.030713109,0.93852207,0.28773881,0.006862589441353095,0.0011520400000000208,0.0,False
in_dist,00000179,0.40636444,5.0,5.0,2560.0,41.611719,0.95768589,2.8730577,1.994188,1.8912017,1.9426948,0.045083732,0.084768087,0.059742215,0.0058056422125555285,3.815000000001456e-05,0.0,False
in_dist,00000183,0.5814743,11.0,11.0,4501.0,33.865585,0.91283812,2.7385144,2.1375195,1.771604,1.9545618,0.039609072,0.8809747,0.36134454,0.011175285076299502,0.0004882899999999468,0.0,False
in_dist,00000187,0.6247139,8.0,8.0,4096.0,39.981689,0.8803826,2.6411478,2.0502137,2.1342537,2.0922337,0.037653146,0.076938069,0.065892036,0.006690250211239146,7.630000000036219e-06,0.0,False
in_dist,00000191,0.63296127,12.0,12.0,5483.0,30.26646,2.2386981,6.7160942,4.7005744,4.5090577,4.6048161,0.024286597,0.95808656,0.26687876,0.012051141044341462,0.00022125000000006168,0.0,False
in_dist,00000193,0.49019241,6.0,6.0,3072.0,41.829753,0.84824206,2.5447262,1.7807643,1.9590682,1.8699162,0.050497936,0.070131322,0.060540439,0.006692627203159773,0.00033569999999999434,0.0,False
in_dist,00000194,0.52787399,7.0,7.0,3584.0,38.610212,0.81671501,2.450145,1.8895861,1.6110761,1.7503311,0.044038985,0.077311227,0.093698417,0.007051899026636055,0.0005989000000000688,0.0,False
in_dist,00000198,0.58276749,8.0,8.0,4096.0,37.29248,1.3626044,4.0878131,2.904036,2.6824606,2.7932483,0.042172672,0.19066148,0.21400778,0.008073018131067755,0.0003166199999999897,0.0,False
in_dist,00000408,0.34252167,5.0,5.0,2143.0,41.899207,1.2616442,3.7849325,2.3424848,2.4458053,2.3941451,0.038867941,0.84759358,0.14304813,0.007403577715102472,0.00043488000000002636,0.0,False
in_dist,00000411,0.57798767,11.0,11.0,3985.0,38.021832,3.8038772,11.411631,9.5761287,9.511524,9.5438264,0.020580535,0.95045466,0.46491182,0.00938478621424299,0.0017738299999999763,0.0,False
in_dist,00000412,0.58907318,11.0,11.0,4468.0,34.561549,3.3840863,10.152259,5.7301634,6.9736922,6.3519278,0.023746408,0.97484491,0.39034022,0.008727951615170038,0.0014114399999999305,0.0,False
in_dist,00000413,0.42344284,8.0,8.0,2961.0,37.488349,2.4177337,7.2532012,3.3684292,3.8383893,3.6034092,0.02749775,0.82085819,0.15971209,0.008227722702990659,0.0003356899999999996,0.0,False
in_dist,00000424,0.43166733,7.0,7.0,2823.0,40.084662,2.3592697,7.0778092,6.2959432,6.8276826,6.5618129,0.018593465,0.94922495,0.141106,0.006513406953707057,0.0007438700000000353,0.0,False
in_dist,00000425,0.25470734,7.0,7.0,1636.0,40.836186,3.2477407,9.743222,6.7987049,6.3044969,6.5516009,0.028295401,0.96851538,0.18067329,0.010186116935404055,0.0006484999999999963,0.0,False
in_dist,00000435,0.4950943,7.0,7.0,3584.0,36.212612,0.86606987,2.5982096,2.0367521,1.7494942,1.8931231,0.037366981,0.10437318,0.11953353,0.006379731080063955,0.0001449600000000273,0.0,False
in_dist,00000442,0.31155396,9.0,9.0,2085.0,39.171223,3.9579609,11.873883,6.6437655,4.8741685,5.758967,0.061585701,0.95190924,0.21621622,0.00862179116533024,0.000614170000000025,0.0,False
in_dist,00000446,0.37464523,5.0,5.0,2337.0,42.02439,1.3961332,4.1883996,2.5342754,2.5611548,2.5477151,0.047072416,0.9516884,0.087011033,0.007580513057857119,0.0009307800000000199,0.0,False
in_dist,00000455,0.38430023,5.0,5.0,2560.0,39.352344,0.85976094,2.5792828,1.6115064,2.0800463,1.8457763,0.037174362,0.090501122,0.077038145,0.005970053146712284,2.669999999999062e-05,0.0,False
in_dist,00000466,0.35431671,12.0,12.0,2140.0,43.40514,5.2573985,15.772195,7.1850465,7.7915741,7.4883103,0.016039225,0.97629276,0.1954023,0.011613232256075023,0.0013580299999999546,0.0,False
in_dist,00000473,0.40040588,5.0,5.0,2560.0,41.001562,0.93775674,2.8132702,2.1366704,2.181213,2.1589417,0.040535258,0.084498647,0.079822108,0.009093733100377865,0.0005683899999999742,0.0,False
in_dist,00000475,0.26467133,4.0,4.0,2048.0,33.87793,0.91721385,2.7516415,2.1930557,1.4604146,1.8267352,0.034373545,0.26594982,0.19283154,0.00624318430522719,0.0003242499999999704,0.0,False
in_dist,00000479,0.57932281,8.0,8.0,4096.0,37.07666,0.93572881,2.8071864,2.0442163,1.9241833,1.9841998,0.035380537,0.19832985,0.13569937,0.007264683927572513,0.0002593899999999705,0.0,False
in_dist,00000482,0.39829636,5.0,5.0,2560.0,40.785547,0.9218622,2.7655866,1.8884047,2.0447832,1.966594,0.044409051,0.071356976,0.073525301,0.006914472955969919,0.0002784800000000254,0.0,False
in_dist,00000489,0.35639954,14.0,14.0,1997.0,46.786179,8.1087257,24.326177,11.54096,11.211606,11.376283,0.016939201,0.95181892,0.20164327,0.009356914529827898,0.0005836499999999911,0.0,False
in_dist,00000493,0.47816467,6.0,6.0,3072.0,40.803385,0.925739,2.777217,1.9040042,1.9339169,1.9189605,0.048922199,0.090406632,0.086587436,0.00773183263907784,0.0010910000000000086,0.0,False
in_dist,00000513,0.51663971,7.0,7.0,3584.0,37.788504,0.87281088,2.6184326,1.9455559,1.7054905,1.8255232,0.041102939,0.10735915,0.08330463,0.006751356930311481,0.0010871900000000156,0.0,False
in_dist,00000517,0.35289383,10.0,10.0,2644.0,34.988275,3.8479725,11.543917,5.98057,5.2496399,5.615105,0.031812441,0.97483857,0.18002195,0.008850169736201785,0.0009612999999999983,0.0,False
in_dist,00000531,0.41613007,6.0,6.0,2633.0,41.430308,1.2374202,3.7122605,3.7385405,3.7457543,3.7421474,0.038566728,0.81074074,0.16259259,0.006250944613408471,0.00020981000000003247,0.0,False
in_dist,00000532,0.31023026,4.0,4.0,2048.0,39.709473,0.93602471,2.8080741,2.1220037,1.5989348,1.8604693,0.039103019,0.074029419,0.096410782,0.0066787403663437495,0.0004196199999999539,0.0,False
in_dist,00000536,0.31829453,16.0,16.0,2098.0,39.777884,7.7119222,23.135767,10.487946,11.752043,11.119994,0.023981135,0.97617906,0.16452442,0.01000700472688576,0.00043107000000003337,0.0,False
in_dist,00000543,0.30774689,4.0,4.0,2048.0,39.391602,0.78484845,2.3545453,1.8184917,1.4803954,1.6494436,0.043869677,0.06486208,0.066074403,0.006747458103154691,0.0003700300000000212,0.0,False
in_dist,00000544,0.57118988,15.0,15.0,4752.0,31.511364,4.2491457,12.747437,9.3426391,10.170213,9.7564258,0.011699911,0.96476723,0.39927798,0.012711846376343927,0.0018272400000000077,0.0,False
in_dist,00000545,0.57991028,9.0,9.0,4608.0,32.991536,0.83963812,2.5189144,1.71228,1.6967815,1.7045308,0.041985428,0.17711347,0.15204114,0.014095609017240496,0.00019837000000000327,0.0,True
in_dist,00000548,0.51646042,7.0,7.0,3513.0,38.538856,1.1361441,3.4084324,1.9785816,2.2118324,2.095207,0.046743365,0.92775229,0.062124686,0.006777412671504224,0.00019455000000001554,0.0,False
in_dist,00000554,0.53686142,7.0,7.0,3584.0,39.267578,0.83616409,2.5084923,1.8221985,1.8555567,1.8388776,0.049684999,0.068862128,0.062345618,0.006431104945219368,0.0006370500000000279,0.0,False
in_dist,00000566,0.47930527,6.0,6.0,3072.0,40.900716,0.89710123,2.6913037,1.8519719,1.871201,1.8615865,0.048944775,0.1073835,0.087715985,0.006552248945703609,0.00034333000000003056,0.0,False
in_dist,00000571,0.27850723,7.0,7.0,2349.0,31.080885,1.7476473,5.2429418,2.8674392,2.687997,2.7777181,0.031455119,0.9755216,0.25831202,0.008203744757004916,0.0005149799999999982,0.0,False
in_dist,00000585,0.32751083,4.0,4.0,2048.0,41.919434,0.85796369,2.5738911,1.7670547,1.8579333,1.812494,0.04736975,0.092029121,0.051334702,0.0056775528270391895,0.0005683899999999742,0.0,False
in_dist,00000605,0.54705048,15.0,15.0,4675.0,30.674652,3.5269617,10.580885,9.1375618,7.9097822,8.523672,0.021779618,0.96227719,0.33151543,0.01329671299985724,0.0005950999999999596,1.0,False
in_dist,00000607,0.64955139,11.0,11.0,5632.0,30.233665,0.77924671,2.3377401,1.6827364,1.4485314,1.5656339,0.053581045,0.13411765,0.095550801,0.010242425789705245,0.0005569500000000005,0.0,False
in_dist,00000608,0.61975479,8.0,8.0,4096.0,39.664307,0.97919825,2.9375947,1.9757745,2.2360894,2.105932,0.034813738,0.08874277,0.065273141,0.005862407347308252,8.39200000000151e-05,0.0,False
in_dist,00000609,0.40687561,5.0,5.0,2560.0,41.664062,0.93955916,2.8186775,1.9770813,1.9380238,1.9575526,0.045587269,0.064905872,0.063142992,0.0069170165738920986,4.577999999999527e-05,0.0,False
in_dist,00000614,0.55731201,10.0,10.0,4479.0,32.617995,1.7921992,5.3765977,4.0429977,4.6270699,4.3350338,0.02355621,0.92696937,0.31455142,0.009310093588225765,0.0010147099999999742,0.0,False
in_dist,00000625,0.40575027,5.0,5.0,2560.0,41.548828,0.91809866,2.754296,1.9048986,1.8555334,1.880216,0.048221398,0.076119474,0.069756399,0.006103612221642352,0.0002441400000000038,0.0,False
in_dist,00000626,0.32120514,4.0,4.0,2048.0,41.114258,0.86235659,2.5870698,1.9203879,1.9121407,1.9162643,0.046612504,0.064615385,0.059194132,0.00603640904289382,0.0002403300000000108,0.0,False
in_dist,00000630,0.42245102,6.0,6.0,2650.0,41.791321,2.4081599,7.2244796,5.4261654,3.7416663,4.5839159,0.048602356,0.74040707,0.55755756,0.006541414313882554,0.00043488000000002636,0.0,False
in_dist,00000633,0.38183975,6.0,6.0,2443.0,40.973803,1.4117292,4.2351875,2.5250486,2.6265985,2.5758236,0.053181922,0.92871626,0.4028777,0.010349190270678599,0.0010337799999999842,0.0,False
in_dist,00000634,0.24710846,3.0,3.0,1536.0,42.173177,0.89859928,2.6957978,1.8407725,2.0054889,1.9231307,0.044167485,0.072248293,0.070482739,0.006634932925875692,0.0004043599999999925,0.0,False
in_dist,00000637,0.3859024,6.0,6.0,2421.0,41.785213,2.3415939,7.0247816,4.856582,5.035719,4.9461505,0.023923021,0.97497078,0.16460867,0.009152023731380798,0.0013084399999999663,0.0,False
in_dist,00000640,0.5777359,8.0,8.0,4096.0,36.975098,0.92227007,2.7668102,1.9940966,1.7872283,1.8906625,0.037349472,0.14464708,0.07773644,0.006569161883063779,0.0008201599999999587,0.0,False
in_dist,00000646,0.32071686,4.0,4.0,2048.0,41.051758,0.94186331,2.8255899,2.094936,2.1648424,2.1298892,0.038995321,0.073109595,0.07946027,0.006743483704177433,0.00027465999999998214,0.0,False
in_dist,00000649,0.24950409,3.0,3.0,1536.0,42.585286,1.0122124,3.0366372,2.2182172,2.2739789,2.246098,0.042597477,0.061712558,0.05872622,0.00782941890096378,1.9069999999982157e-05,0.0,False
in_dist,00000651,0.62155914,8.0,8.0,4096.0,39.779785,0.85084752,2.5525425,1.9062099,1.9600276,1.9331188,0.033692354,0.070233129,0.070436557,0.0060765652791688884,6.86699999999929e-05,0.0,False
in_dist,00000656,0.36927032,5.0,5.0,2560.0,37.813281,0.82440919,2.4732276,1.8883772,1.5417138,1.7150455,0.041396892,0.10450372,0.07459554,0.006225082922662772,0.00029372999999999205,0.0,False
in_dist,00000657,0.61999512,8.0,8.0,4096.0,39.679688,0.90086218,2.7025865,2.2248571,2.1659274,2.1953922,0.034670018,0.076506839,0.066976834,0.00736912797254996,0.0004234300000000024,0.0,False
in_dist,00000659,0.40765762,6.0,6.0,3072.0,34.786784,0.81129662,2.4338899,1.8579121,1.7869367,1.8224244,0.031232487,0.18056162,0.11741598,0.006003577647014757,0.0003433199999999803,0.0,False
in_dist,00000665,0.47720718,6.0,6.0,3072.0,40.72168,0.84661921,2.5398576,1.8766931,1.8889103,1.8828017,0.046439332,0.074774115,0.078550698,0.005642399457172154,0.00011824999999998642,0.0,False
in_dist,00000666,0.32711411,4.0,4.0,2048.0,41.870605,0.96427026,2.8928108,2.0387459,2.2670135,2.1528797,0.049555121,0.068178636,0.081385525,0.009937263175547106,0.00032423999999997566,0.0,False
in_dist,00000674,0.50296402,12.0,12.0,2655.0,49.66064,6.428247,19.284741,7.772921,8.0211155,7.8970182,0.023177211,0.93037037,0.23546798,0.006378696615220836,0.0005226099999999789,0.0,True
in_dist,00000676,0.58834076,15.0,15.0,5749.0,26.898939,1.9157776,5.7473328,3.0904996,3.1469672,3.1187334,0.041561313,0.97413652,0.79185649,0.01773685045468998,0.0006637600000000132,0.0,False
in_dist,00000679,0.32793045,4.0,4.0,2048.0,41.975098,0.97917049,2.9375115,2.0551831,2.1150998,2.0851414,0.043047745,0.076880403,0.08880773,0.0079765103374142,3.814999999995905e-05,0.0,False
in_dist,00000687,0.23187637,8.0,8.0,1858.0,32.715285,3.2737667,9.8213002,4.4014916,4.516981,4.4592363,0.019577914,0.88135869,0.30488815,0.008726819026664945,0.0005187999999999859,0.0,False
in_dist,00000690,0.302845,12.0,12.0,2097.0,37.858846,4.0575981,12.172794,5.4659358,6.7069878,6.0864618,0.028110554,0.97598253,0.29342723,0.015305166341670451,0.0020790099999999923,0.0,False
in_dist,00000693,0.479702,6.0,6.0,3072.0,40.93457,0.95539702,2.8661911,2.114471,1.8872575,2.0008642,0.035581432,0.17591365,0.069191146,0.005219825541652123,0.0003204400000000329,0.0,False
in_dist,00000694,0.31491089,5.0,5.0,2560.0,32.246875,0.82112623,2.4633787,1.585151,1.6435346,1.6143428,0.03651944,0.1991658,0.15676051,0.007535455947648706,0.00019455000000001554,0.0,False
in_dist,00000695,0.32568359,4.0,4.0,2048.0,41.6875,1.0354131,3.1062394,2.1002164,2.039293,2.0697547,0.042911113,0.092537313,0.085103377,0.0063932813548044365,0.0001678499999999694,0.0,False
in_dist,00000708,0.28465271,8.0,8.0,1789.0,41.710453,4.5144676,13.543403,6.6514665,7.1135226,6.8824945,0.027895255,0.97612667,0.19337555,0.008688500129703569,0.0007247899999999752,0.0,False
in_dist,00000709,0.32807159,4.0,4.0,2048.0,41.993164,1.0044381,3.0133144,1.9678964,2.0502463,2.0090713,0.044897858,0.071169411,0.072975364,0.006983704142164093,0.0003395000000000481,0.0,False
in_dist,00000717,0.61278915,8.0,8.0,4096.0,39.218506,0.91646466,2.749394,1.9521496,2.1334721,2.0428108,0.035875831,0.092633394,0.093497864,0.009036021606436795,0.00043488000000002636,0.0,False
in_dist,00000720,0.395401,5.0,5.0,2560.0,40.489063,0.87313984,2.6194195,2.1182029,2.0948418,2.1065224,0.039815111,0.094739944,0.059174444,0.006878965844307694,0.0005187999999999859,0.0,False
in_dist,00000723,0.63293457,11.0,11.0,5566.0,29.809558,0.99401144,2.9820343,2.4612557,2.770181,2.6157183,0.043268542,0.90731505,0.20490441,0.010673136291241003,0.0009727499999999667,0.0,False
in_dist,00000728,0.62054062,8.0,8.0,4096.0,39.7146,0.86575795,2.5972738,1.8492625,2.1927476,2.021005,0.035252852,0.066660098,0.069360793,0.0068117358055846955,0.0006332399999999794,0.0,False
in_dist,00000731,0.45942307,6.0,6.0,3072.0,39.204102,0.83938645,2.5181594,1.4467244,1.9357801,1.6912523,0.048035168,0.083626489,0.070010449,0.006954685527981952,3.051999999997834e-05,0.0,False
in_dist,00000735,0.40614319,5.0,5.0,2560.0,41.589062,0.88573016,2.6571905,1.8671123,2.0270102,1.9470612,0.046162668,0.080051066,0.058696367,0.006336925056073528,0.000255580000000033,0.0,False
in_dist,00000741,0.5857811,8.0,8.0,4096.0,37.48999,0.90537442,2.7161233,2.0085151,1.8524385,1.9304768,0.046073362,0.080257287,0.068088312,0.009072047800047334,0.001235960000000036,0.0,False
in_dist,00000742,0.32269287,6.0,6.0,2103.0,40.226343,2.4624426,7.3873277,4.1971375,3.7715264,3.9843319,0.031280257,0.92756933,0.15771202,0.008146185933564531,0.0004844700000000146,0.0,False
in_dist,00000746,0.37221909,5.0,5.0,2560.0,38.115234,0.85807622,2.5742287,1.5037205,1.8676397,1.6856801,0.046832163,0.092198582,0.066469172,0.006589761567351249,0.0006980899999999846,0.0,False
in_dist,00000754,0.40809631,5.0,5.0,2560.0,41.789062,0.87715697,2.6314709,1.8581046,1.9525264,1.9053155,0.046189754,0.081570997,0.076082388,0.006598064170886708,7.24800000000414e-05,0.0,False
in_dist,00000763,0.61340332,10.0,10.0,4891.0,32.876712,1.8386194,5.5158582,4.0804867,4.1026374,4.091562,0.029078198,0.80444547,0.24776604,0.008695598835010476,0.0004806499999999714,0.0,False
in_dist,00000764,0.32786179,4.0,4.0,2048.0,41.966309,0.92855397,2.7856619,1.9852107,2.0545095,2.0198601,0.044024258,0.070737156,0.077642657,0.0075549422833546265,0.0005645799999999812,0.0,False
in_dist,00000769,0.6407547,14.0,14.0,6129.0,27.405776,0.86713124,2.6013937,1.8665457,1.5408016,1.7036737,0.053920351,0.77588047,0.56334232,0.02076162110521962,0.004997250000000064,2.0,True
in_dist,00000770,0.57645416,8.0,8.0,4096.0,36.893066,0.8739228,2.6217684,1.9925754,1.8231429,1.9078591,0.035504874,0.085096107,0.13555121,0.006297322412257889,0.0006027200000000565,0.0,False
in_dist,00000776,0.44475555,8.0,8.0,2840.0,41.053169,2.1968785,6.5906355,6.8408355,8.0371425,7.438989,0.024100058,0.97400692,0.42533937,0.00898465514301272,0.0005683899999999742,0.0,False
in_dist,00000777,0.5788765,8.0,8.0,4096.0,37.048096,0.85372145,2.5611644,1.9945015,1.7392907,1.8668961,0.040472715,0.074141049,0.11103074,0.006244621310437792,0.0005912799999999718,0.0,False
in_dist,00000783,0.40238571,5.0,5.0,2545.0,41.447151,1.4089919,4.2269757,2.4815729,2.6525043,2.5670386,0.046575361,0.85359387,0.078550698,0.006809573932910595,0.00010681000000001273,0.0,False
in_dist,00000785,0.16693115,2.0,2.0,1024.0,42.730469,1.0615691,3.1847072,2.2566306,2.0905531,2.1735919,0.041784293,0.066842849,0.079921133,0.0066286903405115005,0.0004234300000000024,0.0,False
in_dist,00000787,0.43090057,7.0,7.0,2782.0,40.603163,2.3367194,7.0101583,5.7528366,5.6397378,5.6962872,0.024349683,0.85437998,0.3105802,0.007355037284964339,0.00046156999999996673,0.0,False
in_dist,00000819,0.40533066,5.0,5.0,2560.0,41.505859,0.90589638,2.7176892,1.9315319,1.8628922,1.897212,0.046415769,0.077127407,0.059144335,0.006143287826346211,0.0006484999999999963,0.0,False
in_dist,00000823,0.75939941,2.0,2.0,1024.0,195.97363,12.128925,36.386776,19.394764,11.828347,15.611556,0.0097211646,0.47711025,0.31859154,0.3342139524360911,0.20557784999999995,1.0,True
in_dist,00000010,0.5765419,9.0,9.0,4289.0,35.236419,0.911404,2.734212,2.0618359,1.8878197,1.9748278,0.039071572,0.86095101,0.25144092,0.010697032120299821,0.0017623900000000026,0.0,True
in_dist,00000015,0.44828796,11.0,11.0,3328.0,35.311298,1.7691663,5.3074989,3.1119233,3.0146609,3.0632921,0.033478026,0.95373665,0.27463504,0.007786460749652946,3.052000000003385e-05,0.0,False
in_dist,00000017,0.52738571,10.0,10.0,2236.0,61.829606,8.8428873,26.528662,11.349749,10.977554,11.163652,0.02967178,0.96769888,0.091943419,0.005338335262096705,0.0004043599999999925,0.0,False
in_dist,00000021,0.62470245,8.0,8.0,4096.0,39.980957,0.8605569,2.5816707,2.0275159,2.1197531,2.0736345,0.037435156,0.072054862,0.061063184,0.006056196011362869,4.9590000000043766e-05,0.0,False
in_dist,00000023,0.62566376,8.0,8.0,4096.0,40.04248,0.83980601,2.519418,2.0359532,1.9915799,2.0137666,0.036058838,0.0884273,0.07395122,0.005882347099545826,7.24800000000414e-05,0.0,False
in_dist,00000027,0.52318192,7.0,7.0,3584.0,38.26702,0.85704915,2.5711474,1.5937502,1.9336699,1.76371,0.044555707,0.10241742,0.086547333,0.006421691595546952,0.0007553099999999535,0.0,True
in_dist,00000030,0.59031296,8.0,8.0,4096.0,37.780029,0.88732717,2.6619815,1.69558,1.9785483,1.8370641,0.042323184,0.08015852,0.082166446,0.00693004567849298,1.1439999999973693e-05,0.0,False
in_dist,00000032,0.57321548,9.0,9.0,4116.0,36.502915,0.84535828,2.5360748,1.9573719,1.6585704,1.8079711,0.043340353,0.62264151,0.15175636,0.007165039919866056,0.0006103499999999817,1.0,True
in_dist,00000043,0.40407181,5.0,5.0,2560.0,41.376953,0.96627902,2.8988371,2.0535164,2.1441118,2.0988141,0.042177177,0.06187456,0.064037504,0.006401140565801877,5.340999999997598e-05,0.0,False
in_dist,00000045,0.58597183,9.0,9.0,4608.0,33.335286,0.83425628,2.5027689,1.874061,1.8441924,1.8591267,0.034028773,0.23695976,0.12191235,0.00676929676234439,0.0004196100000000147,0.0,False
in_dist,00000048,0.60271454,8.0,8.0,4096.0,38.57373,0.89206727,2.6762018,1.8599837,2.1255299,1.9927568,0.035610391,0.075045164,0.079639074,0.0064783454602540536,0.0009765600000000152,0.0,False
in_dist,00000051,0.21420288,11.0,7.0,1148.0,48.469512,7.9346922,23.804077,9.6301778,9.1384061,9.384292,0.022241524,0.95108438,0.17391304,0.2597836378802518,0.09638977000000001,0.0,False
in_dist,00000057,0.58690262,9.0,9.0,4608.0,33.388238,0.81323332,2.4397,1.7716233,1.7527039,1.7621636,0.039438339,0.30732807,0.26989853,0.007063871169924685,0.0008277899999999949,0.0,True
in_dist,00000059,0.32362366,2.0,2.0,1024.0,82.847656,0.66902371,2.0070711,0.81619802,1.6855474,1.2508727,0.037408682,0.037789516,0.04022755,0.0032527255741574557,8.011000000002211e-05,0.0,False
in_dist,00000060,0.53151703,2.0,2.0,1024.0,136.06836,0.63590142,1.9077043,1.5731533,0.79690164,1.1850275,0.04181882,0.015316986,0.011058452,0.07573720715869348,4.196000000000755e-05,0.0,False
in_dist,00000067,0.57741928,11.0,11.0,4350.0,34.797011,0.91432544,2.7429763,2.0873596,1.7528175,1.9200885,0.047932432,0.86200873,0.225,0.010626899342635387,0.0007896399999999248,0.0,True
in_dist,00000069,0.4797821,6.0,6.0,3072.0,40.941406,0.89712943,2.6913883,1.8745108,1.8772993,1.8759051,0.047217827,0.078195708,0.071286069,0.006624525127743364,9.536999999998352e-05,0.0,False
in_dist,00000070,0.27742767,4.0,4.0,1751.0,41.534552,2.063771,6.191313,3.4932376,3.2890219,3.3911297,0.040474541,0.85383513,0.077541858,0.06038820242464693,0.00013351000000000335,0.0,False
in_dist,00000076,0.26732254,7.0,7.0,1732.0,40.460162,4.3400764,13.020229,11.226213,10.799475,11.012844,0.012296948,0.97641785,0.20618168,0.016381280595891057,0.00012206999999997414,0.0,False
in_dist,00000079,0.32058334,12.0,12.0,2143.0,39.215586,6.4680829,19.404249,12.913923,11.013397,11.96366,0.0068016783,0.97316937,0.42288557,0.009070933606144749,0.0001029899999999695,0.0,False
in_dist,00000082,0.36186218,5.0,5.0,2560.0,37.057812,0.85211757,2.5563527,1.9743804,1.5588948,1.7666376,0.039380143,0.10874462,0.074075801,0.006613940292218512,5.721999999996896e-05,0.0,False
in_dist,00000088,0.56921768,5.0,5.0,2560.0,58.287891,0.73621725,2.2086517,1.3924528,1.3755891,1.384021,0.038058661,0.12143611,0.081309398,0.003629414347699478,0.00014876999999990925,0.0,False
in_dist,00000098,0.32456207,4.0,4.0,2048.0,41.543945,1.0446804,3.1340411,2.0430213,2.164039,2.1035302,0.040023793,0.081961025,0.062992498,0.006325720669214108,0.00027465999999998214,0.0,False
in_dist,00000101,0.31037903,4.0,4.0,2048.0,39.728516,0.80861944,2.4258583,1.3952562,1.8292284,1.6122423,0.043900025,0.069224513,0.061940228,0.005079656616171824,7.247999999998589e-05,0.0,False
in_dist,00000116,0.1828804,9.0,9.0,1179.0,40.664122,8.4376493,25.312948,11.545319,12.417378,11.981349,0.010862719,0.97469253,0.17319508,0.011686952245082538,0.00035477000000000425,0.0,False
in_dist,00000121,0.42100525,6.0,6.0,3072.0,35.925781,0.93988436,2.8196531,2.1532532,1.9423066,2.0477799,0.032096047,0.18901795,0.17141851,0.006356655579512371,6.103000000001746e-05,0.0,True
in_dist,00000124,0.65248108,12.0,12.0,5898.0,29.000339,1.6779435,5.0338305,3.427017,3.2499086,3.3384628,0.033234528,0.8838766,0.29763452,0.01255393319716136,0.0018386800000000925,0.0,False
in_dist,00000136,0.5310173,14.0,14.0,4326.0,32.17938,3.9109672,11.732901,7.7911316,7.5591943,7.675163,0.010100543,0.96595745,0.43825666,0.010480426621019667,0.0009422300000000439,0.0,False
in_dist,00000140,0.6252861,8.0,8.0,4096.0,40.018311,0.9005297,2.7015891,1.9932155,2.0575695,2.0253925,0.041129773,0.071888566,0.07757819,0.006772909069198696,0.00035095000000007204,0.0,False
in_dist,00000143,0.55139923,7.0,7.0,3584.0,40.330915,0.91049955,2.7314986,2.0630596,2.1744578,2.1187587,0.035428741,0.098548656,0.088729944,0.0061053536664981145,0.0001564000000000565,0.0,False
in_dist,00000150,0.34625244,8.0,8.0,2265.0,40.074172,4.3034756,12.910427,9.925619,9.0246508,9.4751349,0.018312722,0.97492379,0.23554462,0.009113783027781985,0.00019836000000000853,0.0,False
in_dist,00000152,0.47888184,7.0,7.0,3263.0,38.472571,1.30971,3.9291301,3.3029226,3.1812411,3.2420818,0.035828282,0.97432796,0.13563001,0.006622846163531815,8.011000000002211e-05,0.0,False
in_dist,00000154,0.44958878,10.0,10.0,2208.0,53.381793,6.8571581,20.571474,8.5122582,8.3741368,8.4431975,0.023702272,0.96950921,0.2,0.0051413663564569,0.00010300000000001974,0.0,True
in_dist,00000157,0.62488174,8.0,8.0,4096.0,39.992432,0.88743506,2.6623052,1.9566245,2.170914,2.0637692,0.040192838,0.086710931,0.065503914,0.0067046634407071926,0.00041581000000001644,0.0,False
in_dist,00000162,0.48108673,6.0,6.0,3072.0,41.052734,0.91841623,2.7552487,2.0421097,1.8687594,1.9554346,0.046391194,0.078395149,0.05936253,0.00588005644778955,1.9070000000009912e-05,0.0,False
in_dist,00000168,0.2734375,3.0,3.0,1536.0,46.666667,0.87441079,2.6232324,1.9535267,1.7659809,1.8597538,0.045034705,0.052131106,0.065911646,0.08031058494603727,8.39200000000151e-05,0.0,False
in_dist,00000171,0.62503815,8.0,8.0,4096.0,40.002441,0.89453283,2.6835985,2.1319106,2.0831292,2.1075199,0.040589981,0.07689309,0.07773644,0.0069446713342481425,0.0001830999999999916,0.0,False
in_dist,00000177,0.62492371,8.0,8.0,4096.0,39.995117,0.91657788,2.7497336,2.1102443,2.0265478,2.0683961,0.037966059,0.092556124,0.058684521,0.006202057554156037,0.00015639999999994547,0.0,False
in_dist,00000185,0.52321243,12.0,12.0,4458.0,30.769852,3.375766,10.127298,7.7972318,8.4824946,8.1398632,0.011114308,0.92870474,0.58740758,0.00851619677049864,0.00019835999999995302,0.0,False
in_dist,00000192,0.47814178,11.0,11.0,3511.0,35.699801,4.188868,12.566604,9.7547171,8.9780949,9.366406,0.023096625,0.95070559,0.3905697,0.008799262045095624,0.0007820099999999996,0.0,False
in_dist,00000196,0.3059082,10.0,10.0,2269.0,35.345527,3.471785,10.415355,5.5129693,4.9649052,5.2389372,0.030477885,0.95137076,0.54298643,0.00862943325853871,0.0003967300000000118,0.0,True
in_dist,00000199,0.45534515,6.0,6.0,3072.0,38.85612,0.81472302,2.4441691,1.9184061,1.5927228,1.7555645,0.044754211,0.066261398,0.060334116,0.007294837506047425,0.00043868999999996383,0.0,False
in_dist,00000410,0.32606506,4.0,4.0,2048.0,41.736328,0.9916194,2.9748582,2.1014889,2.1050648,2.1032769,0.042925479,0.069221088,0.073975668,0.00690273050080048,0.00011825999999998116,0.0,False
in_dist,00000414,0.47916031,7.0,7.0,3428.0,36.642065,1.9342378,5.8027135,5.3924384,5.2883917,5.340415,0.020350247,0.79565396,0.28139282,0.006656607043476703,0.0005683899999999742,0.0,False
in_dist,00000417,0.32580566,4.0,4.0,2048.0,41.703125,0.90860076,2.7258023,1.9492117,1.9525582,1.9508849,0.043660146,0.067133847,0.076384022,0.005921917560721024,0.0003394999999999926,0.0,False
in_dist,00000422,0.55264282,7.0,7.0,3584.0,40.421875,0.87956866,2.638706,1.9851355,1.9675324,1.976334,0.046374947,0.069090909,0.081867322,0.007340466867269968,0.00021744000000001318,0.0,False
in_dist,00000431,0.39663315,5.0,5.0,2560.0,40.615234,0.93575723,2.8072717,2.3293671,2.1823681,2.2558676,0.039819314,0.090227048,0.066765441,0.006882176700358511,9.917999999997651e-05,0.0,False
in_dist,00000433,0.33702469,5.0,5.0,2125.0,41.576,2.1375374,6.4126123,4.7851413,5.3116191,5.0483802,0.034117591,0.94959451,0.16017561,0.0072837588118489505,0.0002365100000000231,0.0,False
in_dist,00000436,0.62326431,8.0,8.0,4096.0,39.888916,0.92386098,2.7715829,2.0209698,2.0397172,2.0303435,0.040636304,0.090631013,0.077894737,0.007061989810557612,0.0006370500000000279,0.0,False
in_dist,00000437,0.4309082,6.0,6.0,3072.0,36.770833,0.87644189,2.6293257,1.9807558,1.6030726,1.7919142,0.040389139,0.15713858,0.14935648,0.006219789379386498,0.0005378699999999959,0.0,False
in_dist,00000439,0.55284882,7.0,7.0,3584.0,40.436942,0.89465831,2.6839749,2.0937215,2.1763299,2.1350257,0.039514048,0.087915262,0.08464131,0.006736435818157305,0.0008888300000000626,0.0,False
in_dist,00000441,0.32584,4.0,4.0,2048.0,41.70752,0.95388836,2.8616651,2.0695574,2.1807319,2.1251446,0.039928815,0.093383038,0.093965149,0.006269515171369533,0.00028991999999999907,0.0,False
in_dist,00000452,0.42088699,8.0,8.0,1786.0,61.779955,8.5290452,25.587136,10.443952,11.355597,10.899774,0.030928634,0.96713615,0.13529587,0.006570863607822441,0.00041580999999996093,0.0,False
in_dist,00000460,0.4866066,14.0,14.0,3761.0,33.916777,4.8082364,14.424709,10.557706,11.329704,10.943705,0.032780813,0.94701171,0.50054526,0.008766754170739688,7.629999999980708e-06,0.0,False
in_dist,00000468,0.28393555,12.0,12.0,1714.0,43.428238,7.4906376,22.471913,9.7523049,10.573084,10.162694,0.022705038,0.97677175,0.33093525,0.010044201557827814,0.00023650999999996758,0.0,True
in_dist,00000481,0.35385895,5.0,5.0,2473.0,37.509907,1.3835261,4.1505783,2.3907481,2.4636462,2.4271971,0.040538397,0.92763083,0.097483691,0.006970094992635567,0.00019455000000001554,0.0,False
in_dist,00000486,0.36316681,5.0,5.0,2277.0,41.810277,1.2956962,3.8870885,2.4508155,2.5424743,2.4966449,0.044261945,0.90170619,0.081231892,0.006609177958771251,0.0003242500000000259,0.0,False
in_dist,00000490,0.49065781,8.0,8.0,2283.0,56.339466,6.091397,18.274191,9.8913462,7.2464527,8.5688995,0.035088111,0.9544568,0.46938776,0.006721104631045249,8.393000000000983e-05,0.0,False
in_dist,00000494,0.52148056,7.0,7.0,3584.0,38.142578,0.8571926,2.5715778,1.9717657,1.516252,1.7440088,0.04467447,0.11078611,0.076416819,0.0064843983131838145,0.0008773799999999277,0.0,False
in_dist,00000495,0.59097672,10.0,10.0,4729.0,32.75978,0.92335009,2.7700503,1.8229728,1.852661,1.8378169,0.05081398,0.89693356,0.099375355,0.008192791023295398,0.0004768400000000339,0.0,False
in_dist,00000496,0.42309189,7.0,7.0,3350.0,33.107761,2.7312661,8.1937982,7.3767481,5.7578734,6.5673107,0.026062368,0.93968323,0.39899811,0.011950062171214082,0.00065993999999997,0.0,False
in_dist,00000497,0.29055405,9.0,9.0,1850.0,41.171351,5.3001313,15.900394,7.5456106,7.6897262,7.6176684,0.039096425,0.95161652,0.14747608,0.009576450370856748,0.00026703000000000143,0.0,False
in_dist,00000514,0.44022369,6.0,6.0,3072.0,37.565755,0.85051094,2.5515328,1.6291956,1.9625952,1.7958954,0.043063975,0.082869803,0.069091921,0.0064606598712358965,2.2880000000002898e-05,0.0,False
in_dist,00000519,0.29002762,12.0,12.0,1720.0,44.209302,7.8371022,23.511307,11.405807,8.7313686,10.068588,0.015338761,0.94085282,0.34529148,0.010752442381666838,0.00036620999999997794,0.0,False
in_dist,00000522,0.62170792,8.0,8.0,4096.0,39.789307,0.94359177,2.8307753,2.0745919,2.2481954,2.1613936,0.036806987,0.09273479,0.063626262,0.006552316163537686,0.00046157999999996147,0.0,False
in_dist,00000526,0.24481964,3.0,3.0,1536.0,41.782552,0.95487929,2.8646379,2.0693937,1.9392748,2.0043342,0.045989498,0.067700065,0.05399083,0.0064797944892672765,0.00026703000000000143,0.0,False
in_dist,00000533,0.2917099,4.0,4.0,1937.0,39.478575,1.5004981,4.5014942,2.832906,2.2722546,2.5525803,0.036956898,0.83165407,0.082223822,0.007149921439684626,7.629000000003439e-05,0.0,False
in_dist,00000537,0.52823257,7.0,7.0,3584.0,38.63644,0.85297482,2.5589245,2.0019373,1.6549881,1.8284627,0.03950433,0.077477477,0.068183973,0.006009250869458138,0.00043868999999996383,0.0,False
in_dist,00000541,0.6580925,13.0,13.0,6656.0,25.91872,0.68746574,2.0623972,1.5658911,1.3859974,1.4759443,0.058063346,0.11008111,0.093855901,0.011723652516561045,0.001529689999999917,0.0,False
in_dist,00000542,0.55213928,8.0,8.0,4096.0,35.336914,0.78098857,2.3429657,1.7714946,1.5997745,1.6856345,0.047295911,0.073489494,0.069786878,0.006643031227435259,0.0008430499999999563,0.0,False
in_dist,00000546,0.47652435,6.0,6.0,3072.0,40.663411,0.88712975,2.6613893,1.5920775,2.0839316,1.8380045,0.038426303,0.066959488,0.061488673,0.005451337257641575,0.00020598999999998924,0.0,False
in_dist,00000555,0.62485886,10.0,10.0,5120.0,31.992773,0.75294253,2.2588276,1.4736284,1.6319393,1.5527838,0.053131087,0.075866084,0.073187773,0.007447599485129963,4.1970000000057794e-05,0.0,False
in_dist,00000559,0.46216965,6.0,6.0,3072.0,39.438477,0.88185106,2.6455532,1.8565581,1.9063789,1.8814685,0.051150504,0.076666975,0.06592644,0.007955148570858328,0.000598910000000008,0.0,True
in_dist,00000563,0.36993408,5.0,5.0,2560.0,37.88125,0.91130358,2.7339107,2.0568198,1.6207778,1.8387988,0.038905738,0.089862937,0.059036456,0.006317443461396954,0.00029372999999999205,0.0,False
in_dist,00000570,0.32337952,4.0,4.0,2048.0,41.392578,0.94126526,2.8237958,1.8641121,2.0283318,1.946222,0.043419761,0.083949338,0.06103994,0.005419834859733519,3.8140000000019825e-05,0.0,False
in_dist,00000575,0.5815239,11.0,11.0,4562.0,33.415826,0.9415889,2.8247667,2.1863363,1.9401966,2.0632664,0.035196695,0.86943005,0.48920863,0.01171478623093325,0.0023651199999999983,0.0,False
in_dist,00000584,0.30033493,4.0,4.0,2048.0,38.442871,0.82264355,2.4679307,2.1051617,1.5009763,1.803069,0.032462769,0.068243858,0.054860812,0.005539197835560006,7.629999999980708e-06,0.0,False
in_dist,00000589,0.5630455,14.0,14.0,4527.0,32.606583,3.7662712,11.298814,6.2320375,7.3913201,6.8116788,0.015755789,0.90836299,0.64946619,0.01101769500202232,0.000152590000000008,0.0,False
in_dist,00000591,0.29212189,6.0,6.0,1918.0,39.932221,2.3380945,7.0142834,3.7296128,3.4034834,3.5665481,0.022666402,0.92874299,0.16420846,0.0067164412901895565,0.00014495999999997178,0.0,False
in_dist,00000592,0.38482666,10.0,10.0,2863.0,35.235767,4.2856725,12.857018,10.899112,10.558668,10.72889,0.0076491668,0.97435369,0.31026426,0.009401134606751627,1.9070000000009912e-05,0.0,False
in_dist,00000627,0.61240387,9.0,9.0,4262.0,37.667292,1.0861683,3.258505,2.9630479,2.8963494,2.9296986,0.04140826,0.66145479,0.19115936,0.006812709729927757,0.0007324200000000669,0.0,False
in_dist,00000635,0.40320969,5.0,5.0,2560.0,41.288672,0.96961512,2.9088453,2.0597114,1.9090779,1.9843946,0.047309252,0.11736477,0.073475283,0.007289736996071494,0.00011063000000000045,0.0,False
in_dist,00000642,0.6221962,8.0,8.0,4096.0,39.820557,0.90691457,2.7207437,2.3311133,2.2150476,2.2730804,0.033899444,0.07009621,0.083144741,0.0076074742620638736,0.0008850099999999639,0.0,False
in_dist,00000643,0.32020569,4.0,4.0,2048.0,40.986328,0.90594186,2.7178256,1.913454,1.9715855,1.9425198,0.043875469,0.066043031,0.071598929,0.005600506986673359,0.00014495999999997178,0.0,False
in_dist,00000644,0.40906525,5.0,5.0,2560.0,41.888281,0.84676591,2.5402977,1.8864218,1.8974999,1.8919609,0.044598519,0.071201814,0.055818531,0.006140114265623442,0.00017928999999999862,0.0,False
in_dist,00000647,0.5733223,8.0,8.0,4096.0,36.692627,0.92483485,2.7745045,2.2333068,1.955818,2.0945624,0.032529134,0.16352295,0.14065053,0.006735227574722891,0.0008125299999999225,0.0,True
in_dist,00000654,0.209095,7.0,7.0,1337.0,40.999252,5.041202,15.123606,6.931598,7.6970236,7.3143108,0.028037247,0.97563786,0.16938272,0.00883340567005364,0.00019837000000000327,0.0,False
in_dist,00000668,0.39468765,6.0,6.0,2636.0,39.250759,2.7460725,8.2382175,5.4289657,5.7711546,5.6000602,0.027135229,0.97509681,0.27006276,0.005905589730603178,0.00017928999999999862,0.0,False
in_dist,00000673,0.24289322,6.0,6.0,1513.0,42.087905,4.2373113,12.711934,5.8519763,7.0000622,6.4260193,0.029331705,0.97560579,0.1709221,0.012001413319742138,0.00027465999999998214,0.0,False
in_dist,00000678,0.30608368,4.0,4.0,2048.0,39.178711,0.88627828,2.6588348,1.6264818,1.9860207,1.8062513,0.033959978,0.071342201,0.085870487,0.005578308316657066,0.00022125000000000616,0.0,False
in_dist,00000684,0.32507324,11.0,11.0,2147.0,39.694923,4.9393032,14.81791,7.4455098,7.0894403,7.2674751,0.021188562,0.95177213,0.17007797,0.010959298450834765,0.00011443999999999344,0.0,False
in_dist,00000704,0.57504272,11.0,11.0,4172.0,36.132311,3.9739879,11.921964,7.7585153,8.1287721,7.9436437,0.013332661,0.97150307,0.25525971,0.00913995473972451,0.0001564000000000565,0.0,False
in_dist,00000707,0.3755455,5.0,5.0,2560.0,38.455859,0.9144189,2.7432567,1.6225512,1.985651,1.8041011,0.039688141,0.070910106,0.07925801,0.006405334414631647,0.00035857999999999723,0.0,False
in_dist,00000711,0.24523544,3.0,3.0,1536.0,41.853516,0.98773046,2.9631914,1.9846542,2.1112525,2.0479534,0.044888122,0.1200706,0.070184402,0.023445722795301216,0.00024031999999998832,0.0,False
in_dist,00000719,0.62153244,8.0,8.0,4096.0,39.778076,0.90165589,2.7049677,1.8352036,2.1381588,1.9866812,0.03613446,0.073053775,0.069101151,0.0056938181732073545,0.0005340600000000029,0.0,False
in_dist,00000729,0.62266159,8.0,8.0,4096.0,39.850342,0.9349033,2.8047099,1.8631445,2.1230329,1.9930887,0.035744162,0.078868035,0.072538608,0.006262924618535504,0.00019835999999995302,0.0,False
in_dist,00000733,0.36428833,5.0,5.0,2560.0,37.303125,0.8566962,2.5700886,1.7136556,2.1127604,1.913208,0.037100146,0.10571796,0.08255194,0.0065347434140224925,0.0003166199999999897,0.0,False
in_dist,00000734,0.6236496,8.0,8.0,4096.0,39.913574,0.87823097,2.6346929,2.0987248,2.0836897,2.0912072,0.03584138,0.072191204,0.062923237,0.0062973596306298285,0.0005111700000000052,0.0,False
in_dist,00000738,0.30582047,4.0,4.0,2048.0,39.14502,0.87712788,2.6313836,2.0333018,1.5724105,1.8028562,0.040033785,0.070477609,0.072525836,0.006486847121510375,3.052000000003385e-05,0.0,False
in_dist,00000739,0.60110474,8.0,8.0,4057.0,38.840523,1.4271483,4.2814449,2.770313,2.4366667,2.6034898,0.039814835,0.90089636,0.090139994,0.0070021696192791305,0.00045775999999997374,0.0,False
in_dist,00000755,0.24643707,3.0,3.0,1536.0,42.058594,1.0601831,3.1805494,2.1342694,2.2477734,2.1910214,0.044269353,0.069481337,0.084446082,0.007776971044262115,0.0002784700000000029,0.0,False
in_dist,00000756,0.5857811,9.0,9.0,4608.0,33.324436,0.83978318,2.5193495,1.82075,1.7245922,1.7726711,0.037496779,0.26931702,0.19804297,0.006561147045940796,0.0006103500000000928,0.0,False
in_dist,00000758,0.47286987,6.0,6.0,3072.0,40.351562,0.8946907,2.6840721,2.0240826,1.8729146,1.9484986,0.046044021,0.064705317,0.068734158,0.006163644026395354,4.577999999999527e-05,0.0,False
in_dist,00000760,0.63069916,13.0,13.0,5570.0,29.67684,1.1244913,3.3734738,2.1521248,2.0310468,2.0915858,0.04555939,0.88463911,0.28380386,0.012754086085581373,0.0011291500000000232,1.0,False
in_dist,00000762,0.30577469,4.0,4.0,1711.0,46.912332,11.694708,35.084123,29.553412,28.886808,29.22011,0.015037133,0.80957563,0.89680855,0.007411817409646915,0.00010300000000001974,0.0,False
in_dist,00000772,0.50037003,7.0,7.0,3584.0,36.598493,0.86032489,2.5809747,2.0774952,1.6522539,1.8648745,0.037495823,0.10801394,0.083125933,0.006306273025003861,0.000152590000000008,0.0,False
in_dist,00000773,0.6162529,8.0,8.0,4096.0,39.440186,0.84113251,2.5233975,1.7432093,2.055425,1.8993172,0.035665904,0.065094014,0.066613759,0.0055159174348270446,0.00013351000000005886,0.0,False
in_dist,00000778,0.45854568,7.0,7.0,3584.0,33.539342,0.83363306,2.5008992,1.6572807,1.6381615,1.6477211,0.038809005,0.13840976,0.14878699,0.006294691835379784,0.00027847000000003064,0.0,False
in_dist,00000789,0.61660767,8.0,8.0,4096.0,39.462891,0.89557212,2.6867164,1.819487,2.0429221,1.9312046,0.036006152,0.087615088,0.081017382,0.005748588380072306,0.00016783999999991916,0.0,False
in_dist,00000791,0.62525558,12.0,12.0,5612.0,29.206522,1.3241359,3.9724078,3.0422387,2.5955557,2.8188972,0.034989247,0.86198965,0.24209316,0.008832003516016429,0.0005264200000000274,0.0,False
in_dist,00000796,0.61151505,8.0,8.0,4096.0,39.136963,0.88229996,2.6468999,2.014566,1.7627702,1.8886681,0.03996475,0.070461237,0.076156027,0.007708540977887091,0.00043106000000003863,0.0,False
in_dist,00000797,0.27526474,11.0,11.0,2364.0,30.524112,3.9569138,11.870741,7.0443024,6.9584266,7.0013645,0.012772908,0.95097071,0.34693878,0.009121545870537706,6.10400000000122e-05,0.0,False
in_dist,00000798,0.38334656,5.0,5.0,2560.0,39.254688,0.88425849,2.6527755,2.0513749,1.6177956,1.8345852,0.038964773,0.082613425,0.062040355,0.006148660124466354,0.00013732999999999107,0.0,False
in_dist,00000801,0.58065033,8.0,8.0,4096.0,37.161621,0.91979912,2.7593974,2.111968,1.8412712,1.9766196,0.03610464,0.16563846,0.13234781,0.006618912911901753,0.00046157999999996147,0.0,False
in_dist,00000803,0.37467575,5.0,5.0,2560.0,38.366797,0.93545235,2.8063571,2.0149622,1.6597534,1.8373578,0.037116983,0.084505947,0.065204029,0.006046120438107927,0.0002632099999999582,0.0,False
in_dist,00000805,0.60407257,9.0,9.0,4430.0,35.745824,1.0738512,3.2215537,1.9904999,2.1490801,2.06979,0.050135138,0.79515486,0.076258321,0.008470310903284428,0.0001449600000000828,0.0,False
in_dist,00000809,0.30026627,4.0,4.0,2048.0,38.433105,0.95122946,2.8536884,1.4939828,2.0653264,1.7796546,0.036706624,0.090033207,0.056511748,0.006183565953743808,0.0002937399999999868,0.0,False
in_dist,00000815,0.3405571,7.0,7.0,2749.0,32.475446,2.7899019,8.3697058,4.7482135,3.6314597,4.1898366,0.021229731,0.87917613,0.8560914,0.009045830802495547,0.00028610000000001135,0.0,False
in_dist,00000003,0.58150101,9.0,9.0,4596.0,33.161662,0.91761949,2.7528585,2.0506438,1.9136392,1.9821415,0.036472642,0.85388662,0.31502046,0.011815357103653223,0.0013580399999999493,1.0,True
in_dist,00000009,0.28159332,15.0,15.0,1853.0,39.840799,8.0361063,24.108319,10.097653,11.650252,10.873953,0.03623152,0.97572738,0.63250883,0.01021918924924703,0.00030136000000002827,0.0,False
in_dist,00000022,0.62488174,8.0,8.0,4096.0,39.992432,0.82508417,2.4752525,1.9140194,1.9471834,1.9306014,0.040507761,0.075504871,0.07479008,0.00620006043190624,1.5249999999911168e-05,0.0,False
in_dist,00000024,0.58327103,10.0,10.0,4591.0,33.304509,0.86801252,2.6040376,1.8323036,1.8394687,1.8358861,0.033916231,0.72648084,0.23083624,0.00895466813466983,0.0006370600000000781,0.0,True
in_dist,00000036,0.59969711,8.0,8.0,4096.0,38.380615,0.88330385,2.6499116,1.7404492,1.9995292,1.8699892,0.041809544,0.074954832,0.075420086,0.006177869066685493,7.24800000000414e-05,0.0,False
in_dist,00000044,0.36109543,5.0,5.0,2560.0,36.976172,0.91526296,2.7457889,2.0180323,1.5247929,1.7714126,0.039526351,0.089980004,0.080648745,0.005808574691510082,3.8099999999929857e-06,0.0,False
in_dist,00000047,0.57369995,9.0,9.0,4140.0,36.32657,0.90322983,2.7096895,2.1187438,1.730735,1.9247394,0.039352584,0.70568562,0.23054169,0.007881895480693957,0.0008125299999999225,1.0,True
in_dist,00000053,0.59340286,9.0,9.0,4608.0,33.75803,0.79481611,2.3844483,1.6804863,1.6400169,1.6602516,0.038918957,0.20672864,0.24656928,0.0063149716410705325,0.0,0.0,True
in_dist,00000054,0.3922348,6.0,6.0,2686.0,38.280715,2.2269243,6.6807728,3.2764253,3.7852919,3.5308586,0.03408635,0.95111431,0.12221298,0.006359548787817193,1.1450000000023941e-05,0.0,False
in_dist,00000055,0.50026321,12.0,12.0,2653.0,49.432718,6.1199142,18.359743,8.7767676,6.3727852,7.5747764,0.023285098,0.97985426,0.39339339,0.0058816748753045545,0.0004997300000000315,0.0,False
in_dist,00000056,0.62826157,8.0,8.0,4096.0,40.20874,0.95897744,2.8769323,2.1312144,2.0209595,2.0760869,0.041998208,0.094295121,0.06836248,0.007719420376458674,0.00023650999999991207,0.0,False
in_dist,00000062,0.5474205,7.0,7.0,2260.0,63.496903,6.4467706,19.340312,8.2991493,9.1533458,8.7262476,0.032053672,0.97303634,0.48300117,0.00528171463847793,0.0005950900000000203,0.0,False
in_dist,00000074,0.3360672,9.0,9.0,2350.0,37.488511,3.2743356,9.8230069,5.319321,4.8537288,5.0865249,0.028523686,0.97645161,0.16859887,0.007280574787574046,7.247999999998589e-05,0.0,False
in_dist,00000087,0.37540054,7.0,7.0,2491.0,39.505821,2.5107003,7.5321009,3.3067878,4.2796369,3.7932124,0.055789604,0.90695434,0.14756309,0.0066400633046583835,0.0004882800000000076,0.0,False
in_dist,00000090,0.26470947,8.0,8.0,2275.0,30.502418,3.1179686,9.3539057,4.5459734,4.7205284,4.6332509,0.027642675,0.97636544,0.2724808,0.009203988164997234,0.00030135999999997276,0.0,False
in_dist,00000096,0.29369736,4.0,4.0,1894.0,40.649947,1.9772266,5.9316797,3.1955051,3.4774004,3.3364528,0.046271513,0.90302625,0.073675381,0.006280612509230288,0.00036620999999997794,0.0,False
in_dist,00000104,0.48337555,6.0,6.0,3072.0,41.248047,0.89126449,2.6737935,1.932919,1.92925,1.9310845,0.043338095,0.072645389,0.058868796,0.005981969314337809,0.0001716600000000179,0.0,False
in_dist,00000108,0.325737,4.0,4.0,2048.0,41.694336,0.98636343,2.9590903,2.0227231,2.0736432,2.0481832,0.042611265,0.068743587,0.082147386,0.005863262950850268,0.0004997199999999813,0.0,False
in_dist,00000109,0.44438934,6.0,6.0,3072.0,37.921224,0.85067158,2.5520147,1.6850693,1.6509204,1.6679948,0.037377245,0.084302089,0.08218844,0.005710598068693451,0.0002403299999999553,0.0,False
in_dist,00000120,0.57701492,10.0,10.0,4717.0,32.052576,1.6589264,4.9767791,3.9543474,4.180097,4.0672222,0.034865971,0.82725832,0.1635776,0.010435689142621718,0.0006332399999999794,0.0,False
in_dist,00000122,0.42054367,6.0,6.0,3072.0,35.886393,0.89031828,2.6709548,2.1703069,1.8243365,1.9973217,0.034921622,0.25159876,0.12260186,0.006303387670572591,0.0004882800000000076,0.0,True
in_dist,00000131,0.36274719,5.0,5.0,2331.0,40.775204,1.4446986,4.3340959,2.8733608,2.7070655,2.7902132,0.034053942,0.82337732,0.084967903,0.00896870970971031,0.00019074000000002256,1.0,False
in_dist,00000132,0.36049652,11.0,11.0,2662.0,35.495868,3.7158684,11.147605,6.2644043,7.5237695,6.8940869,0.022812915,0.9754902,0.39779559,0.009156405763211417,0.00016785000000002492,0.0,False
in_dist,00000135,0.45060349,6.0,6.0,3003.0,39.334998,1.2681406,3.8044218,2.5086129,2.3481074,2.4283601,0.046360839,0.90308466,0.076365165,0.006627958131932399,0.0005455000000000321,0.0,False
in_dist,00000144,0.54224396,7.0,7.0,3584.0,39.661272,0.87767536,2.6330261,1.6836965,1.9754598,1.8295781,0.040673621,0.066935921,0.073477556,0.005806637813971061,0.0004844600000000199,0.0,False
in_dist,00000148,0.2565155,16.0,16.0,1562.0,43.198464,8.6489729,25.946919,13.419422,10.79106,12.105241,0.02728349,0.98076923,1.0909091,0.03794334750387229,0.0003509500000000165,1.0,False
in_dist,00000155,0.34060669,8.0,8.0,2194.0,40.696445,2.7799477,8.339843,8.2152499,7.4178384,7.8165441,0.024329056,0.97409544,0.28629857,0.007188901044891671,0.0002479499999999968,0.0,False
in_dist,00000159,0.52064896,7.0,7.0,3584.0,38.081752,0.80843826,2.4253148,1.4879509,1.8307697,1.6593603,0.043409426,0.089394365,0.085992046,0.006301996564473611,0.0002594000000000207,0.0,False
in_dist,00000164,0.62678528,8.0,8.0,4096.0,40.114258,0.97600147,2.9280044,2.2298438,2.3114828,2.2706633,0.035792218,0.07337116,0.077261829,0.007672199672659752,9.537000000003903e-05,0.0,False
in_dist,00000175,0.62312317,17.0,17.0,6413.0,25.451895,2.0116037,6.0348112,3.2888338,3.1805626,3.2346982,0.034605984,0.95101553,0.69379383,0.014232843213700441,0.0019645699999999433,0.0,False
in_dist,00000186,0.3853035,5.0,5.0,2560.0,39.455078,0.94376267,2.831288,2.0210651,1.6147981,1.8179316,0.039544797,0.088882645,0.078954763,0.005678861805017532,0.00020217999999999625,0.0,False
in_dist,00000197,0.57069016,8.0,8.0,4096.0,36.52417,0.81137194,2.4341158,1.827021,1.549626,1.6883235,0.0479637,0.089373055,0.081369498,0.006503333773632769,0.0006027200000000565,0.0,False
in_dist,00000416,0.58052063,8.0,8.0,4096.0,37.15332,0.86200283,2.5860085,1.7471396,1.9526436,1.8498916,0.043254661,0.17640751,0.098123324,0.007943905251416417,0.00022506999999993837,0.0,False
in_dist,00000418,0.61846542,11.0,11.0,4917.0,32.972748,1.7860248,5.3580744,4.7700373,4.3956142,4.5828258,0.036714767,0.90743966,0.27294347,0.007572304164342403,0.00044632000000000005,0.0,False
in_dist,00000423,0.47598648,6.0,6.0,3072.0,40.617513,0.81783238,2.4534971,1.8940848,1.7415756,1.8178302,0.0491422,0.061620765,0.066878349,0.0059369590155168295,7.629000000003439e-05,0.0,False
in_dist,00000429,0.50972366,10.0,10.0,3726.0,35.86205,1.4366907,4.310072,3.5814857,3.1197882,3.3506369,0.032959197,0.90421456,0.19242902,0.006593077133118297,0.00025558999999997223,0.0,False
in_dist,00000430,0.39528275,9.0,9.0,2691.0,38.506503,4.1819711,12.545913,9.6007862,8.6848423,9.1428143,0.014417876,0.92130215,0.31683168,0.007476211051354098,0.0007285999999999682,0.0,True
in_dist,00000432,0.57989883,8.0,8.0,4096.0,37.113525,0.9541859,2.8625577,2.2440583,1.8638604,2.0539593,0.037047485,0.14512314,0.13983581,0.007475798513203458,0.00044632000000000005,0.0,True
in_dist,00000434,0.47491074,6.0,6.0,3072.0,40.525716,0.93086146,2.7925844,2.1675856,2.0910629,2.1293243,0.040067026,0.076251068,0.060459611,0.006868163864286125,0.00044632000000000005,0.0,False
in_dist,00000451,0.54555511,10.0,10.0,4033.0,35.446814,2.6133255,7.8399765,7.4739109,5.6538479,6.5638794,0.013020163,0.88235294,1.3932584,0.009531258926969488,0.00041581000000001644,1.0,True
in_dist,00000454,0.5451622,11.0,11.0,4108.0,34.790896,3.7230461,11.169138,6.9875231,7.6260882,7.3068056,0.009104959,0.9748009,0.40782123,0.009089374471322409,0.00045013999999998777,1.0,False
in_dist,00000461,0.38924026,9.0,9.0,2568.0,39.734034,3.3991062,10.197318,7.1414163,7.2409902,7.1912033,0.023249903,0.97305864,0.2972167,0.007101669043147907,0.0002670200000000067,0.0,False
in_dist,00000463,0.5124054,8.0,8.0,1784.0,75.411996,4.1637954,12.491386,6.541634,5.8522055,6.1969197,0.02468575,0.95365602,0.15994882,0.008706213031524412,0.00029372999999999205,0.0,False
in_dist,00000469,0.34397888,9.0,9.0,1527.0,59.051735,8.0073659,24.022098,10.425424,10.30624,10.365832,0.02966873,0.96844864,0.32336018,0.007274305330997044,6.10400000000122e-05,0.0,False
in_dist,00000471,0.2830162,16.0,16.0,2005.0,37.00399,7.9240289,23.772087,11.494996,11.662585,11.57879,0.0059734368,0.97578023,0.37376238,0.01222725615103959,8.009999999997186e-05,0.0,False
in_dist,00000474,0.53749466,7.0,7.0,3519.0,40.040068,1.391012,4.173036,2.8875737,2.5261494,2.7068615,0.04329094,0.927266,0.091631536,0.006857855631215215,0.0006446799999999531,0.0,False
in_dist,00000477,0.60844803,9.0,9.0,4608.0,34.613932,0.77548288,2.3264486,1.8270735,1.5696177,1.6983456,0.047297132,0.092198582,0.068583686,0.007100733007295967,0.0007514899999999658,0.0,False
in_dist,00000485,0.3057518,4.0,4.0,2048.0,39.13623,0.86405158,2.5921547,2.1092063,1.5299553,1.8195808,0.035499368,0.071212615,0.06518724,0.006357700258775689,0.00030135999999997276,0.0,False
in_dist,00000491,0.45929337,6.0,6.0,3072.0,39.193034,1.0696806,3.2090419,2.3638285,1.6847681,2.0242983,0.034680334,0.29076942,0.063845863,0.005636516816413084,0.00017548000000000563,0.0,False
in_dist,00000505,0.32019043,15.0,15.0,1993.0,42.115404,7.5653475,22.696043,11.040988,10.402524,10.721756,0.018757882,0.97613009,0.41215107,0.008832561018589757,2.2890000000053146e-05,0.0,False
in_dist,00000506,0.50153732,10.0,10.0,3472.0,37.867224,2.1321991,6.3965972,5.0745713,4.180844,4.6277077,0.029259317,0.91876957,0.30136986,0.00897265159315408,0.00032044000000008843,0.0,False
in_dist,00000507,0.57579803,8.0,8.0,4096.0,36.851074,0.89681674,2.6904502,1.9202649,1.7149111,1.817588,0.040182875,0.15055993,0.20337343,0.0060483685142666,0.00011826000000003667,0.0,False
in_dist,00000508,0.57364273,8.0,8.0,4096.0,36.713135,0.86871996,2.6061599,1.9660572,1.7930883,1.8795727,0.041293699,0.12752059,0.090599262,0.006197150942651608,0.00019073999999996705,0.0,False
in_dist,00000510,0.51460648,7.0,7.0,3584.0,37.639788,0.84806714,2.5442014,1.5865522,1.8585868,1.7225695,0.047198851,0.089349236,0.080433822,0.006341525873806653,8.01099999999666e-05,0.0,False
in_dist,00000516,0.43014526,9.0,9.0,3269.0,34.493729,3.0470499,9.1411496,4.0953247,4.6260829,4.3607038,0.028670289,0.97084785,0.8866575,0.009729822240161501,0.0011520400000000208,1.0,False
in_dist,00000520,0.36969376,10.0,10.0,1443.0,67.591823,5.7789894,17.336968,7.9969874,7.6579923,7.8274898,0.01743618,0.95220006,0.35125,0.013135368127399238,0.0025367700000000215,0.0,False
in_dist,00000521,0.32752609,4.0,4.0,2048.0,41.92334,0.92175831,2.7652749,1.8954874,2.0221341,1.9588107,0.046352156,0.064160847,0.064744212,0.007159118279443377,0.00013732999999999107,0.0,False
in_dist,00000523,0.38999176,14.0,14.0,2572.0,39.752722,5.6849709,17.054913,8.9096478,7.4976863,8.2036671,0.018371475,0.9763545,0.19505359,0.008748584778706547,0.0004692099999999977,0.0,False
in_dist,00000538,0.32331467,4.0,4.0,2048.0,41.384277,0.9059308,2.7177924,2.0416229,2.1069341,2.0742785,0.042779974,0.069580604,0.056462202,0.007167578991973067,0.0006103499999999817,0.0,False
in_dist,00000547,0.40652084,5.0,5.0,2560.0,41.627734,0.93076553,2.7922966,1.9697978,1.9848928,1.9773453,0.044558893,0.064511595,0.064499362,0.00630330324777828,8.774000000000282e-05,0.0,False
in_dist,00000551,0.33295441,8.0,8.0,2482.0,35.12087,3.1685575,9.5056725,5.1028015,4.3941761,4.7484888,0.025524533,0.97567836,0.17745547,0.013540033147576125,0.0026130600000000004,1.0,True
in_dist,00000553,0.49763107,7.0,7.0,3584.0,36.398158,0.88217216,2.6465165,1.9424733,1.6051895,1.7738314,0.049034693,0.16065574,0.091147541,0.0080384312205245,0.0004844600000000199,0.0,True
in_dist,00000560,0.27777863,12.0,12.0,1536.0,47.413411,8.8800287,26.640086,11.70532,12.608431,12.156876,0.015205738,0.97518028,0.33410673,0.008744048463048215,0.0003204299999999827,0.0,False
in_dist,00000562,0.3256073,4.0,4.0,2048.0,41.677734,0.9375065,2.8125195,2.0335494,1.9352466,1.984398,0.042170604,0.065168539,0.063142992,0.005698113741943067,7.247999999998589e-05,0.0,False
in_dist,00000568,0.38419342,5.0,5.0,2560.0,39.341406,0.84026843,2.5208053,1.9282712,1.6715581,1.7999146,0.041425865,0.060550459,0.063061323,0.00641689210757157,0.0002403300000000108,0.0,False
in_dist,00000569,0.47168732,7.0,7.0,3528.0,35.048186,2.1734614,6.5203841,5.5617399,3.7255274,4.6436337,0.02373438,0.85382201,1.3893805,0.0055879889159314855,8.01099999999666e-05,0.0,False
in_dist,00000572,0.43648529,6.0,6.0,2876.0,39.785118,1.0656883,3.1970649,1.6403403,2.4717077,2.056024,0.047408356,0.91116109,0.06606691,0.0068473993766388075,0.00013733000000004658,0.0,False
in_dist,00000576,0.29888535,7.0,7.0,1895.0,41.346174,2.8429248,8.5287743,4.4682828,4.386891,4.4275869,0.03784693,0.97551291,0.37086093,0.011270492089682116,0.0006446800000000086,0.0,False
in_dist,00000577,0.30329895,4.0,4.0,2048.0,38.822266,0.90449427,2.7134828,2.0741134,1.5832091,1.8286613,0.042082008,0.063634232,0.059393369,0.006223659469381304,0.0004882800000000076,0.0,False
in_dist,00000580,0.62243652,8.0,8.0,4096.0,39.835938,0.9226846,2.7680538,2.1475233,2.1033653,2.1254443,0.039152087,0.077431303,0.062450593,0.007293473341393519,0.00037384000000006967,0.0,False
in_dist,00000581,0.32782364,4.0,4.0,2048.0,41.961426,1.020122,3.0603661,2.105965,2.0593326,2.0826488,0.046244529,0.091944367,0.051727358,0.007412041650209034,0.00028991999999999907,0.0,False
in_dist,00000586,0.32524872,4.0,4.0,2048.0,41.631836,0.95989725,2.8796918,1.9463235,2.1430246,2.0446741,0.041945484,0.087814712,0.081257499,0.006305457389517044,0.0001449600000000273,0.0,False
in_dist,00000587,0.40736389,5.0,5.0,2560.0,41.714062,0.86369018,2.5910705,1.8487106,1.7179189,1.7833147,0.054560931,0.063194933,0.070831009,0.0059848762838731195,6.10400000000122e-05,0.0,False
in_dist,00000588,0.49368668,8.0,8.0,3556.0,36.393982,1.3535818,4.0607455,3.6732149,3.4394397,3.5563273,0.03160411,0.87208934,0.14634146,0.006037133706484732,6.10400000000122e-05,0.0,False
in_dist,00000590,0.45622635,6.0,6.0,3072.0,38.931315,0.86504934,2.595148,1.6321254,1.7742582,1.7031918,0.044760766,0.085714286,0.080519481,0.006209982541662495,5.339999999998124e-05,0.0,False
in_dist,00000601,0.399086,8.0,8.0,2717.0,38.487302,0.91753857,2.7526157,1.7692217,1.9466607,1.8579412,0.045049098,0.58490566,0.41935484,0.013895652424085303,0.0020027200000000134,2.0,True
in_dist,00000602,0.26621246,5.0,5.0,1847.0,37.783433,3.5900658,10.770197,5.3497061,8.6286317,6.9891689,0.01364168,0.8716611,0.20312059,0.007039877152370866,0.00032807000000001363,0.0,False
in_dist,00000611,0.47879791,9.0,9.0,3623.0,34.643665,2.0314719,6.0944157,5.7209098,4.5348705,5.1278902,0.083910087,0.9736442,0.31214953,0.007196312778301128,0.00016785000000002492,0.0,False
in_dist,00000616,0.28723145,11.0,11.0,2431.0,30.973262,3.4799949,10.439985,5.1708393,4.7101665,4.9405029,0.025194122,0.90306627,0.32515337,0.008770750553180107,1.1439999999973693e-05,0.0,False
in_dist,00000622,0.40017319,5.0,5.0,2560.0,40.977734,1.0077306,3.0231918,2.1283677,2.2223221,2.1753449,0.040872927,0.1098581,0.082605018,0.006145254380591658,0.00011443999999999344,0.0,False
in_dist,00000628,0.32897949,4.0,4.0,2048.0,42.113281,0.93796421,2.8138926,1.9260852,1.9599486,1.9430169,0.049698022,0.067482371,0.068447412,0.007245518415641361,0.000457770000000024,0.0,False
in_dist,00000631,0.56538773,9.0,9.0,4201.0,35.280409,1.423944,4.271832,3.1214394,3.6154459,3.3684427,0.035204165,0.91548497,0.18165208,0.006611748261109551,0.00011063000000000045,0.0,False
in_dist,00000632,0.62127304,8.0,8.0,4096.0,39.761475,0.89886373,2.6965912,1.9969673,2.0839864,2.0404768,0.041298414,0.066476125,0.06650796,0.007018678726009697,0.0005455000000000876,0.0,False
in_dist,00000638,0.38752747,5.0,5.0,2560.0,39.682812,0.84901771,2.5470531,1.5548033,1.8896535,1.7222284,0.03936995,0.057401813,0.063444109,0.005276658171559201,0.0002288899999999816,0.0,False
in_dist,00000639,0.38804626,5.0,5.0,2560.0,39.735937,0.91239915,2.7371974,1.6207497,1.8716884,1.746219,0.04077779,0.085241431,0.059194132,0.0053926218055476705,1.5249999999966679e-05,0.0,False
in_dist,00000645,0.40836334,6.0,6.0,3072.0,34.847005,0.76686018,2.3005805,1.6778107,1.6730037,1.6754072,0.035206881,0.09256987,0.11683708,0.006350678571605428,0.00018310999999998634,0.0,False
in_dist,00000648,0.48071289,6.0,6.0,3072.0,41.020833,0.9111394,2.7334182,1.9535003,2.0163871,1.9849437,0.046388967,0.074537411,0.07158826,0.006805441195805506,1.5260000000016927e-05,0.0,False
in_dist,00000652,0.38262939,5.0,5.0,2560.0,39.18125,0.84508159,2.5352448,1.9596131,1.8689094,1.9142612,0.048970229,0.068620515,0.068482618,0.006324829332164383,0.00011824999999998642,0.0,False
in_dist,00000655,0.48252487,6.0,6.0,3072.0,41.175456,0.93664595,2.8099378,2.0129003,1.9282186,1.9705595,0.045363068,0.092410319,0.074842552,0.006542876992989943,9.917999999997651e-05,0.0,False
in_dist,00000658,0.62486649,8.0,8.0,4096.0,39.991455,0.90688949,2.7206685,2.0934061,2.0737455,2.0835758,0.037353399,0.076848107,0.079495903,0.00637891334708629,0.0005378800000001016,0.0,False
in_dist,00000661,0.3540802,7.0,7.0,2677.0,34.673142,2.4740451,7.4221353,4.1498965,4.4441511,4.2970238,0.029288548,0.97583388,0.20426439,0.008550960392571638,0.00044632000000000005,0.0,True
in_dist,00000667,0.48995972,7.0,7.0,3584.0,35.837054,0.83222044,2.4966613,1.7132781,1.6624779,1.687878,0.036702322,0.10729614,0.098712446,0.005966185830131754,0.00020217999999999625,0.0,False
in_dist,00000669,0.32303619,4.0,4.0,2048.0,41.348633,0.89843771,2.6953131,1.9603354,1.9944998,1.9774176,0.044745883,0.07517021,0.067111296,0.006185886464503909,0.00013351000000000335,0.0,False
in_dist,00000670,0.29711151,12.0,12.0,1627.0,47.870928,6.2583865,18.77516,8.2831946,8.98052,8.6318573,0.012746449,0.95136476,0.39419795,0.00793716432063929,0.00045775999999997374,0.0,False
in_dist,00000677,0.57907104,12.0,12.0,5062.0,29.98874,1.9637686,5.8913057,5.1603646,6.3335658,5.7469652,0.028554966,0.92423159,0.3921945,0.010547154703584583,1.9070000000009912e-05,0.0,False
in_dist,00000681,0.4295845,6.0,6.0,2835.0,39.722399,1.7671541,5.3014623,3.8919204,4.4640895,4.178005,0.028872827,0.8632929,0.23347648,0.0066167808876756995,0.00032807000000001363,0.0,False
in_dist,00000683,0.29995728,10.0,10.0,1614.0,48.718711,6.7418484,20.225545,8.6039971,10.076788,9.3403926,0.024154128,0.93845725,0.36633663,0.007424318660838369,0.00035857999999999723,0.0,False
in_dist,00000686,0.54966736,7.0,7.0,3584.0,40.204241,1.083424,3.2502719,2.8172034,2.6989345,2.758069,0.032855997,0.12341633,0.15271125,0.006994678933996634,0.0001449600000000828,0.0,False
in_dist,00000688,0.40446091,5.0,5.0,2560.0,41.416797,0.86765454,2.6029636,1.9284504,1.8565919,1.8925211,0.043885283,0.079180274,0.066212315,0.005188052769234397,0.0002212600000000009,0.0,False
in_dist,00000702,0.406147,7.0,7.0,2635.0,40.406831,2.1506161,6.4518482,4.010794,4.4164629,4.2136285,0.034455827,0.9498998,0.22425722,0.00691186077906103,0.0002594000000000207,0.0,False
in_dist,00000710,0.30560684,4.0,4.0,2048.0,39.117676,0.86178426,2.5853528,1.9586869,1.4974889,1.7280879,0.042006658,0.066915888,0.076635514,0.006327816079534032,0.0006675700000000062,0.0,False
in_dist,00000716,0.2629509,4.0,4.0,2048.0,33.657715,0.90020349,2.7006105,1.4844417,2.2325816,1.8585117,0.037455559,0.20213713,0.1398041,0.007189063403939211,0.00031280000000000197,0.0,False
in_dist,00000722,0.588871,17.0,17.0,5345.0,28.884565,3.8737127,11.621138,7.4269638,7.8463337,7.6366488,0.016664269,0.92998138,0.64837281,0.011532614989822165,0.0008048999999999973,0.0,False
in_dist,00000724,0.57422256,8.0,8.0,4096.0,36.750244,0.8753587,2.6260761,2.0366305,1.6993264,1.8679785,0.039632073,0.11645794,0.086741191,0.00578316001744561,0.00021362999999996468,0.0,True
in_dist,00000726,0.45978546,7.0,7.0,1891.0,63.738763,1.479933,4.4397989,1.5758362,3.2069879,2.391412,0.032713294,0.89829328,0.34336283,0.004684724843958321,0.0002441400000000038,0.0,False
in_dist,00000730,0.5762291,8.0,8.0,4096.0,36.878662,0.9241193,2.7723579,2.220748,1.7862121,2.00348,0.034191776,0.093928669,0.18486251,0.006051865275409685,0.00030898999999995347,0.0,False
in_dist,00000737,0.36942673,10.0,10.0,1690.0,57.266864,4.9624884,14.887465,8.5136223,6.093289,7.3034556,0.021832927,0.90656349,0.19853748,0.034204343033548246,0.0014839100000000327,0.0,False
in_dist,00000744,0.46752548,6.0,6.0,3053.0,40.143793,1.2670072,3.8010215,2.5131959,2.2055087,2.3593523,0.039794451,0.92565971,0.065544107,0.006750725039136984,0.0005531300000000128,0.0,False
in_dist,00000761,0.5291481,10.0,10.0,4275.0,32.447485,1.5446114,4.6338341,4.5691752,4.5510318,4.5601035,0.036171467,0.75487465,0.23563543,0.008981034208919159,0.0003356999999999388,0.0,False
in_dist,00000767,0.60919189,9.0,9.0,4608.0,34.65625,0.95365385,2.8609616,2.2974778,2.4206147,2.3590462,0.039301721,0.13960703,0.17242959,0.008444292512081453,6.102999999990644e-05,0.0,False
in_dist,00000780,0.36638641,5.0,5.0,2560.0,37.517969,0.91888834,2.756665,1.638096,1.9203891,1.7792425,0.041256249,0.073259026,0.078752692,0.006067737799641204,0.00013351999999999808,0.0,False
in_dist,00000781,0.39341354,5.0,5.0,2560.0,40.285547,1.3837139,4.1511418,2.8381726,3.6146419,3.2264073,0.03271734,0.12696093,0.097534834,0.0066177392228198295,0.0006141699999999695,0.0,False
in_dist,00000790,0.61452103,8.0,8.0,4096.0,39.329346,0.85414113,2.5624234,1.9522544,2.2329706,2.0926125,0.033504665,0.067578875,0.08544101,0.005839843759774088,0.0010032599999999503,0.0,False
in_dist,00000804,0.26321411,15.0,15.0,1907.0,36.18301,6.3618794,19.085638,8.1595786,9.4694707,8.8145246,0.020525779,0.97671169,0.51898734,0.010101507982296032,0.0003356899999999996,0.0,False
in_dist,00000806,0.40786743,5.0,5.0,2560.0,41.765625,1.0731355,3.2194064,2.093358,2.0934929,2.0934254,0.043006503,0.093636448,0.081334773,0.005930398615159871,0.00036620999999997794,0.0,False
in_dist,00000810,0.60577011,10.0,10.0,4658.0,34.072993,1.4637884,4.3913652,4.8969509,5.1894646,5.0432077,0.028660521,0.29577465,1.1126761,0.010192477045532833,0.00013732999999993556,1.0,True
in_dist,00000818,0.39185715,5.0,5.0,2560.0,40.126172,0.86983856,2.6095157,2.0813635,1.4682488,1.7748062,0.046799973,0.094480127,0.076233184,0.011416289070197094,0.0003204399999999774,0.0,False
in_dist,00000822,0.62532425,8.0,8.0,4096.0,40.020752,0.90089798,2.702694,1.9058542,1.9994895,1.9526719,0.045184958,0.090149368,0.073898834,0.006404459208035118,0.00019073000000002782,0.0,True
in_dist,00000001,0.47942352,6.0,6.0,3072.0,40.910807,0.87078018,2.6123406,1.8904184,1.8493617,1.86989,0.047611457,0.085714286,0.06009129,0.005931723232037833,7.629999999980708e-06,0.0,False
in_dist,00000002,0.41261292,5.0,5.0,2560.0,42.251562,0.89898523,2.6969557,2.0047068,1.7672153,1.8859611,0.045171923,0.089394365,0.063644948,0.00607199674405523,7.247999999998589e-05,0.0,False
in_dist,00000005,0.57806396,10.0,10.0,4307.0,35.182029,0.87390449,2.6217135,1.9931466,1.6924596,1.8428031,0.039535184,0.85714286,0.28571429,0.009057102644668968,0.0018043500000000101,0.0,True
in_dist,00000007,0.347332,5.0,5.0,2560.0,35.566797,0.89610166,2.688305,1.9915824,1.52521,1.7583962,0.042266724,0.19609211,0.16120028,0.0070839267075312184,0.00047301999999999067,0.0,True
in_dist,00000011,0.22600555,6.0,6.0,1306.0,45.364472,4.8851094,14.655328,6.7978569,6.9125772,6.855217,0.038821912,0.97794192,0.34079174,0.006749306523353482,0.00020600000000001173,0.0,False
in_dist,00000014,0.32910919,4.0,4.0,2048.0,42.125977,0.88150237,2.6445071,1.8693212,1.99595,1.9326356,0.04242826,0.074012243,0.069588227,0.006192500774240162,0.0002365100000000231,0.0,False
in_dist,00000020,0.62485886,8.0,8.0,4096.0,39.990967,0.90129281,2.7038784,2.017156,2.1079926,2.0625743,0.039096661,0.075496559,0.074422917,0.006515791777915836,0.0009918300000000269,0.0,False
in_dist,00000033,0.32696152,4.0,4.0,2048.0,41.852051,1.0478658,3.1435975,2.2638188,2.0375232,2.150671,0.041381096,0.07594058,0.071677752,0.006469612651635814,0.0003700300000000212,0.0,False
in_dist,00000040,0.53908157,6.0,6.0,2784.0,50.760417,5.3028043,15.908413,6.3219283,8.3924501,7.3571892,0.0232421,0.96892525,0.11913675,0.004993550957204107,0.0008392299999999686,0.0,False
in_dist,00000041,0.37733078,6.0,6.0,2429.0,40.72252,2.5843859,7.7531576,6.3329028,6.7235663,6.5282345,0.028267479,0.9501429,0.14710649,0.007130111985906962,1.5259999999961416e-05,0.0,False
in_dist,00000042,0.58473206,9.0,9.0,4608.0,33.264757,0.91948651,2.7584595,1.819211,1.726198,1.7727045,0.036619638,0.41685649,0.28291572,0.007660005271711845,0.0011940000000000284,0.0,False
in_dist,00000046,0.58500671,9.0,9.0,4608.0,33.280382,0.82073807,2.4622142,1.7802931,1.6617159,1.7210045,0.037679388,0.26103093,0.22701525,0.006749701950045761,0.0008316000000000434,0.0,True
in_dist,00000049,0.62345505,8.0,8.0,4096.0,39.901123,0.87340913,2.6202274,2.0867171,2.1033531,2.0950351,0.039196888,0.069959252,0.065028973,0.006473417242047752,0.0005836500000000466,0.0,False
in_dist,00000061,0.37583542,6.0,6.0,2253.0,43.736352,1.297879,3.8936369,2.2534922,2.3272518,2.290372,0.039170601,0.82353849,0.095754717,0.005198849570629105,1.9070000000009912e-05,0.0,False
in_dist,00000065,0.23340988,13.0,13.0,1461.0,41.883641,8.8559472,26.567842,12.466859,12.377915,12.422387,0.007654623,0.97614442,0.2736014,0.010132473523840724,0.0005493099999999973,0.0,False
in_dist,00000068,0.58087921,11.0,11.0,4491.0,33.902917,0.9178327,2.7534981,2.0946186,1.8157357,1.9551771,0.037861766,0.69946333,0.54143646,0.011239047292534998,0.0016517600000000021,0.0,False
in_dist,00000071,0.4079361,5.0,5.0,2560.0,41.772656,0.93864438,2.8159331,1.9995646,1.8691038,1.9343342,0.047153794,0.084768087,0.059742215,0.005949887850373425,0.00016404000000003194,0.0,False
in_dist,00000072,0.40611649,5.0,5.0,2560.0,41.586328,0.98919856,2.9675957,2.01882,2.030384,2.024602,0.042471336,0.076837725,0.087767339,0.0061444697963737305,0.00027847999999996986,0.0,False
in_dist,00000089,0.32197189,4.0,4.0,2048.0,41.212402,0.91928751,2.7578625,2.3627465,2.1105464,2.2366465,0.035732743,0.067663408,0.058397933,0.006109868344656433,0.000148780000000015,0.0,False
in_dist,00000093,0.32640839,4.0,4.0,2048.0,41.780273,0.9575833,2.8727499,1.9655572,2.0988845,2.0322208,0.042028163,0.075943956,0.06995963,0.005687746793887949,0.00011443999999999344,0.0,False
in_dist,00000095,0.28424835,5.0,5.0,2560.0,29.107031,0.91443985,2.7433196,1.6832463,1.6966612,1.6899538,0.033033568,0.22056834,0.21244926,0.007253769255557763,0.0004920900000000006,0.0,False
in_dist,00000102,0.22969055,15.0,15.0,1577.0,38.181357,7.39432,22.18296,9.9468688,10.343269,10.145069,0.026233041,0.97630484,0.24153499,0.013920519021279332,6.86699999999929e-05,0.0,True
in_dist,00000112,0.62386703,8.0,8.0,4096.0,39.92749,0.86050163,2.5815049,2.0960011,2.0232292,2.0596152,0.038488937,0.072198379,0.068150209,0.0065173612756247445,0.00034332999999997504,0.0,False
in_dist,00000113,0.54021454,7.0,7.0,3584.0,39.512835,0.81538976,2.4461693,1.5301492,1.8200714,1.6751103,0.048455845,0.062755222,0.059393369,0.00601071903828565,0.00022887999999998687,0.0,False
in_dist,00000126,0.6206398,12.0,12.0,5257.0,30.953586,2.1346532,6.4039597,6.7146006,7.562618,7.1386093,0.021486013,0.9587156,0.21203438,0.01236010007684396,0.0007629399999999897,0.0,False
in_dist,00000128,0.59924316,8.0,8.0,4096.0,38.351562,0.92379535,2.771386,1.9588184,2.0459643,2.0023914,0.035800997,0.078957604,0.076577017,0.006643825927760472,0.00026322000000000845,0.0,False
in_dist,00000133,0.58528519,9.0,9.0,4608.0,33.296224,0.87336888,2.6201066,1.9206874,1.8207057,1.8706965,0.032508392,0.32438971,0.23861887,0.006884935628381661,0.0006980899999999846,0.0,True
in_dist,00000134,0.40930176,5.0,5.0,2560.0,41.9125,0.96559535,2.8967861,1.9799869,1.87687,1.9284284,0.048347371,0.095994796,0.060989968,0.005999280777008065,0.0003166199999999897,0.0,False
in_dist,00000139,0.32385254,7.0,7.0,2455.0,34.580855,1.9613727,5.8841181,3.0540644,3.0294328,3.0417486,0.03118591,0.8811054,0.14070869,0.006411735703946042,0.000152590000000008,0.0,False
in_dist,00000147,0.28959656,12.0,12.0,1382.0,55.324168,10.755808,32.267424,14.577894,13.67268,14.125287,0.022927188,0.96750712,0.16596804,0.020348129903244416,0.000965119999999986,0.0,True
in_dist,00000163,0.40431976,5.0,5.0,2560.0,41.402344,0.98945555,2.9683666,2.0822567,2.0134974,2.047877,0.043150645,0.08489723,0.066363722,0.006273198774359279,0.0005721999999999672,0.0,False
in_dist,00000165,0.30484009,4.0,4.0,1898.0,42.103267,1.503036,4.509108,2.7001448,2.7022445,2.7011946,0.050291114,0.90231397,0.09896782,0.007252860660495131,8.774000000000282e-05,0.0,False
in_dist,00000172,0.50769806,8.0,8.0,3640.0,36.563187,1.8143559,5.4430678,2.8785034,4.4623891,3.6704463,0.025272114,0.97252208,0.20902846,0.006111709526279818,0.000598909999999897,0.0,False
in_dist,00000180,0.32549667,4.0,4.0,2048.0,41.663574,0.93762509,2.8128753,1.8787062,2.1419257,2.010316,0.041932086,0.072722207,0.066010505,0.0062840778313981716,0.00012206999999997414,0.0,False
in_dist,00000184,0.32289124,2.0,2.0,1024.0,82.660156,0.66017231,1.9805169,0.91260971,1.6149677,1.2637887,0.040314968,0.034602252,0.01758141,0.0028879930090205397,0.00012969999999995485,0.0,False
in_dist,00000188,0.40713501,5.0,5.0,2560.0,41.690625,0.9340278,2.8020834,1.8067002,2.1022978,1.954499,0.042892666,0.072593005,0.074626866,0.005812657776428254,5.7220000000024474e-05,0.0,False
in_dist,00000189,0.62360764,8.0,8.0,4096.0,39.910889,0.94920523,2.8476157,2.0313399,2.1987901,2.115065,0.039128749,0.073914744,0.086297923,0.006907394514960696,0.00010682000000006298,0.0,False
in_dist,00000415,0.2876358,4.0,4.0,2048.0,36.817383,0.96932918,2.9079875,1.9632261,1.6521646,1.8076954,0.039692986,0.08665853,0.081588583,0.006488909514506314,0.00020980999999997696,0.0,False
in_dist,00000419,0.62531662,8.0,8.0,4096.0,40.020264,0.91250895,2.7375269,2.0029798,2.0047992,2.0038895,0.044372521,0.074005279,0.094071461,0.006996496635363614,0.00021744000000001318,0.0,False
in_dist,00000421,0.57275772,8.0,8.0,4096.0,36.656494,0.91636512,2.7490954,2.2155014,1.9576371,2.0865692,0.03434079,0.26659239,0.14085628,0.006428915639622335,0.0008087100000000458,0.0,False
in_dist,00000440,0.27910995,8.0,8.0,2160.0,33.874537,3.3400979,10.020294,4.7738321,5.4743264,5.1240792,0.028146243,0.97578254,0.16497045,0.008607261061336913,0.000617980000000018,0.0,False
in_dist,00000447,0.5798378,8.0,8.0,4096.0,37.109619,0.90917432,2.727523,2.1321375,1.899233,2.0156852,0.037698731,0.1208559,0.14964998,0.006735035294099023,0.0004768399999999229,0.0,False
in_dist,00000456,0.38655472,5.0,5.0,2560.0,39.583203,0.86397696,2.5919309,1.6719517,2.028914,1.8504328,0.043342104,0.081484279,0.063544519,0.0064320346785931015,6.865999999999817e-05,0.0,False
in_dist,00000457,0.40283966,5.0,5.0,2560.0,41.250781,0.92249328,2.7674798,2.0042137,1.9855554,1.9948845,0.043061153,0.073453668,0.071181823,0.005876635098317151,6.102999999996195e-05,0.0,False
in_dist,00000465,0.57959366,8.0,8.0,4096.0,37.093994,0.80700034,2.421001,1.6392515,1.8445824,1.741917,0.042464605,0.073688328,0.076524375,0.006485861670926685,0.0004043599999999925,0.0,False
in_dist,00000470,0.32162094,17.0,17.0,2064.0,40.896802,8.2303613,24.691084,10.813996,12.898457,11.856226,0.018039069,0.97606973,0.45695364,0.011688744402747475,7.247999999998589e-05,0.0,True
in_dist,00000476,0.40105057,5.0,5.0,2560.0,41.067578,0.88763905,2.6629171,2.0662215,1.9676216,2.0169215,0.041887137,0.07773313,0.065427797,0.006633771547529754,0.0003395099999999873,0.0,False
in_dist,00000484,0.41183853,8.0,8.0,2947.0,36.634204,4.0990662,12.297199,9.0561681,9.6950473,9.3756077,0.022992517,0.96831327,0.39586139,0.00747657418225367,0.00018311000000004185,0.0,False
in_dist,00000487,0.30649185,4.0,4.0,2048.0,39.230957,0.86414994,2.5924498,1.9425065,1.495933,1.7192197,0.044893725,0.066654202,0.080776808,0.00625365444319026,3.052000000003385e-05,0.0,False
in_dist,00000492,0.32217789,4.0,4.0,2048.0,41.23877,0.96536935,2.8961081,2.0110338,1.8265257,1.9187798,0.049260156,0.082956259,0.085972851,0.006544660220030529,0.0002784800000000254,0.0,False
in_dist,00000499,0.2863884,5.0,5.0,2560.0,29.326172,0.93179456,2.7953837,1.7223417,1.665425,1.6938834,0.032539128,0.27302231,0.14239351,0.006907312075650318,0.0002441400000000038,0.0,False
in_dist,00000500,0.24712753,3.0,3.0,1536.0,42.176432,0.99717947,2.9915384,2.256728,1.9028636,2.0797958,0.042389491,0.085546803,0.078585822,0.00675822615682653,0.00041579999999999395,0.0,False
in_dist,00000511,0.33127975,6.0,6.0,2460.0,35.302033,4.088117,12.264351,6.4476529,8.6227729,7.5352129,0.020921697,0.91298865,0.86222859,0.006977430129015416,0.0001640299999999817,0.0,False
in_dist,00000530,0.40985489,5.0,5.0,2560.0,41.969141,0.90278595,2.7083578,1.9972468,1.9564509,1.9768489,0.046482553,0.091138413,0.06400665,0.006587227715130761,9.918000000003202e-05,0.0,False
in_dist,00000534,0.55462265,9.0,9.0,4128.0,35.220688,0.98221659,2.9466498,2.7180753,2.8219016,2.7699885,0.036877139,0.96923077,0.26153846,0.006963300318330923,0.00027465999999998214,0.0,False
in_dist,00000535,0.41004944,8.0,8.0,3017.0,35.62877,0.94863577,2.8459073,2.0816588,2.0232546,2.0524567,0.043277312,0.87086093,0.34328358,0.01070127149275446,0.0006217900000000109,0.0,True
in_dist,00000539,0.32375336,4.0,4.0,2048.0,41.44043,0.92714916,2.7814475,2.1383613,2.0982855,2.1183234,0.039553836,0.072729006,0.073682204,0.006733414791974979,0.0003509500000000165,0.0,False
in_dist,00000540,0.47969818,6.0,6.0,3072.0,40.934245,0.91375661,2.7412698,1.955084,1.9179649,1.9365245,0.047593779,0.073235165,0.078565615,0.006660235823405247,2.670000000004613e-05,0.0,False
in_dist,00000549,0.36215973,11.0,11.0,2233.0,42.515898,5.0674317,15.202295,7.4832259,7.5682032,7.5257146,0.017701066,0.97666505,0.19158725,0.007567362587715398,7.247999999998589e-05,0.0,False
in_dist,00000550,0.45914459,6.0,6.0,3072.0,39.180339,0.85089462,2.5526839,1.9115915,1.9202396,1.9159156,0.046546816,0.1027192,0.074646144,0.006635733989751702,7.629999999980708e-06,0.0,False
in_dist,00000556,0.59260178,8.0,8.0,4096.0,37.926514,0.88803323,2.6640997,1.8110035,2.1045311,1.9577673,0.036279713,0.098106376,0.077261829,0.006286132536780897,6.103000000001746e-05,0.0,False
in_dist,00000557,0.50146866,10.0,10.0,3993.0,32.921863,1.4694688,4.4084064,2.4806529,2.6569653,2.5688091,0.055273514,0.93030066,0.14657134,0.009097905813920115,0.000770570000000026,0.0,False
in_dist,00000567,0.43469238,8.0,8.0,2763.0,41.242128,2.8097679,8.4293038,11.236578,12.15382,11.695199,0.01477253,0.92806894,0.22597403,0.008255404870373684,7.628999999997887e-05,0.0,False
in_dist,00000573,0.35322952,10.0,10.0,2490.0,37.18755,2.5446335,7.6339005,5.6362795,5.6559396,5.6461096,0.030776491,0.97268589,0.25,0.007996863712697366,0.00016020999999999397,0.0,True
in_dist,00000579,0.39080811,6.0,6.0,2761.0,37.105397,1.2292987,3.6878961,3.535667,3.6515518,3.5936094,0.031663708,0.91413926,0.20205041,0.007607767335867988,3.8099999999929857e-06,0.0,True
in_dist,00000583,0.38471222,5.0,5.0,2560.0,39.394531,0.8512289,2.5536867,2.0385433,1.4602943,1.7494188,0.040765839,0.069958081,0.073125291,0.006049310767922367,0.0002403300000000108,0.0,False
in_dist,00000594,0.47113419,6.0,6.0,3072.0,40.203451,0.96213475,2.8864043,2.2394357,2.1880992,2.2137674,0.037012185,0.091213884,0.085494527,0.006066254313628061,0.0006752099999999817,0.0,False
in_dist,00000595,0.57397079,8.0,8.0,4096.0,36.734131,0.90095422,2.7028627,2.1374926,1.8545278,1.9960102,0.035105417,0.12677658,0.1642979,0.006258261973363655,0.0006751999999999869,0.0,False
in_dist,00000596,0.40631485,5.0,5.0,2560.0,41.606641,0.91465145,2.7439543,1.962298,1.8738591,1.9180785,0.044944048,0.067003084,0.05785124,0.00581637670820323,0.00043488000000002636,0.0,False
in_dist,00000598,0.28599167,7.0,7.0,2339.0,32.051732,2.2387527,6.7162581,3.3820471,3.7154067,3.5487269,0.049690787,0.92751289,0.20811856,0.009186704441842886,7.630000000036219e-06,0.0,False
in_dist,00000599,0.4725647,6.0,6.0,3072.0,40.325521,0.84023952,2.5207186,2.0022298,1.8925645,1.9473971,0.040827738,0.084078712,0.060540439,0.006241653011220372,0.000461580000000017,0.0,False
in_dist,00000604,0.50204849,10.0,10.0,3754.0,35.058338,2.9563469,8.8690406,6.0588233,5.4332722,5.7460478,0.018630963,0.92180487,0.29344893,0.007593548904394454,0.00041960999999990367,0.0,False
in_dist,00000615,0.24648666,13.0,13.0,2173.0,29.735389,5.1290857,15.387257,7.3319742,6.96216,7.1470671,0.015882026,0.9520307,0.41923077,0.010751938632487246,0.0005645699999999865,0.0,False
in_dist,00000621,0.5487709,7.0,7.0,3584.0,40.138672,0.89348895,2.6804669,1.8223083,1.9498621,1.8860852,0.072914182,0.086331629,0.069985603,0.005272522267071533,0.0003280599999999634,0.0,False
in_dist,00000623,0.62054825,8.0,8.0,4096.0,39.715088,0.90897033,2.726911,2.0743561,2.2874646,2.1809103,0.035196902,0.090227048,0.065118529,0.005725564200194988,0.0006713900000000494,0.0,False
in_dist,00000624,0.32587051,4.0,4.0,2048.0,41.711426,1.0081211,3.0243633,2.097124,1.9393132,2.0182186,0.044173168,0.089095931,0.074175952,0.006032287292035754,0.00016783999999997468,0.0,False
in_dist,00000629,0.48843765,7.0,7.0,3584.0,35.725725,0.84355795,2.5306739,1.6688054,1.6586303,1.6637179,0.040192903,0.13416009,0.15445321,0.006955404105892904,0.00014877000000002027,0.0,False
in_dist,00000636,0.62493134,8.0,8.0,4096.0,39.995605,0.88732769,2.6619831,1.9417906,2.0857177,2.0137542,0.039916836,0.097355534,0.056915364,0.00587618382088595,0.00022506999999993837,0.0,False
in_dist,00000650,0.32464981,4.0,4.0,2048.0,41.555176,0.97939957,2.9381987,1.9097074,2.1449046,2.027306,0.044614053,0.083474656,0.061239872,0.006477792600805277,6.102999999996195e-05,0.0,False
in_dist,00000653,0.38498688,10.0,10.0,2765.0,36.499819,4.5571327,13.671398,11.694218,10.290462,10.99234,0.018058654,0.9663437,0.36747405,0.008409400258626909,0.00037765000000000715,0.0,False
in_dist,00000662,0.59117889,8.0,8.0,4096.0,37.835449,0.86543401,2.596302,1.8700899,2.1335668,2.0018284,0.036860008,0.10109729,0.077051025,0.007263323356069051,0.0005073500000000175,0.0,False
in_dist,00000664,0.401371,5.0,5.0,2560.0,41.100391,0.95157255,2.8547177,2.0971995,2.126384,2.1117917,0.037001434,0.086057873,0.059531258,0.006219578404966786,0.00015640000000000098,0.0,False
in_dist,00000675,0.37214661,5.0,5.0,2560.0,38.108203,0.95594877,2.8678463,1.657052,2.1153675,1.8862097,0.040173222,0.13590336,0.091490496,0.00746746049717395,9.15499999999958e-05,0.0,False
in_dist,00000689,0.40044785,5.0,5.0,2560.0,41.005859,0.86348248,2.5904474,1.6520524,2.1216418,1.8868471,0.033100507,0.069307854,0.05944319,0.005003603929760403,0.0003662199999999727,0.0,False
in_dist,00000691,0.56005859,8.0,8.0,4096.0,35.84375,0.81496818,2.4449045,1.8730656,1.618972,1.7460188,0.049691662,0.073280501,0.10095689,0.00760742824590066,0.0006218000000000057,0.0,False
in_dist,00000696,0.48177719,6.0,6.0,3072.0,41.111654,0.89192718,2.6757815,1.7986086,1.9225721,1.8605904,0.047936982,0.066348717,0.066718349,0.0071175927726701005,0.00014877000000002027,0.0,False
in_dist,00000698,0.45822906,6.0,6.0,3072.0,39.10319,0.94444337,2.8333301,2.0816261,1.810214,1.94592,0.037174564,0.093891998,0.097641785,0.00756189174135613,0.0001716600000000179,0.0,False
in_dist,00000699,0.23411942,12.0,12.0,1359.0,45.269316,9.1217264,27.365179,14.131927,12.36392,13.247923,0.014781773,0.95881826,0.32784636,0.010409384703838342,8.39200000000151e-05,0.0,False
in_dist,00000705,0.61557007,8.0,8.0,4096.0,39.396484,0.8779379,2.6338137,1.8917741,2.0546826,1.9732284,0.036804694,0.08530594,0.06714307,0.005634505450181515,0.0001602199999999332,0.0,False
in_dist,00000712,0.59197617,12.0,12.0,5146.0,30.156044,2.3694705,7.1084115,6.3503481,5.6828398,6.016594,0.018176945,0.96001632,0.20228216,0.008976773660193005,0.0005302500000000654,0.0,False
in_dist,00000713,0.41337585,7.0,7.0,2734.0,39.635699,1.8695531,5.6086594,3.2045894,2.8416847,3.0231371,0.043165203,0.9489917,0.12218268,0.007937301996545187,6.485000000000518e-05,0.0,False
in_dist,00000714,0.31785965,4.0,4.0,2048.0,40.686035,0.94261908,2.8278572,2.1685098,1.9617435,2.0651267,0.040589813,0.07268481,0.079207457,0.006185110241461622,3.052000000003385e-05,0.0,False
in_dist,00000721,0.32526016,4.0,4.0,2048.0,41.633301,0.9257892,2.7773676,1.9961845,1.8661053,1.9311449,0.043726166,0.067743592,0.054385472,0.005989212143510003,0.00025177000000004,0.0,False
in_dist,00000725,0.47302628,6.0,6.0,3072.0,40.364909,0.88849378,2.6654813,1.9167479,2.0295866,1.9731672,0.042305688,0.10315298,0.06707086,0.006193753816104874,0.0008545000000000358,0.0,False
in_dist,00000727,0.3071022,14.0,14.0,1939.0,41.518824,6.9918513,20.975554,8.9107434,10.362667,9.6367053,0.018413136,0.97582884,0.61355932,0.007967077357844743,0.00031280000000000197,0.0,False
in_dist,00000732,0.59070969,8.0,8.0,4096.0,37.80542,0.9335484,2.8006452,1.7907013,2.1551092,1.9729053,0.03660409,0.099008984,0.090673335,0.007169795538464974,0.0003204399999999774,0.0,False
in_dist,00000736,0.39951324,5.0,5.0,2560.0,40.910156,0.98309971,2.9492991,2.1820632,2.1633393,2.1727013,0.039907841,0.074655915,0.071478398,0.006560935132498336,0.0002593899999999705,0.0,False
in_dist,00000740,0.61956024,8.0,8.0,4096.0,39.651855,0.90620744,2.7186223,1.8658696,2.0800669,1.9729682,0.036685452,0.069319577,0.067235445,0.0058576355902989485,0.0003280599999999634,0.0,False
in_dist,00000745,0.24993134,8.0,8.0,1800.0,36.398889,4.1918557,12.575567,5.7987623,6.6412137,6.219988,0.02328089,0.92850658,0.17000955,0.008197915390214305,0.00028610000000001135,0.0,False
in_dist,00000747,0.53149414,7.0,7.0,3584.0,38.875,0.90336456,2.7100937,1.9972886,1.8040686,1.9006786,0.045688938,0.089597945,0.071424638,0.006742052421103595,0.0004921000000001063,0.0,False
in_dist,00000748,0.3963089,8.0,8.0,2625.0,39.578286,4.3561204,13.068361,9.7090834,8.5233227,9.1162031,0.021914126,0.9398688,0.55244295,0.00610194474654191,0.00012970000000001036,0.0,False
in_dist,00000750,0.34207153,6.0,6.0,2136.0,41.981273,1.5512902,4.6538705,4.6160801,4.1165084,4.3662943,0.034277558,0.90034072,0.2005698,0.007480411000807208,0.0002479499999999968,0.0,False
in_dist,00000752,0.47941208,6.0,6.0,3072.0,40.909831,0.93499891,2.8049967,1.9600061,1.9727142,1.9663602,0.048283936,0.075316054,0.071741199,0.008153232855462655,0.0001602199999999887,0.0,False
in_dist,00000753,0.48029709,6.0,6.0,3072.0,40.985352,0.92469406,2.7740822,2.0945285,1.9271661,2.0108473,0.046785516,0.085327441,0.064294692,0.007530824486135512,0.00025558999999997223,0.0,False
in_dist,00000757,0.57954788,8.0,8.0,4096.0,37.091064,0.92455434,2.773663,2.0790279,1.7878726,1.9334503,0.036732664,0.13409036,0.11331239,0.0059559233179861115,0.00019836000000006404,0.0,False
in_dist,00000765,0.3599968,15.0,15.0,2493.0,37.855997,5.4003375,16.201012,8.175704,7.374171,7.7749375,0.021200272,0.90341922,0.26349892,0.00916634517606596,0.0005836499999999911,0.0,False
in_dist,00000766,0.22920609,5.0,5.0,1430.0,42.017483,3.2709782,9.8129347,5.8603468,4.6701608,5.2652538,0.030385571,0.97589566,0.18979187,0.008166929411521195,0.00025558000000000525,0.0,False
in_dist,00000768,0.40662003,8.0,8.0,2930.0,36.383618,4.1122541,12.336762,11.908589,9.1179699,10.513279,0.0092186831,0.97198566,0.33856209,0.007879953326358269,0.0006446900000000033,0.0,False
in_dist,00000771,0.29750443,7.0,7.0,2052.0,38.013645,4.3568067,13.07042,8.5887579,9.0586311,8.8236945,0.017534569,0.92179832,0.51710901,0.008205322396644399,0.0001602199999999887,0.0,False
in_dist,00000779,0.3658905,5.0,5.0,2560.0,37.467188,0.98117844,2.9435353,1.6756182,2.1230246,1.8993214,0.038099846,0.084725032,0.10968715,0.0064669267841569456,0.0002594000000000207,0.0,False
in_dist,00000782,0.43639755,8.0,8.0,3242.0,35.288094,4.1306885,12.392066,8.5047943,8.7866413,8.6457178,0.015668047,0.95115007,0.71605363,0.00837083372586811,0.0001754700000000109,0.0,False
in_dist,00000784,0.55424118,9.0,9.0,3924.0,37.029817,3.5746943,10.724083,9.015096,8.917591,8.9663435,0.011202378,0.97406981,0.32443832,0.011078028411227514,0.00046157999999996147,0.0,False
in_dist,00000793,0.62097931,8.0,8.0,4096.0,39.742676,0.89853668,2.69561,1.8764372,1.9491691,1.9128032,0.039032831,0.092153869,0.086734202,0.00582106182156783,0.00017548000000000563,0.0,False
in_dist,00000795,0.47862625,6.0,6.0,3072.0,40.842773,0.8966869,2.6900607,1.893848,1.8923686,1.8931083,0.048249109,0.06918239,0.061978369,0.00593933594257845,9.536999999998352e-05,0.0,False
in_dist,00000807,0.59547806,9.0,9.0,4608.0,33.876085,0.83751938,2.5125581,1.9244431,1.6319017,1.7781724,0.043927936,0.12859304,0.16187595,0.007722708926905852,0.00013732999999993556,0.0,False
in_dist,00000812,0.61189651,9.0,9.0,4374.0,36.674211,1.8785046,5.6355138,3.6414901,3.675547,3.6585186,0.031608249,0.93940054,0.20511096,0.007795049029318046,0.00044250000000001233,0.0,False
in_dist,00000821,0.37048721,6.0,6.0,2428.0,40.000412,2.8724516,8.6173549,11.799495,11.471774,11.635635,0.014667577,0.93994874,0.2466342,0.007724899317987255,0.00021362999999996468,0.0,True
in_dist,00000008,0.62546158,8.0,8.0,4096.0,40.029541,0.87606311,2.6281893,2.0342965,2.1422993,2.0882979,0.039508609,0.06991359,0.084171519,0.0068215807313256605,0.0007247900000000307,0.0,False
in_dist,00000028,0.57316971,9.0,9.0,4119.0,36.478029,0.86227631,2.5868289,1.9295994,1.7990882,1.8643438,0.03915438,0.83088235,0.18382353,0.007756915362065353,7.24800000000414e-05,1.0,True
in_dist,00000029,0.5730896,10.0,10.0,4127.0,36.402229,0.88542668,2.65628,2.0323046,1.7033889,1.8678467,0.041670342,0.8,0.4,0.007757034232557913,0.0005340600000000029,1.0,True
in_dist,00000031,0.26277161,4.0,4.0,2048.0,33.634766,0.88486081,2.6545824,1.4352827,1.9635816,1.6994321,0.04092203,0.13641155,0.18743411,0.006624703365034956,0.00027084999999998915,0.0,False
in_dist,00000034,0.55257797,7.0,7.0,3584.0,40.417132,0.97634531,2.9290359,2.2610992,2.1228709,2.1919851,0.035934449,0.090804377,0.081205606,0.006271650971651277,0.00036621000000003345,0.0,False
in_dist,00000037,0.49084473,4.0,4.0,1847.0,69.703844,4.8004137,14.401241,7.3884344,6.7687635,7.078599,0.060410928,0.94040185,0.057867079,0.0038701311402947747,5.341000000003149e-05,0.0,False
in_dist,00000038,0.44669724,9.0,9.0,2240.0,52.276339,4.6727127,14.018138,6.5629836,7.0187125,6.7908481,0.023170908,0.90312094,0.17346939,0.005365942997324624,0.00011062000000000571,0.0,False
in_dist,00000050,0.62634659,8.0,8.0,4096.0,40.086182,0.87042966,2.611289,1.9871543,1.9662277,1.976691,0.04086383,0.068541646,0.082505654,0.006093414795680707,0.00013733000000004658,0.0,False
in_dist,00000052,0.56140137,8.0,8.0,4069.0,36.1681,1.3379431,4.0138294,3.501181,3.344712,3.4229465,0.035115114,0.85273279,0.16510746,0.008650857190671268,0.00037001999999997093,0.0,False
in_dist,00000063,0.86605835,1.0,0.0,0.0,,,,,,,,,,0.04687357765290834,0.005928040000000023,0.0,False
in_dist,00000064,0.29261017,9.0,9.0,1379.0,56.100798,9.3858065,28.157419,11.638452,12.703467,12.17096,0.021919072,0.98392353,0.16426422,0.009640837279643488,0.00013732999999999107,0.0,False
in_dist,00000080,0.26064682,5.0,5.0,1671.0,40.889886,3.0620312,9.1860935,8.0820832,8.4330817,8.2575824,0.025858904,0.92470247,0.14710649,0.00723272056528701,1.1439999999973693e-05,0.0,False
in_dist,00000081,0.58057022,9.0,9.0,4608.0,33.027995,0.84720635,2.5416191,1.7459173,1.7488714,1.7473944,0.038299684,0.22629392,0.30678918,0.007303147088006945,0.0011634799999999945,0.0,True
in_dist,00000083,0.489254,10.0,10.0,2228.0,57.565081,7.4407075,22.322122,10.242112,8.295464,9.2687882,0.076148996,0.96871667,0.14440907,0.005088024812856418,0.00037764999999995164,0.0,False
in_dist,00000091,0.60169601,8.0,8.0,4096.0,38.508545,0.86512247,2.5953674,1.8505155,2.1432235,1.9968695,0.035238914,0.079762946,0.078581227,0.006425011719196294,0.00015257999999995775,0.0,False
in_dist,00000092,0.36488342,6.0,6.0,2499.0,38.277311,2.6670932,8.0012797,3.8761873,5.5180393,4.6971133,0.034022341,0.88836639,0.56614517,0.006657745011614757,0.0002594000000000207,0.0,False
in_dist,00000100,0.42029953,6.0,6.0,3072.0,35.865234,0.85068006,2.5520402,1.9731287,1.6144073,1.793768,0.041762685,0.13334587,0.15553884,0.0061244250171471615,0.00022506999999999389,0.0,False
in_dist,00000105,0.55109406,7.0,7.0,3584.0,40.308594,0.89984585,2.6995376,2.0310419,2.085864,2.0584529,0.04003352,0.074484357,0.069096431,0.006144769925414906,0.00021361999999991443,0.0,False
in_dist,00000106,0.53901291,7.0,7.0,3584.0,39.424944,0.92324276,2.7697283,1.9948199,1.8176143,1.9062171,0.048318821,0.10318471,0.064549664,0.006485537476364933,1.9070000000009912e-05,0.0,False
in_dist,00000110,0.24630737,3.0,3.0,1536.0,42.036458,1.0320609,3.0961827,2.1005392,2.22289,2.1617146,0.040598244,0.10021736,0.073325259,0.005603875131738989,0.0001602199999999887,0.0,False
in_dist,00000114,0.31958008,4.0,4.0,2048.0,40.90625,0.87832811,2.6349843,2.13486,2.2785876,2.2067238,0.035297373,0.066007393,0.060449882,0.005322001334704285,7.247999999998589e-05,0.0,False
in_dist,00000115,0.40650558,5.0,5.0,2560.0,41.626172,0.89426214,2.6827864,1.8750761,1.8307658,1.852921,0.04799282,0.08657277,0.075078158,0.00568858947498363,6.867000000004841e-05,0.0,False
in_dist,00000119,0.6242485,8.0,8.0,4096.0,39.951904,0.89897502,2.6969251,2.0719669,2.1416131,2.10679,0.036051427,0.069502431,0.063975063,0.006467080275616932,0.0006790199999999746,0.0,False
in_dist,00000123,0.57781601,9.0,9.0,4416.0,34.291214,0.89481826,2.6844548,1.9045327,1.9093491,1.9069409,0.036211237,0.71793742,0.26928162,0.009672718445676076,0.0005340600000000029,0.0,True
in_dist,00000125,0.58337402,9.0,9.0,4608.0,33.1875,0.847018,2.541054,1.8631766,1.9127199,1.8879482,0.032652135,0.22591793,0.21641469,0.006294222066308475,0.0003929100000000796,0.0,False
in_dist,00000137,0.57072067,9.0,9.0,4160.0,35.954327,0.88160487,2.6448146,2.0337592,1.7259486,1.8798539,0.039920591,0.79421222,0.64630225,0.008336022990712677,6.866000000005368e-05,1.0,True
in_dist,00000138,0.40319061,5.0,5.0,2560.0,41.286719,0.94797523,2.8439257,1.9175646,1.9864419,1.9520032,0.043193755,0.081874381,0.057404365,0.005769936813393328,0.0003204299999999827,0.0,False
in_dist,00000145,0.3669548,6.0,6.0,2412.0,39.881841,2.0233466,6.0700399,4.8149549,4.7979536,4.8064542,0.036935011,0.92501655,0.40567951,0.010035223748019129,0.0005950999999999596,0.0,True
in_dist,00000146,0.30994797,6.0,6.0,1934.0,42.011892,2.7118726,8.1356178,4.307351,4.5707277,4.4390394,0.036112718,0.97587574,0.15796431,0.00809934747814045,8.774000000000282e-05,0.0,False
in_dist,00000153,0.49088669,7.0,7.0,3584.0,35.904855,0.87036918,2.6111075,2.1428156,1.7111325,1.9269741,0.040129785,0.23036452,0.15445321,0.006136327477941461,0.00047301999999999067,0.0,False
in_dist,00000174,0.38780594,5.0,5.0,2560.0,39.711328,0.90313926,2.7094178,1.6015388,1.9810983,1.7913185,0.041794313,0.075987842,0.069908815,0.005630599814778647,0.00047301999999999067,0.0,False
in_dist,00000176,0.53170013,8.0,8.0,2236.0,62.337209,6.7838728,20.351618,10.548817,7.7408522,9.1448345,0.032650008,0.97637795,0.44937833,0.005454716089486555,0.0004730299999999854,0.0,False
in_dist,00000178,0.49144363,3.0,3.0,1536.0,83.873047,0.76802905,2.3040871,1.1768573,1.7537786,1.4653179,0.040547071,0.061632717,0.045609258,0.0031245260863784763,0.0001678400000000302,0.0,False
in_dist,00000181,0.48035431,6.0,6.0,3072.0,40.990234,0.89491695,2.6847509,1.889893,1.8063776,1.8481353,0.045168438,0.075361187,0.06535515,0.005587532685009222,0.00037384000000001416,0.0,False
in_dist,00000182,0.48738098,7.0,7.0,3584.0,35.648438,0.86623678,2.5987103,1.6800289,2.0083875,1.8442082,0.040589083,0.33281209,0.20093823,0.008007905937576165,0.0005264300000000222,0.0,False
in_dist,00000190,0.63288116,8.0,8.0,4096.0,40.504395,0.89430782,2.6829235,2.0329778,2.1325715,2.0827746,0.038951737,0.07405054,0.084638881,0.006503095768639056,0.0002326999999999746,0.0,False
in_dist,00000409,0.42153931,5.0,5.0,1975.0,55.951392,6.8726412,20.617924,10.273952,10.002456,10.138204,0.012319195,0.96852023,0.10511883,0.004974559926989364,8.39200000000151e-05,0.0,False
in_dist,00000420,0.59835434,8.0,8.0,4096.0,38.294922,0.90232833,2.706985,1.9973489,2.0747612,2.0360551,0.037165958,0.071977105,0.086218601,0.008044479866257448,4.9590000000043766e-05,0.0,True
in_dist,00000426,0.44813538,6.0,6.0,3072.0,38.240885,0.91712391,2.7513717,1.7898279,2.2071145,1.9984712,0.036958598,0.077392228,0.093927192,0.007015875471989119,0.0003204299999999827,0.0,False
in_dist,00000427,0.30941772,5.0,5.0,2028.0,39.996055,2.422558,7.267674,6.9342474,6.4117358,6.6729916,0.014119439,0.87566967,0.15837104,0.007710296697797658,0.00017548000000000563,0.0,False
in_dist,00000428,0.44415283,6.0,6.0,3072.0,37.901042,0.82477257,2.4743177,1.8901218,1.5505616,1.7203417,0.045035851,0.075573897,0.063896104,0.0059231498655006876,0.0006332399999999794,0.0,False
in_dist,00000438,0.5827446,11.0,11.0,4178.0,36.563667,3.1732318,9.5196955,9.0628524,8.4054296,8.734141,0.014035277,0.94294051,0.35379061,0.008731528856861792,0.0007095300000000693,0.0,False
in_dist,00000443,0.36750031,5.0,5.0,2560.0,37.632031,0.92166569,2.7649971,1.9742523,1.5758592,1.7750558,0.042496343,0.088284911,0.094017094,0.005721691093744652,0.0002479599999999915,0.0,False
in_dist,00000444,0.30078506,5.0,5.0,1898.0,41.544257,4.9592508,14.877752,6.4482182,12.522563,9.4853908,0.021778421,0.97326618,0.7358989,0.007635437957412061,4.577000000000053e-05,0.0,False
in_dist,00000448,0.4057045,5.0,5.0,2560.0,41.544141,0.93304488,2.7991346,2.0258393,1.9259945,1.9759169,0.04385885,0.085456426,0.067930789,0.005575439796663084,0.0001830999999999916,0.0,False
in_dist,00000449,0.38751221,5.0,5.0,2560.0,39.68125,0.84507571,2.5352271,1.9287345,1.5682327,1.7484836,0.045570174,0.065431059,0.084286319,0.0058970938737094025,0.0002784699999999751,0.0,False
in_dist,00000450,0.51166534,10.0,10.0,3893.0,34.454662,4.0095732,12.028719,12.198899,10.22456,11.211729,0.0072062656,0.93784092,0.69285317,0.008562050809696076,0.0002365100000000231,0.0,False
in_dist,00000453,0.51126099,11.0,11.0,4016.0,33.382719,3.5534234,10.66027,5.7851322,5.882143,5.8336376,0.035890405,0.96999326,0.4463111,0.008872936282271815,0.000663749999999963,0.0,False
in_dist,00000458,0.59279633,8.0,8.0,4096.0,37.938965,0.87520841,2.6256252,1.7372603,2.0589735,1.8981169,0.042351258,0.075541675,0.076471739,0.006892838203647056,8.01099999999666e-05,0.0,False
in_dist,00000459,0.43667984,9.0,9.0,3185.0,35.941287,2.6685114,8.0055341,7.6282307,7.5324342,7.5803325,0.017663489,0.8381982,0.30387077,0.006765943077148506,0.0003166199999999897,0.0,False
in_dist,00000464,0.62263107,8.0,8.0,4096.0,39.848389,0.93105299,2.793159,2.3404114,2.0745119,2.2074617,0.036086836,0.10485039,0.081601572,0.0071354996849263275,0.00022124999999995065,0.0,False
in_dist,00000478,0.59275055,8.0,8.0,4096.0,37.936035,0.87210729,2.6163219,1.8397574,2.0236696,1.9317135,0.038614898,0.077975869,0.076555481,0.007042069988183797,0.00021744000000001318,0.0,False
in_dist,00000480,0.58897018,8.0,8.0,4096.0,37.694092,0.89695148,2.6908544,1.9050916,2.2710159,2.0880538,0.034439318,0.073612037,0.12141701,0.006524371532768747,0.00029754000000004055,0.0,False
in_dist,00000483,0.49059296,7.0,7.0,3584.0,35.883371,0.8161917,2.4485751,2.2510402,1.6503709,1.9507056,0.037848811,0.16853122,0.20101047,0.006161939506119984,0.000308990000000009,0.0,False
in_dist,00000488,0.55032349,7.0,7.0,3584.0,40.252232,0.93402955,2.8020887,2.0343447,1.9411617,1.9877532,0.047174192,0.072917686,0.077419986,0.006734544739149029,9.919000000002676e-05,0.0,False
in_dist,00000498,0.52730942,9.0,9.0,3700.0,37.35973,2.1770111,6.5310332,3.9843207,4.4911224,4.2377216,0.021546998,0.86165565,0.27895737,0.00723143600559395,0.00011824999999998642,0.0,False
in_dist,00000501,0.4817009,6.0,6.0,3072.0,41.105143,0.87677472,2.6303241,1.8512568,1.8243564,1.8378066,0.051000338,0.070217918,0.07925801,0.006038707846199309,0.00020217999999999625,0.0,False
in_dist,00000502,0.48395538,7.0,7.0,3584.0,35.397879,0.85849768,2.575493,1.780311,1.7644482,1.7723796,0.035691471,0.1308642,0.18518519,0.005943292624151275,0.00024032000000001608,0.0,False
in_dist,00000503,0.30887604,4.0,4.0,2048.0,39.536133,0.92268207,2.7680462,2.102194,1.6791718,1.8906829,0.036764466,0.082869803,0.074927685,0.005142445112141569,9.156000000004605e-05,0.0,False
in_dist,00000504,0.45678711,6.0,6.0,3072.0,38.979167,0.88554284,2.6566285,1.9580027,1.70617,1.8320863,0.03823542,0.065824561,0.06344889,0.005812272235197313,9.15499999999958e-05,0.0,False
in_dist,00000509,0.57489395,8.0,8.0,4096.0,36.793213,0.8488594,2.5465782,2.0688312,1.6923107,1.8805709,0.038647464,0.19473835,0.098084072,0.006065372399436275,0.0002441399999999483,0.0,False
in_dist,00000512,0.32798004,4.0,4.0,2048.0,41.981445,0.99954063,2.9986219,2.1486607,1.9332467,2.0409537,0.045322028,0.077051075,0.088606425,0.006989414163869334,0.0003433200000000358,0.0,False
in_dist,00000515,0.40649033,5.0,5.0,2560.0,41.624609,0.89826773,2.6948032,1.8452715,1.848176,1.8467237,0.05100347,0.10358208,0.080067504,0.005981996950438329,7.247999999998589e-05,0.0,False
in_dist,00000518,0.50882721,4.0,4.0,875.0,152.44457,4.0700373,12.210112,6.7407072,5.0679151,5.9043112,0.018535482,0.9762406,0.19713564,0.017062721201961062,4.9589999999932743e-05,0.0,False
in_dist,00000524,0.30294037,4.0,4.0,1902.0,41.752892,1.6012397,4.8037191,2.7040457,2.8958194,2.7999326,0.041606097,0.87859086,0.069588227,0.0058612173021432845,0.0002403300000000108,0.0,False
in_dist,00000527,0.31324387,7.0,7.0,2060.0,39.86165,3.3375706,10.012712,11.133588,10.882606,11.008097,0.01633083,0.94977843,0.22067519,0.007766664259816092,3.814999999995905e-05,0.0,False
in_dist,00000528,0.47395325,6.0,6.0,3072.0,40.44401,0.8789547,2.6368641,1.9460017,1.8991977,1.9225997,0.04172192,0.06809166,0.070556771,0.006057655626034997,0.00032807000000001363,0.0,False
in_dist,00000529,0.39751434,6.0,6.0,2623.0,39.727793,1.1150309,3.3450926,3.2065192,3.920479,3.5634991,0.030533046,0.89067245,0.14793926,0.005540571346557055,0.00020981000000003247,0.0,False
in_dist,00000552,0.51939392,8.0,8.0,3868.0,35.20062,1.6473326,4.9419978,1.8375029,3.3395885,2.5885457,0.045182079,0.87561317,0.46466677,0.007592550928184227,8.01099999999666e-05,0.0,False
in_dist,00000558,0.56051636,8.0,8.0,3725.0,39.445906,2.1274889,6.3824666,4.3715415,4.7664931,4.5690173,0.02588138,0.84294327,0.17792549,0.007001865283693509,3.81399999999088e-05,0.0,False
in_dist,00000561,0.32600403,4.0,4.0,2048.0,41.728516,0.93690211,2.8107063,1.9625304,1.8903248,1.9264276,0.045682431,0.087215576,0.063042658,0.005446303825815568,3.433000000002684e-05,0.0,False
in_dist,00000564,0.44643784,6.0,6.0,3072.0,38.096029,0.8022069,2.4066207,1.7737368,1.7105321,1.7421344,0.04416639,0.069936421,0.066725149,0.007362355000704812,0.0006256099999999987,0.0,False
in_dist,00000574,0.54586029,7.0,7.0,3584.0,39.925781,0.82336293,2.4700888,1.8330533,1.8774391,1.8552462,0.04439962,0.077162899,0.073689344,0.006566979879580992,0.000560760000000049,0.0,False
in_dist,00000578,0.40009308,5.0,5.0,2560.0,40.969531,0.87681561,2.6304468,1.9911515,1.9805735,1.9858625,0.045668811,0.069958081,0.078410723,0.005867609219226022,0.0002326999999999746,0.0,False
in_dist,00000582,0.32558441,4.0,4.0,2048.0,41.674805,0.96482248,2.8944674,1.9656565,2.1323957,2.0490261,0.042031643,0.065649712,0.079915632,0.006747623562352145,2.669999999999062e-05,0.0,False
in_dist,00000593,0.62055206,9.0,9.0,4608.0,35.302517,0.83786342,2.5135903,1.8737278,1.5917587,1.7327433,0.04787185,0.081056044,0.077624655,0.009801682828762037,0.00012206999999997414,0.0,True
in_dist,00000597,0.39888382,5.0,5.0,2560.0,40.845703,0.89606701,2.688201,1.990272,1.8836247,1.9369483,0.044104834,0.068912711,0.063745396,0.0058002073698645296,0.0004768399999999784,0.0,False
in_dist,00000600,0.52161789,7.0,7.0,3584.0,38.152623,0.82865624,2.4859687,1.9176198,1.5625881,1.7401039,0.041938429,0.089463024,0.087585832,0.005948302913000192,0.00022887999999998687,0.0,False
in_dist,00000603,0.45990372,6.0,6.0,3072.0,39.245117,0.83565088,2.5069526,1.55027,1.7792752,1.6647726,0.042200636,0.077870989,0.067728328,0.005710924485346935,0.0006828300000000231,0.0,False
in_dist,00000610,0.54871368,14.0,14.0,4682.0,30.723622,3.6101109,10.830333,9.2426579,7.9116581,8.577158,0.019806276,0.97560381,0.36178836,0.01053542191226109,0.00022889000000003712,0.0,False
in_dist,00000612,0.3679924,5.0,5.0,2560.0,37.682422,0.90116002,2.7034801,1.6244526,2.0017493,1.8131009,0.041986927,0.07538433,0.07572851,0.006213114897278493,0.0003395099999999873,0.0,False
in_dist,00000613,0.40013885,5.0,5.0,2560.0,40.974219,0.95441982,2.8632595,2.2536923,2.1547675,2.2042299,0.036078989,0.091817206,0.070112103,0.005792801007017179,0.00012206999999997414,0.0,False
in_dist,00000617,0.32229614,5.0,5.0,2439.0,34.640426,1.7231083,5.169325,2.5112013,3.321788,2.9164946,0.032205153,0.80711599,0.13167035,0.007308491948829876,0.0004234300000000024,0.0,False
in_dist,00000618,0.39888,9.0,9.0,2952.0,35.421409,2.3457142,7.0371427,3.7607662,3.4018216,3.5812939,0.040297793,0.95086774,0.13920164,0.007889978046742296,7.629999999997361e-05,0.0,False
in_dist,00000619,0.62015533,8.0,8.0,4096.0,39.689941,0.88714059,2.6614218,1.9650148,1.9221262,1.9435705,0.049988812,0.086756181,0.090819006,0.006017029593831658,0.0002441400000000593,0.0,False
in_dist,00000620,0.61924362,8.0,8.0,4096.0,39.631592,0.8830423,2.6491269,1.7867095,2.0842119,1.9354607,0.037734975,0.09206443,0.06501548,0.0055851291940235415,0.00021362000000002546,0.0,False
in_dist,00000641,0.32575989,4.0,4.0,2048.0,41.697266,0.91929824,2.7578947,2.000509,1.9712252,1.9858671,0.047051082,0.065738295,0.077390694,0.006734660145376936,5.721999999996896e-05,0.0,False
in_dist,00000660,0.37321091,5.0,5.0,2560.0,38.216797,0.82328753,2.4698626,1.5801848,1.8828939,1.7315393,0.046196431,0.073066568,0.063387887,0.006439639890466364,0.00016785000000002492,0.0,False
in_dist,00000663,0.4615593,6.0,6.0,3072.0,39.386393,0.88980833,2.669425,1.7281806,1.9119469,1.8200637,0.041636505,0.078554404,0.072775527,0.006383880469664649,0.00016404000000003194,0.0,False
in_dist,00000671,0.19834518,10.0,10.0,1175.0,44.254468,8.2347951,24.704385,12.672453,10.021733,11.347093,0.011784936,0.97163695,0.39297475,0.02785293227705221,0.0001907399999999948,0.0,False
in_dist,00000680,0.27130127,6.0,6.0,1898.0,37.471022,1.5255193,4.5765579,1.7694855,3.6751141,2.7222998,0.035967582,0.86986301,0.23630137,0.007325444591904429,0.00015640000000000098,0.0,False
in_dist,00000685,0.57860565,9.0,9.0,4608.0,32.916233,0.81687931,2.4506379,1.6783124,1.76816,1.7232362,0.052439307,0.086341798,0.09701226,0.007357492666815624,0.0001716600000000179,0.0,False
in_dist,00000692,0.6125412,10.0,10.0,5094.0,31.522183,1.0776788,3.2330365,1.908341,2.1201614,2.0142512,0.046625909,0.86630906,0.20885051,0.008739094533543823,0.0008697500000000025,0.0,False
in_dist,00000697,0.50524902,7.0,7.0,3297.0,40.172278,1.7748493,5.3245478,5.2502821,5.1117012,5.1809917,0.029202909,0.74058417,0.22470459,0.006028095048779103,7.630000000036219e-06,0.0,False
in_dist,00000700,0.59384918,11.0,11.0,5367.0,29.005776,1.2118601,3.6355802,2.1259695,2.116561,2.1212653,0.042607443,0.90658929,0.14103789,0.009633226703736342,0.0009651200000000415,0.0,False
in_dist,00000701,0.50231552,7.0,7.0,3584.0,36.740792,0.81049187,2.4314756,1.5238484,1.8370136,1.680431,0.046934334,0.086830001,0.10541631,0.006505299684778643,0.00044250000000001233,0.0,False
in_dist,00000703,0.57799149,8.0,8.0,4096.0,36.991455,0.82619712,2.4785914,1.9491691,1.6245377,1.7868534,0.040252788,0.12742528,0.073938123,0.005817286677932354,0.0001716599999999069,0.0,False
in_dist,00000706,0.36663055,5.0,5.0,2560.0,37.542969,0.98764304,2.9629291,1.6312184,2.2088523,1.9200353,0.036694349,0.09485927,0.074340528,0.006497187260809167,0.00016783999999997468,0.0,False
in_dist,00000715,0.62076187,8.0,8.0,4096.0,39.72876,0.86342251,2.5902675,1.8717415,1.953884,1.9128128,0.049290489,0.094739944,0.081282845,0.005545755689502663,0.00011443999999993792,0.0,False
in_dist,00000743,0.39997482,5.0,5.0,2560.0,40.957422,0.82968828,2.4890648,1.8521128,1.8032652,1.827689,0.045501445,0.070866875,0.057205875,0.005951394714233449,0.0003318800000000066,0.0,False
in_dist,00000749,0.30783463,5.0,5.0,2292.0,35.208115,2.0330383,6.0991149,4.1961319,5.3877537,4.7919428,0.024364134,0.85105997,0.1063938,0.007613578093283002,1.1440000000029205e-05,0.0,False
in_dist,00000751,0.39742279,5.0,5.0,2560.0,40.696094,0.85039991,2.5511997,1.9574282,1.9531438,1.955286,0.043826024,0.061698228,0.066032124,0.005713842266427238,2.2889999999997634e-05,0.0,False
in_dist,00000759,0.27963257,6.0,6.0,1766.0,41.508494,2.9770324,8.9310971,5.4786002,5.0771046,5.2778524,0.035855601,0.90250828,0.21864647,0.006894231473918322,0.00042725000000004565,0.0,False
in_dist,00000774,0.48099518,6.0,6.0,3072.0,41.044922,0.92857982,2.7857394,1.9605905,2.0023193,1.9814549,0.04744875,0.0996483,0.075420086,0.006391396439678232,0.00022888000000004238,0.0,False
in_dist,00000775,0.32938385,4.0,4.0,2048.0,42.161133,0.88930751,2.6679225,1.9658561,1.8342344,1.9000453,0.052561267,0.07594058,0.060334116,0.007529311033501629,0.00027847000000003064,0.0,True
in_dist,00000786,0.24529266,3.0,3.0,1536.0,41.863281,1.0204596,3.0613788,2.2213616,2.0878176,2.1545896,0.044266529,0.094564408,0.070134696,0.0067860268258596035,0.00021744000000001318,0.0,False
in_dist,00000788,0.2538147,6.0,6.0,1859.0,35.791286,2.0433871,6.1301612,2.8870825,3.4865253,3.1868039,0.030816327,0.97533521,0.2,0.007438099361907091,0.00013351999999999808,0.0,True
in_dist,00000792,0.41009521,5.0,5.0,2560.0,41.99375,0.98944516,2.9683355,1.9242973,2.0920307,2.008164,0.046090777,0.075427143,0.098814967,0.0070286531175146605,0.00026322000000000845,0.0,False
in_dist,00000794,0.33720398,5.0,5.0,2199.0,40.198272,2.385622,7.1568661,4.2290187,2.8200754,3.524547,0.035674785,0.82133198,0.17605023,0.006518645004030543,9.918000000003202e-05,0.0,False
in_dist,00000799,0.37649536,14.0,14.0,2613.0,37.771144,5.2806941,15.842082,7.5396576,7.8496779,7.6946677,0.021589646,0.97572104,0.17251415,0.008256109445763826,0.00020217999999999625,0.0,False
in_dist,00000800,0.35504532,12.0,12.0,2417.0,38.508068,5.2207253,15.662176,7.815514,7.8844538,7.8499839,0.022160272,0.97644437,0.17778131,0.009260669733955784,0.0003433199999999803,0.0,False
in_dist,00000808,0.55330276,11.0,11.0,4274.0,33.936593,3.6324703,10.897411,9.517471,9.3810821,9.4492766,0.0090405523,0.92072188,0.38918669,0.008986803659059017,0.000495919999999983,0.0,False
in_dist,00000813,0.44351959,6.0,6.0,3072.0,37.847005,0.82436012,2.4730803,1.5912265,1.9041836,1.7477051,0.04327559,0.12328767,0.071537291,0.00627266838384577,0.00029754000000004055,0.0,False
in_dist,00000814,0.61880112,9.0,9.0,4608.0,35.202908,0.8033518,2.4100554,1.7849157,1.5848206,1.6848682,0.045749091,0.094917751,0.065800162,0.0065612738049875,0.00017929000000005413,0.0,False
in_dist,00000816,0.59059906,8.0,8.0,4096.0,37.79834,0.89632339,2.6889702,2.0391621,1.8283273,1.9337447,0.03723257,0.092293253,0.083389439,0.005823314934802926,9.536999999992801e-05,0.0,False
in_dist,00000817,0.39448547,5.0,5.0,2560.0,40.395313,0.88628004,2.6588401,2.0376418,1.9824687,2.0100552,0.039789092,0.089053282,0.073750437,0.005927488603051034,2.669999999999062e-05,0.0,False
in_dist,00000820,0.24745178,3.0,3.0,1536.0,42.231771,1.0715763,3.2147288,2.1446405,2.3236919,2.2341662,0.043405099,0.082605899,0.098661193,0.008183654825454134,0.000602720000000001,0.0,False
extreme,0,0.26473999,8.0,8.0,1776.0,39.030405,7.0835914,21.250774,8.8795363,8.1621606,8.5208485,0.014143893,0.92860892,0.31036519,0.013993618991306245,0.0010566699999999818,0.0,False
extreme,1,0.25299072,9.0,9.0,2102.0,31.52236,6.0041887,18.012566,8.2452763,6.7494731,7.4973747,0.0099666996,0.92822266,0.71953255,0.04496652041190963,0.008377070000000014,0.0,False
extreme,10,0.42605209,3.0,3.0,1137.0,98.747581,25.110629,75.331886,36.626409,41.285978,38.956194,0.025388089,0.98446157,0.546074,0.7306371462923942,0.31077575,2.0,True
extreme,11,0.62146759,8.0,8.0,4096.0,39.773926,0.73013842,2.1904152,1.352107,1.5345269,1.443317,0.044685546,0.077860903,0.06400665,0.007661380688835373,0.0005721999999999117,0.0,False
extreme,12,0.64471817,7.0,7.0,3584.0,47.155134,1.2312874,3.6938622,2.4379598,2.2735258,2.3557428,0.022950078,0.25971444,0.20296403,0.010064613191375749,0.0022849999999999815,0.0,False
extreme,13,0.53942108,5.0,5.0,2560.0,55.238281,1.2712873,3.8138618,2.0642407,2.8240497,2.4441452,0.021524273,0.063557385,0.091074236,0.008955319423384567,0.0020370499999999847,0.0,False
extreme,14,0.34940338,4.0,4.0,1073.0,85.384902,15.334962,46.004887,19.3855,27.766251,23.575876,0.018626493,0.96757519,0.68609023,0.6939854159219776,0.24165725999999998,3.0,True
extreme,15,0.56433487,5.0,5.0,2560.0,57.790234,1.075457,3.2263709,1.9630553,2.4626796,2.2128675,0.025308761,0.053947933,0.050708328,0.010716800538072668,0.0007858299999999874,0.0,False
extreme,16,0.34857178,3.0,3.0,1045.0,87.444976,15.363801,46.091402,18.440418,24.236839,21.338629,0.021222413,0.98198036,0.58572844,0.6816919489957702,0.23682022,2.0,True
extreme,17,0.6772995,15.0,15.0,6056.0,29.313904,0.72308479,2.1692544,1.3309715,1.5253341,1.4281528,0.056866132,0.86221744,1.0425532,0.02293248424275618,0.0063438400000001005,0.0,True
extreme,18,0.70467377,12.0,12.0,6144.0,30.066081,0.67731586,2.0319476,1.3303778,1.3816222,1.356,0.055057811,0.64971494,0.16761688,0.01659125951060625,0.006469729999999951,0.0,True
extreme,19,0.72485352,12.0,12.0,6144.0,30.927083,0.62359127,1.8707738,1.2446746,1.2524966,1.2485856,0.054189443,0.22468295,0.06606095,0.01119765698978814,0.0013084500000000165,0.0,False
extreme,2,0.27419662,10.0,10.0,2249.0,31.938639,5.7602612,17.280784,6.5920363,7.3249377,6.958487,0.014014443,0.97028318,0.52701754,0.04461138473405546,0.009811400000000026,1.0,False
extreme,20,0.73602676,12.0,12.0,6144.0,31.404297,0.82329513,2.4698854,1.2690926,1.9606418,1.6148672,0.055193898,0.77101968,0.37388193,0.018842261756591205,0.004188540000000018,0.0,True
extreme,22,0.55672455,8.0,8.0,4096.0,35.630371,0.88730255,2.6619076,1.5558839,1.9034251,1.7296545,0.035095471,0.26489591,0.19454415,0.008043229737404567,0.0017127999999999588,0.0,True
extreme,23,0.57307816,7.0,7.0,3584.0,41.916574,0.92987209,2.7896163,1.7709669,2.1107129,1.9408399,0.028242884,0.076706545,0.06713969,0.007087181938777776,0.00018691999999997932,0.0,False
extreme,24,0.50226593,5.0,5.0,2560.0,51.432031,0.79020141,2.3706042,1.6383465,1.6228952,1.6306209,0.040538861,0.049840933,0.047510798,0.006292197806785693,0.00028991999999994356,0.0,False
extreme,25,0.41590118,7.0,7.0,2181.0,49.988996,5.9950821,17.985246,9.3893002,11.565753,10.477527,0.013054128,0.98084755,0.31535003,0.00775107131751529,0.00011062000000000571,0.0,False
extreme,26,0.54114151,7.0,7.0,3019.0,46.988076,4.0320029,12.096009,9.9518463,7.9882684,8.9700574,0.013778021,0.9315534,0.24970065,0.007859365608525515,0.0008583100000000288,0.0,False
extreme,27,0.62525177,14.0,14.0,4365.0,37.550057,4.6647012,13.994104,8.7067715,9.8035435,9.2551575,0.017742079,0.97486293,0.30513071,0.009556423922567725,0.0005798299999999479,0.0,False
extreme,28,0.68339539,12.0,12.0,5367.0,33.379542,2.6189509,7.8568526,5.3117857,5.1272015,5.2194936,0.026699716,0.90181093,0.43551402,0.010435129972607649,0.0015297000000000782,0.0,False
extreme,29,0.58180237,10.0,10.0,4296.0,35.501862,3.4124521,10.237356,5.138234,6.4236713,5.7809526,0.018739843,0.90568862,0.28929782,0.009321549662682393,0.0005340600000000029,0.0,False
extreme,3,0.38270187,6.0,6.0,2319.0,43.26132,3.8348796,11.504639,4.5034395,4.8867224,4.6950809,0.022874104,0.87938017,0.24259278,0.00853401174941093,0.0006790099999999799,0.0,True
extreme,30,0.69367218,11.0,11.0,5335.0,34.084724,2.1617921,6.4853764,3.856169,3.8439808,3.8500749,0.026523785,0.83719521,0.28170021,0.010792535491114918,0.002376559999999972,0.0,False
extreme,32,0.6580925,11.0,11.0,4649.0,37.10798,4.9585019,14.875506,9.0556245,7.5055849,8.2806047,0.0097892531,0.94570494,0.42532075,0.009762956430068304,0.0005378699999999403,0.0,False
extreme,33,0.45786667,9.0,9.0,2962.0,40.523633,6.0827405,18.248221,8.9381482,8.7042669,8.8212076,0.013475257,0.9424685,0.46720532,0.011599325390280746,0.0005607599999999935,0.0,False
extreme,34,0.6848259,12.0,12.0,5393.0,33.288151,3.4895929,10.468779,5.5621093,6.3935416,5.9778254,0.031563634,0.8185195,0.34282503,0.009346366507407944,0.0008239799999999464,0.0,False
extreme,35,0.679039,11.0,11.0,5229.0,34.042073,2.6945546,8.0836638,6.0203906,5.3380607,5.6792256,0.020222396,0.93282272,0.32821417,0.010114155310548933,7.628999999997887e-05,0.0,False
extreme,36,0.69409561,12.0,12.0,5595.0,32.521001,1.4352091,4.3056272,3.2698398,2.8394275,3.0546337,0.028323978,0.92833656,0.20186047,0.009880420190616523,0.0004119900000000287,0.0,False
extreme,37,0.54153824,10.0,10.0,3785.0,37.501717,4.0621339,12.186402,7.4705785,8.8087539,8.1396662,0.01591715,0.96794872,0.45689083,0.028599412234726174,0.009666440000000054,0.0,False
extreme,4,0.32086182,7.0,7.0,1954.0,43.046059,4.1901592,12.570478,7.0398623,7.8516791,7.4457707,0.014996036,0.95516495,0.23400526,0.010648335822103339,0.0003891000000000311,0.0,True
extreme,40,0.44219589,6.0,6.0,2275.0,50.953407,4.6275579,13.882674,10.270507,10.16461,10.217558,0.014101808,0.97152291,0.2595326,0.006493020093180646,0.00020980999999997696,0.0,False
extreme,41,0.69083405,12.0,12.0,5420.0,33.412915,1.9247289,5.7741866,4.4131856,3.6364618,4.0248237,0.025843567,0.92320628,0.27911551,0.008871147140779079,0.0007324300000000061,0.0,False
extreme,42,0.38332748,11.0,0.0,0.0,,,,,,,,,,0.27775982635425367,0.09117508000000002,0.0,False
extreme,44,0.56366348,7.0,7.0,3584.0,41.224888,1.3852413,4.155724,2.7439117,2.8281705,2.7860411,0.020834197,0.1121782,0.16129032,0.016609168377701766,0.002147679999999985,0.0,False
extreme,45,0.6717186,12.0,12.0,6144.0,28.660319,1.0131693,3.0395079,2.176736,2.0448947,2.1108154,0.037144163,0.11800172,0.25515139,0.019360661061491924,0.00485611000000008,0.0,True
extreme,47,0.71597672,12.0,12.0,5735.0,32.72694,3.1968825,9.5906476,4.8326441,4.2952663,4.5639552,0.018834915,0.87194067,0.42595901,0.009665800669430347,0.0005378799999999906,0.0,False
extreme,48,0.44029999,9.0,9.0,2834.0,40.727594,4.7302604,14.190781,7.5245783,8.7716731,8.1481257,0.018796234,0.96700919,0.27375403,0.00881373972348587,0.0010757499999999864,0.0,False
extreme,49,0.59674072,14.0,14.0,4539.0,34.483146,5.2969949,15.890985,9.9497907,6.809932,8.3798614,0.014766047,0.88442211,0.80984975,0.0183965518121737,0.00014877000000002027,1.0,False
extreme,5,0.52163696,8.0,8.0,3434.0,39.820617,1.4862952,4.4588857,2.6994141,3.2841846,2.9917993,0.03031624,0.8640214,0.096632795,0.009865614251101107,0.0009040800000000848,0.0,False
extreme,50,0.61764145,14.0,14.0,4486.0,36.104993,4.7755479,14.326644,7.7444177,7.4424424,7.59343,0.016047473,0.88941736,0.62052506,0.019272049862017027,0.001987459999999941,0.0,False
extreme,51,0.64194107,15.0,15.0,4729.0,35.587228,5.0010022,15.003006,8.6734905,8.4997724,8.5866315,0.013420431,0.96869229,0.95949367,0.022029115136854238,0.004238129999999951,1.0,False
extreme,52,0.65525055,18.0,18.0,5068.0,33.888911,4.8930072,14.679022,7.1744238,7.7031563,7.43879,0.024742565,0.95021186,0.84216102,0.029570667430321884,0.00942993000000003,3.0,False
extreme,54,0.33798218,10.0,0.0,0.0,,,,,,,,,,0.01512751587721517,0.0010528600000000443,0.0,False
extreme,55,0.3417511,5.0,5.0,2182.0,41.057745,4.0854331,12.256299,6.7396046,7.2503059,6.9949552,0.020639798,0.97981437,0.28724073,0.007671787720938128,0.0011291499999999677,0.0,False
extreme,56,0.57301712,10.0,10.0,3777.0,39.770982,5.3846281,16.153884,8.9566554,10.140084,9.5483697,0.013742193,0.96916105,0.45586897,0.0086699166260501,0.0004234300000000024,1.0,False
extreme,57,0.6385498,6.0,6.0,3072.0,54.489583,0.6415653,1.9246959,1.3658526,1.30655,1.3362013,0.033687961,0.033915526,0.040398665,0.0050157989953681925,0.00011824999999998642,0.0,False
extreme,58,0.67253876,6.0,6.0,3072.0,57.397461,0.64014945,1.9204484,1.1866609,1.2959254,1.2412932,0.040340653,0.095261044,0.15148594,0.006175863059036946,0.00038146999999999487,0.0,False
extreme,59,0.67253876,6.0,6.0,3072.0,57.397461,0.64014945,1.9204484,1.1866609,1.2959254,1.2412932,0.040340653,0.095261044,0.15148594,0.006175863059036946,0.00038146999999999487,0.0,False
extreme,6,0.56428146,10.0,10.0,4344.0,34.049494,2.1409245,6.4227736,3.765658,4.3564613,4.0610596,0.020955076,0.93809927,0.20605382,0.010956619249016142,0.0009765600000000152,0.0,True
extreme,60,0.67253876,6.0,6.0,3072.0,57.397461,0.64014945,1.9204484,1.1866609,1.2959254,1.2412932,0.040340653,0.095261044,0.15148594,0.006175863059036946,0.00038146999999999487,0.0,False
extreme,62,0.67253876,6.0,6.0,3072.0,57.397461,0.64014945,1.9204484,1.1866609,1.2959254,1.2412932,0.040340653,0.095261044,0.15148594,0.006175863059036946,0.00038146999999999487,0.0,False
extreme,63,0.6385498,6.0,6.0,3072.0,54.489583,0.6415653,1.9246959,1.3658526,1.30655,1.3362013,0.033687961,0.033915526,0.040398665,0.0050157989953681925,0.00011824999999998642,0.0,False
extreme,64,0.67253876,6.0,6.0,3072.0,57.397461,0.64014945,1.9204484,1.1866609,1.2959254,1.2412932,0.040340653,0.095261044,0.15148594,0.006175863059036946,0.00038146999999999487,0.0,False
extreme,65,0.67253876,6.0,6.0,3072.0,57.397461,0.64014945,1.9204484,1.1866609,1.2959254,1.2412932,0.040340653,0.095261044,0.15148594,0.006175863059036946,0.00038146999999999487,0.0,False
extreme,66,0.52436447,12.0,12.0,3661.0,37.546845,5.0631345,15.189403,9.6726869,9.1137397,9.3932133,0.010347937,0.97937541,0.45447421,0.009751244037593754,0.0007781999999999512,0.0,False
extreme,67,0.61506653,14.0,14.0,4350.0,37.065747,5.2074471,15.622341,9.0728235,8.4538321,8.7633278,0.014379278,0.90708812,0.34920635,0.009756240339670597,0.000305180000000016,0.0,False
extreme,68,0.30316162,7.0,0.0,0.0,,,,,,,,,,0.06482606057515017,0.012531280000000034,0.0,False
extreme,69,0.52112198,12.0,12.0,3262.0,41.878909,5.659896,16.979688,11.938603,12.30644,12.122521,0.014811989,0.97790141,0.40576923,0.00978611616131253,0.0005340600000000029,0.0,False
extreme,7,0.27505493,8.0,8.0,1984.0,36.32006,6.724857,20.174571,7.9142083,9.1097928,8.5120006,0.012132435,0.98084872,0.52267303,0.03526277267447464,0.006565089999999996,1.0,False
extreme,70,0.44670486,11.0,11.0,2901.0,40.365736,5.3202247,15.960674,7.4031337,7.1424167,7.2727752,0.03427414,0.97312839,0.44112104,0.011052904903689265,0.000606529999999994,0.0,False
extreme,71,0.67301559,13.0,13.0,5266.0,33.503988,2.5928487,7.7785462,4.9099177,5.2250118,5.0674648,0.02619643,0.77749361,0.30206273,0.01056431006353653,0.0016403200000000284,1.0,False
extreme,72,0.65892792,13.0,13.0,5266.0,32.801747,5.3628116,16.088435,6.7984291,8.2124989,7.505464,0.014223548,0.9670723,0.48920461,0.012084912968546302,0.00026322000000000845,0.0,False
extreme,8,0.66090012,12.0,12.0,6144.0,28.198405,0.64903604,1.9471081,1.3266833,1.2985163,1.3125998,0.04817344,0.13659359,0.073445587,0.01145608089068817,0.0018692099999999545,0.0,False
extreme,9,0.43318558,3.0,3.0,1113.0,103.02965,30.135439,90.406316,48.782877,43.564767,46.173822,0.026945862,0.98557443,0.43358176,0.7537768681911102,0.32625962000000003,2.0,True
