fold,model,name,iou,abs_err_cd_mean,abs_err_lwr_3sigma,abs_err_ler_mean_3sigma
0,unet,6,0.9841469409353171,0.75637473,0.16089531,0.15465951
0,unet,16,0.9894487758996514,0.029541016,0.23815984,0.19320913
0,unet,18,0.9897093654097122,0.010742188,0.28257158,0.20736061
0,unet,19,0.9871941641589767,0.27622714,0.19847963,0.13857611
0,unet,25,0.985740282210171,0.07908828,0.2337994,0.064801175
0,unet,26,0.9897390252905403,0.042384474,0.20666146,0.077463382
0,unet,66,0.9883569299539755,0.070703125,0.13204573,0.080390385
0,unet,73,0.9863352024107955,0.049344465,0.09098164,0.062798625
0,unet,84,0.9894786679980674,0.031075266,0.44625578,0.25531795
0,unet,85,0.5823106459865021,46.126924,15.927905,8.2474838
0,unet,94,0.9807719855702114,0.58808368,0.11309885,0.065089905
0,unet,97,0.0,,,
0,unet,99,0.9897206505302756,0.065895247,0.39781806,0.2555864
0,unet,103,0.9905829487779086,0.012207031,0.25623179,0.18025567
0,unet,107,0.9894103776888171,0.05078125,0.26364278,0.19793338
0,unet,111,0.9899004081012113,0.05703125,0.3120502,0.19573206
0,unet,117,0.9893222420853313,0.024902344,0.20591305,0.19295343
0,unet,118,0.9900257106903047,0.028076172,0.22645958,0.14502767
0,unet,127,0.9730388925501714,0.7734375,0.25922605,0.20876102
0,unet,129,0.9892254745771125,0.061523438,0.17416983,0.076963308
0,unet,130,0.9894782288877069,0.010091146,0.19864446,0.12809288
0,unet,141,0.9896769957498224,0.0546875,0.2369862,0.12133449
0,unet,142,0.9883487696596829,0.068359375,0.18484144,0.12388397
0,unet,149,0.9898198096941355,0.004296875,0.33585232,0.22850753
0,unet,151,0.9875645128157815,0.0017089844,0.25936589,0.14582451
0,unet,160,0.9900026691890635,0.0096839959,0.18663742,0.12306426
0,unet,161,0.9901483197677279,0.042578125,0.28744027,0.16952726
0,unet,167,0.9893844520677323,0.050502232,0.15516869,0.11543771
0,unet,170,0.9888411222632582,0.088244556,0.82058344,0.37695571
0,unet,173,0.9896793714151144,0.025654155,0.11339725,0.064717525
0,unet,179,0.990823802047366,0.021484375,0.2410181,0.16434056
0,unet,183,0.9786303148322112,0.90275583,0.21541313,0.067750692
0,unet,187,0.9896426658871345,0.026611328,0.22340909,0.14133759
0,unet,191,0.9830387175260723,0.056736229,0.083607964,0.14996417
0,unet,193,0.9893104463268297,0.013020833,0.24093436,0.13746948
0,unet,194,0.9892101328418905,0.081752232,0.26120249,0.1522871
0,unet,198,0.988319750890195,0.016601562,0.18881612,0.15211787
0,unet,408,0.9892175223561994,0.090527298,0.24167017,0.22189156
0,unet,411,0.9887537613657538,0.025295739,0.015603788,0.011919545
0,unet,412,0.9890240437998831,0.0076147816,0.043734674,0.028279094
0,unet,413,0.988875132331208,0.0053175831,0.38583529,0.19751494
0,unet,424,0.9901604975238366,0.028389905,0.064025308,0.01662487
0,unet,425,0.9880068702845374,0.035660414,0.82198267,0.3738827
0,unet,435,0.9893443314135324,0.036551339,0.18452796,0.15901839
0,unet,442,0.988087246273007,0.075525703,0.4998979,0.21604995
0,unet,446,0.9897010877835098,0.012409071,0.099497086,0.11214787
0,unet,455,0.9902521406763353,0.0109375,0.25314571,0.17897268
0,unet,466,0.9871177423323353,0.03855769,1.0794624,0.5425623
0,unet,473,0.9877081079019423,0.042578125,0.35813602,0.21511674
0,unet,475,0.9889356083966119,0.0034179688,0.17930486,0.12759158
0,unet,479,0.989518506386512,0.035888672,0.15214473,0.13132752
0,unet,482,0.98884549437894,0.0453125,0.12662602,0.11945084
0,unet,489,0.9877488840820848,0.16999511,0.71200689,0.34949247
0,unet,493,0.9897433041034822,0.015950521,0.14562171,0.11612081
0,unet,513,0.9899726862444765,0.020926339,0.18022756,0.12096435
0,unet,517,0.9878797028144237,0.06568541,0.41263571,0.21561463
0,unet,531,0.990179704112486,0.0022787695,0.26529344,0.18437554
0,unet,532,0.989666331607799,0.0390625,0.15592654,0.091827929
0,unet,536,0.9858785988129142,0.2164723,1.1284478,0.57884776
0,unet,543,0.9895986460933286,0.026367188,0.19826938,0.12240608
0,unet,544,0.9839771234451613,0.1365189,0.22284462,0.1356623
0,unet,545,0.987155363908933,0.046657986,0.086135069,0.037586973
0,unet,548,0.9895784371320582,0.026757757,0.16511374,0.11414903
0,unet,554,0.9899963185312429,0.094029018,0.27551638,0.16001852
0,unet,566,0.9900689305055247,0.0074869792,0.27121482,0.17914247
0,unet,571,0.9886673948648435,0.015847486,0.087866589,0.0081510085
0,unet,585,0.9904151127519775,0.0390625,0.30251248,0.19230416
0,unet,605,0.9861809306543525,0.074726245,0.27955514,0.095853747
0,unet,607,0.9875790871905039,0.058238636,0.26546197,0.18067338
0,unet,608,0.9901466670743194,0.054199219,0.24756902,0.18776212
0,unet,609,0.9901410686101426,0.03671875,0.24034431,0.19016382
0,unet,614,0.987463483394061,0.11924419,0.083324083,0.012787804
0,unet,625,0.9901429413902945,0.04140625,0.19763237,0.15410799
0,unet,626,0.9899001844919463,0.011230469,0.23468813,0.14224483
0,unet,630,0.9894992576587128,0.011049871,0.40988991,0.25204321
0,unet,633,0.9879962145729063,0.013042161,0.037185066,0.035702005
0,unet,634,0.9902192968951031,0.061197917,0.30036248,0.17708281
0,unet,637,0.9882334359936545,0.10232056,0.49138303,0.22775236
0,unet,640,0.9897128273932214,0.011962891,0.24215679,0.17922847
0,unet,646,0.9901097989967781,0.062011719,0.20638801,0.13454795
0,unet,649,0.989278915707014,0.050130208,0.33387211,0.22681795
0,unet,651,0.9901302923627469,0.031982422,0.24147928,0.18227596
0,unet,656,0.9901138806865862,0.003125,0.22101989,0.15503446
0,unet,657,0.9894009612077698,0.0063476562,0.23983774,0.17467486
0,unet,659,0.9896777559357658,0.009765625,0.22528293,0.13427889
0,unet,665,0.990078195919009,0.028320312,0.21002769,0.16671139
0,unet,666,0.9892901069817488,0.016601562,0.31467792,0.16657303
0,unet,674,0.9906524400373369,0.04400108,0.9905295,0.4211552
0,unet,676,0.9806408715437558,0.36712641,0.61889985,0.11994589
0,unet,679,0.9889762503028184,0.028320312,0.28798054,0.16882336
0,unet,687,0.9888353334628683,0.003957705,0.30084909,0.18602789
0,unet,690,0.9846590694915447,0.19317682,1.1792594,0.59538286
0,unet,693,0.990763883928848,0.13964844,0.14607726,0.11017998
0,unet,694,0.9896599098544316,0.07109375,0.20061802,0.14961944
0,unet,695,0.9905636168513617,0.0053710938,0.15039814,0.12347246
0,unet,708,0.9885553270465686,0.055864458,0.32445675,0.13622948
0,unet,709,0.9894208708940819,0.017089844,0.25725767,0.17126862
0,unet,717,0.9860472608759582,0.15087891,0.32574667,0.19449247
0,unet,720,0.989912782590184,0.025390625,0.1957632,0.10960828
0,unet,723,0.9865275028486674,0.03168556,0.18196116,0.11916883
0,unet,728,0.9897421476684539,0.049560547,0.14208194,0.12196016
0,unet,731,0.9893672349023904,0.043294271,0.19310271,0.15085601
0,unet,735,0.9900853167362936,0.027734375,0.24543769,0.18850727
0,unet,741,0.989110401577636,0.04296875,0.17675473,0.113007
0,unet,742,0.9893877358922898,0.02062344,0.38356133,0.18422353
0,unet,746,0.99014300306334,0.021484375,0.13788967,0.13262561
0,unet,754,0.9896368228278896,0.035546875,0.27379955,0.17169857
0,unet,763,0.9875703071877201,0.053802632,0.22742238,0.12743621
0,unet,764,0.9890425889625951,0.013671875,0.15219668,0.117776
0,unet,769,0.967842975934553,0.0098228701,0.13513786,0.06134918
0,unet,770,0.9902696435270465,0.050537109,0.19045141,0.12290015
0,unet,776,0.9879903172457101,0.042772934,0.37169276,0.17870608
0,unet,777,0.9897171730422011,0.0085449219,0.22290985,0.14699001
0,unet,783,0.989512931847282,0.0040862279,0.3347793,0.22364209
0,unet,785,0.9898533871423265,0.0625,0.30114279,0.1932705
0,unet,787,0.9893116980457787,0.024052128,0.30874871,0.13874412
0,unet,819,0.9898153623750483,0.063671875,0.15546925,0.089308289
0,unet,823,0.3703564619559938,,,
0,deeplabv3plus,6,0.9600927474102224,5.0425041,0.44121395,0.3452156
0,deeplabv3plus,16,0.9861364090207221,0.049560547,0.35590338,0.28526676
0,deeplabv3plus,18,0.9865802276577823,0.061035156,0.45131493,0.32923562
0,deeplabv3plus,19,0.9837904243303116,0.50879669,0.3892738,0.24556738
0,deeplabv3plus,25,0.9902674465941125,0.39304326,0.89861934,0.4645986
0,deeplabv3plus,26,0.9856020503878102,0.091275859,0.45428782,0.24630632
0,deeplabv3plus,66,0.9852515598022232,0.027734375,0.20472049,0.16568415
0,deeplabv3plus,73,0.9856646591145303,0.0095486111,0.40774571,0.26361223
0,deeplabv3plus,84,0.9852234849466087,0.051593724,0.57879776,0.33715293
0,deeplabv3plus,85,0.760210939922768,26.968098,13.127303,6.2936061
0,deeplabv3plus,94,0.9859784834394084,0.0021701389,0.2310037,0.14625041
0,deeplabv3plus,97,0.4727877532490004,,,
0,deeplabv3plus,99,0.9860879078623485,0.037415047,0.58643432,0.3561431
0,deeplabv3plus,103,0.9877500724841816,0.080322266,0.42513286,0.27804725
0,deeplabv3plus,107,0.9858283028231575,0.063337054,0.39770859,0.30714109
0,deeplabv3plus,111,0.9864078395461934,0.0390625,0.4542115,0.32636518
0,deeplabv3plus,117,0.9868807317185533,0.079833984,0.34265926,0.27051486
0,deeplabv3plus,118,0.9874149371044121,0.039306641,0.37964288,0.2610826
0,deeplabv3plus,127,0.9707933042888199,0.79960938,0.42030216,0.29717062
0,deeplabv3plus,129,0.9864979619559233,0.023925781,0.38797559,0.24785052
0,deeplabv3plus,130,0.9845196793867014,0.009765625,0.62021031,0.37528188
0,deeplabv3plus,141,0.9869642456536448,0.051757812,0.39062176,0.26131069
0,deeplabv3plus,142,0.9866356070288979,0.02734375,0.26361205,0.17501786
0,deeplabv3plus,149,0.9856766207287107,0.02734375,0.54344947,0.36778114
0,deeplabv3plus,151,0.9826174248421682,0.046875,0.34495148,0.20017666
0,deeplabv3plus,160,0.9867036413604103,0.051842144,0.4389288,0.3063367
0,deeplabv3plus,161,0.9863334519141208,0.039453125,0.42490071,0.25283311
0,deeplabv3plus,167,0.9870627732059685,0.041015625,0.32241466,0.2281176
0,deeplabv3plus,170,0.9828254052825376,0.26061272,1.4047464,0.59421738
0,deeplabv3plus,173,0.986164257929077,0.028164615,0.19246764,0.13785423
0,deeplabv3plus,179,0.9877425373125114,0.007421875,0.37113127,0.24509057
0,deeplabv3plus,183,0.983035037602115,0.051215278,0.14846515,0.073517588
0,deeplabv3plus,187,0.9865100219062034,0.071289062,0.41986997,0.25691121
0,deeplabv3plus,191,0.9785990944620747,0.05300119,0.27962714,0.15189383
0,deeplabv3plus,193,0.9863441400355606,0.054361979,0.51361507,0.32762537
0,deeplabv3plus,194,0.9860543900313751,0.085100446,0.41648147,0.24729362
0,deeplabv3plus,198,0.9846496641498625,0.0546875,0.40285225,0.34100311
0,deeplabv3plus,408,0.9854455368882807,0.082594494,0.22169098,0.27711288
0,deeplabv3plus,411,0.9842142965103315,0.021575514,0.17842441,0.09969376
0,deeplabv3plus,412,0.9848282707187012,0.021158746,0.048934345,0.052447161
0,deeplabv3plus,413,0.9851350021022337,0.052292913,0.34852366,0.20898093
0,deeplabv3plus,424,0.9867563645948321,0.015263437,0.19127253,0.085619587
0,deeplabv3plus,425,0.980778973089101,0.09094974,0.91036726,0.38109772
0,deeplabv3plus,435,0.9862221440202986,0.00055803571,0.28373072,0.23100705
0,deeplabv3plus,442,0.9841544363912257,0.084655928,0.39229832,0.15963437
0,deeplabv3plus,446,0.98598524441999,0.07402653,0.37040641,0.28844499
0,deeplabv3plus,455,0.9868378242470084,0.0109375,0.39976528,0.30782879
0,deeplabv3plus,466,0.9793908249012586,0.088299456,1.0685361,0.68939236
0,deeplabv3plus,473,0.9829592763596785,0.02109375,0.58324001,0.40944649
0,deeplabv3plus,475,0.9867974024842862,0.0024414062,0.26664489,0.18487835
0,deeplabv3plus,479,0.9865065505033151,0.032226562,0.31143387,0.25880279
0,deeplabv3plus,482,0.986280647339391,0.051953125,0.28293235,0.25120291
0,deeplabv3plus,489,0.9839134965009634,0.31915179,1.5320718,0.69204999
0,deeplabv3plus,493,0.9866213296038939,0.016276042,0.22412604,0.20546493
0,deeplabv3plus,513,0.986150602099094,0.01171875,0.2678721,0.18281186
0,deeplabv3plus,517,0.9832343958349644,0.10356807,0.42913997,0.21958672
0,deeplabv3plus,531,0.9866971599338624,0.021597642,0.42616346,0.31441219
0,deeplabv3plus,532,0.9862832670529381,0.046386719,0.43012995,0.3035968
0,deeplabv3plus,536,0.9811498025772071,0.21212726,1.3048507,0.6645519
0,deeplabv3plus,543,0.9869614022956481,0.034667969,0.37445185,0.24213338
0,deeplabv3plus,544,0.9777452880735003,0.075421595,0.12685113,0.00060268078
0,deeplabv3plus,545,0.9670081192731966,0.47132948,0.47716558,0.25887366
0,deeplabv3plus,548,0.9862611985154277,0.018502704,0.48952148,0.30427222
0,deeplabv3plus,554,0.9864893496800762,0.041573661,0.37635226,0.24119687
0,deeplabv3plus,566,0.9860192423323527,0.032552083,0.35314545,0.27874254
0,deeplabv3plus,571,0.984222788396005,0.0085885911,0.11025771,0.09324933
0,deeplabv3plus,585,0.9879102501556362,0.034179688,0.36195513,0.25086509
0,deeplabv3plus,605,0.9781070765486357,0.098644816,0.18690088,0.12332231
0,deeplabv3plus,607,0.9815852495983506,0.10369318,0.31326296,0.21047772
0,deeplabv3plus,608,0.9873210333901947,0.029541016,0.47362051,0.32787858
0,deeplabv3plus,609,0.9862722819295302,0.00546875,0.41843802,0.29610312
0,deeplabv3plus,614,0.9836220429625865,0.016623283,0.33233712,0.11855586
0,deeplabv3plus,625,0.9872347185741506,0.021484375,0.24693028,0.22666911
0,deeplabv3plus,626,0.9870347628932233,0.0014648438,0.38600027,0.26234317
0,deeplabv3plus,630,0.986387105463129,0.028950129,0.42026003,0.27914518
0,deeplabv3plus,633,0.984354654340257,0.054429332,0.3648063,0.31142824
0,deeplabv3plus,634,0.9869657332335622,0.056640625,0.37946806,0.26206338
0,deeplabv3plus,637,0.9843000522008645,0.1049472,0.7696117,0.43305876
0,deeplabv3plus,640,0.9865100058445784,0.020751953,0.40619698,0.31792637
0,deeplabv3plus,646,0.9873597332407239,0.035644531,0.33436847,0.21361052
0,deeplabv3plus,649,0.9848659643568644,0.036458333,0.48236981,0.32886634
0,deeplabv3plus,651,0.9872292933414321,0.015625,0.36424101,0.27861178
0,deeplabv3plus,656,0.986269012333255,0.021875,0.37723502,0.2592693
0,deeplabv3plus,657,0.9865869918892056,0.061035156,0.39679124,0.29465959
0,deeplabv3plus,659,0.9869269490932728,0.020507812,0.36062324,0.21468288
0,deeplabv3plus,665,0.9868976202765191,0.018229167,0.40087044,0.25987326
0,deeplabv3plus,666,0.9856066829409277,0.067871094,0.51600248,0.33696688
0,deeplabv3plus,674,0.9871704838056716,0.017815679,0.82756572,0.3098118
0,deeplabv3plus,676,0.9701250741445591,0.27906977,0.41379129,0.14252379
0,deeplabv3plus,679,0.9846873376049602,0.01953125,0.51393779,0.37096116
0,deeplabv3plus,687,0.983875451763751,0.0044959181,0.043608122,0.045514865
0,deeplabv3plus,690,0.9738586616623216,0.1658711,1.1248875,0.56113241
0,deeplabv3plus,693,0.9882000523025445,0.13802083,0.24637298,0.18400034
0,deeplabv3plus,694,0.9851659514094928,0.0546875,0.4065959,0.29726974
0,deeplabv3plus,695,0.9867605142214103,0.051757812,0.21854793,0.17080854
0,deeplabv3plus,708,0.9849291134837955,0.057796458,0.40232308,0.24111479
0,deeplabv3plus,709,0.9860561914660816,0.0234375,0.27770611,0.24043065
0,deeplabv3plus,717,0.981575646736207,0.19311523,0.58210398,0.35541853
0,deeplabv3plus,720,0.9863552621469003,0.003125,0.34561205,0.18422707
0,deeplabv3plus,723,0.977666884326096,0.006912199,0.31109137,0.16383201
0,deeplabv3plus,728,0.9869318528454719,0.0026855469,0.37392926,0.25953904
0,deeplabv3plus,731,0.9861113400694135,0.05078125,0.36343385,0.26091348
0,deeplabv3plus,735,0.9869554677001091,0.023828125,0.38896186,0.29412179
0,deeplabv3plus,741,0.9861936261323454,0.028076172,0.36698903,0.2481718
0,deeplabv3plus,742,0.9848112863994821,0.080594882,0.57084205,0.30009187
0,deeplabv3plus,746,0.9866730565288904,0.020703125,0.31016413,0.24597259
0,deeplabv3plus,754,0.9864739239555764,0.11015625,0.41024517,0.29607782
0,deeplabv3plus,763,0.9838140027977343,0.0026579432,0.3216767,0.19035426
0,deeplabv3plus,764,0.9856726229041458,0.0043945312,0.40959171,0.29845669
0,deeplabv3plus,769,0.9772451296124356,0.12239583,0.23063005,0.14072936
0,deeplabv3plus,770,0.9871977053228946,0.062011719,0.31701718,0.22391974
0,deeplabv3plus,776,0.9823605883194276,0.15575672,0.62731058,0.2580574
0,deeplabv3plus,777,0.9864441648970134,0.014892578,0.35829214,0.25254168
0,deeplabv3plus,783,0.985680797581471,0.04752553,0.53477934,0.35030002
0,deeplabv3plus,785,0.9868983713925328,0.018554688,0.48421474,0.2953489
0,deeplabv3plus,787,0.985406660684202,0.036210988,0.52116072,0.31234781
0,deeplabv3plus,819,0.9864847132912943,0.051171875,0.22230207,0.13447985
0,deeplabv3plus,823,0.8679967315115397,,,
0,hrnet,6,0.9737319518207398,4.0373063,0.13865386,0.020992486
0,hrnet,16,0.9895398377032553,0.067382812,0.25275152,0.18406837
0,hrnet,18,0.9896679999522003,0.030273438,0.28376189,0.2141704
0,hrnet,19,0.988135480435861,0.30342708,0.22049629,0.13725452
0,hrnet,25,0.9919571312101167,0.17424755,0.20404651,0.13705948
0,hrnet,26,0.9893283218945674,0.10900515,0.28847115,0.098883935
0,hrnet,66,0.9886996636474977,0.0125,0.15132049,0.1126679
0,hrnet,73,0.9883665194122447,0.0056423611,0.19807488,0.14211133
0,hrnet,84,0.9888967728358707,0.092636698,0.34824802,0.20500098
0,hrnet,85,0.9966878693204517,0.32550091,0.77813036,0.40528499
0,hrnet,94,0.9856723643195117,0.11875767,0.034357809,0.019554429
0,hrnet,97,0.14034663563963376,80.045898,29.730752,11.43605
0,hrnet,99,0.9895956665862692,0.0035919114,0.3723259,0.24103482
0,hrnet,103,0.9903856625960584,0.051757812,0.29336242,0.20080085
0,hrnet,107,0.9897590572714272,0.00027901786,0.26665177,0.19938003
0,hrnet,111,0.989599895249818,0.002734375,0.29375165,0.19553564
0,hrnet,117,0.9897124592867449,0.046142578,0.18427537,0.17568673
0,hrnet,118,0.9900216814341388,0.036865234,0.20221656,0.13751774
0,hrnet,127,0.9732275610251885,0.70703125,0.24496445,0.19827263
0,hrnet,129,0.989514164382794,0.018554688,0.21223239,0.080312639
0,hrnet,130,0.988944097393404,0.038085938,0.18642583,0.12930211
0,hrnet,141,0.9901024989816996,0.010986328,0.25146902,0.14742268
0,hrnet,142,0.988261445636928,0.003125,0.18958205,0.1214235
0,hrnet,149,0.9895913286023273,0.03984375,0.28589442,0.18951647
0,hrnet,151,0.9876698290959058,0.15551758,0.2127261,0.11331694
0,hrnet,160,0.9898724044234064,0.010703364,0.18471469,0.12155229
0,hrnet,161,0.9898719153345632,0.0296875,0.25526006,0.13892797
0,hrnet,167,0.9895312103665694,0.011997768,0.15317025,0.1110516
0,hrnet,170,0.9879301489460832,0.20042397,0.62952492,0.31817678
0,hrnet,173,0.9890720327910321,0.078962054,0.10049579,0.073252196
0,hrnet,179,0.990521194235214,0.01640625,0.19723103,0.13961632
0,hrnet,183,0.9830324886325567,0.35102491,0.12132677,0.045829992
0,hrnet,187,0.9894839219494319,0.055419922,0.2384413,0.11719229
0,hrnet,191,0.9840043830128549,0.11746164,0.072525007,0.061946113
0,hrnet,193,0.9890104787399283,0.049479167,0.23907826,0.11266524
0,hrnet,194,0.9893895964878706,0.024274554,0.27183336,0.1466329
0,hrnet,198,0.9886665451509031,0.049316406,0.25097309,0.1595269
0,hrnet,408,0.9896803339486124,0.0023331778,0.13278179,0.15523944
0,hrnet,411,0.9884403331703959,0.055444054,0.10841727,0.10097848
0,hrnet,412,0.9887317221044082,0.072915538,0.095697542,0.041632053
0,hrnet,413,0.988921852451812,0.080342929,0.35687013,0.17995008
0,hrnet,424,0.9895274135342871,0.022283376,0.016099613,0.027636611
0,hrnet,425,0.9877003910783239,0.058318099,0.56115423,0.23251797
0,hrnet,435,0.9893964235906672,0.0069754464,0.22084882,0.16129506
0,hrnet,442,0.9878924586953753,0.14616482,0.20239727,0.09270417
0,hrnet,446,0.9893669909994933,0.0868635,0.10408374,0.12122853
0,hrnet,455,0.9903246189074814,0.019140625,0.29044877,0.19698
0,hrnet,466,0.9874544284784608,0.076514579,0.70789159,0.39006077
0,hrnet,473,0.9876200579678825,0.12460937,0.33499175,0.22503441
0,hrnet,475,0.988314574520054,0.035644531,0.16076523,0.11525329
0,hrnet,479,0.9898796821192509,0.031982422,0.16220529,0.12688762
0,hrnet,482,0.9891459582966875,0.005859375,0.16013578,0.14935482
0,hrnet,489,0.9877087593718178,0.2812021,1.2629456,0.61814466
0,hrnet,493,0.9895734747918357,0.049804688,0.14923592,0.12415183
0,hrnet,513,0.9898560426053641,0.037946429,0.19209976,0.12698351
0,hrnet,517,0.9875055201893694,0.10397814,0.13974822,0.085962337
0,hrnet,531,0.9898141562245902,0.052791493,0.27602365,0.19529014
0,hrnet,532,0.989501280181076,0.081542969,0.22074643,0.12539444
0,hrnet,536,0.9847370925517669,0.21800677,0.71504724,0.37298188
0,hrnet,543,0.9897930217333476,0.10400391,0.22283083,0.14440438
0,hrnet,544,0.9846035564916359,0.2075547,0.041875744,0.11743645
0,hrnet,545,0.9878817161468376,0.016927083,0.21512259,0.16567569
0,hrnet,548,0.9898332207762062,0.021633931,0.15562588,0.10028955
0,hrnet,554,0.9898988469965411,0.030133929,0.26687,0.15444857
0,hrnet,566,0.9894864440880148,0.065104167,0.28460941,0.19380974
0,hrnet,571,0.9880255854220531,0.03440805,0.052843705,0.0084069013
0,hrnet,585,0.9899575080676737,0.079101562,0.26840659,0.16381486
0,hrnet,605,0.9856137022901867,0.12569278,0.00099504842,0.042718826
0,hrnet,607,0.9879296604593198,0.045276989,0.23654461,0.15713409
0,hrnet,608,0.9905676545833544,0.0009765625,0.27038566,0.16921564
0,hrnet,609,0.990030774968768,0.051171875,0.25391976,0.17952645
0,hrnet,614,0.9870068911089128,0.19271643,0.22147957,0.080077469
0,hrnet,625,0.989542508113452,0.002734375,0.18632145,0.17142264
0,hrnet,626,0.9892465494410696,0.027832031,0.21252805,0.14929002
0,hrnet,630,0.9893537625988065,0.041402959,0.3736306,0.21923491
0,hrnet,633,0.9881961530406229,0.033536255,0.27486541,0.21639486
0,hrnet,634,0.9901523996789311,0.020833333,0.24884037,0.15023206
0,hrnet,637,0.9878605591430523,0.18691788,0.5624319,0.23767662
0,hrnet,640,0.9897333429727363,0.041748047,0.24017818,0.17319433
0,hrnet,646,0.9899766872170337,0.0063476562,0.23985986,0.13127336
0,hrnet,649,0.9888824674519575,0.045572917,0.34986044,0.23235361
0,hrnet,651,0.9902513514332894,0.013183594,0.26008166,0.16395028
0,hrnet,656,0.9893439927648183,0.05234375,0.22896742,0.17303481
0,hrnet,657,0.9896316540937259,0.032470703,0.23353902,0.17896332
0,hrnet,659,0.9898044692728214,0.032877604,0.24740546,0.13207339
0,hrnet,665,0.9897368169804047,0.028971354,0.22743128,0.16358691
0,hrnet,666,0.9892289855060994,0.046875,0.28610913,0.15328154
0,hrnet,674,0.9909240674679652,0.022025371,0.9380666,0.40135285
0,hrnet,676,0.9822278661946688,0.47282272,0.74763894,0.21702831
0,hrnet,679,0.9889508515353238,0.041503906,0.25171888,0.16000629
0,hrnet,687,0.9884037081911284,0.079708918,0.43442567,0.22074399
0,hrnet,690,0.9817463304466418,0.24180524,0.92315872,0.44289464
0,hrnet,693,0.9903025016841849,0.17773438,0.1628888,0.10785889
0,hrnet,694,0.9894782462126629,0.00859375,0.18851926,0.14142145
0,hrnet,695,0.9902092196503407,0.041015625,0.19414871,0.13075354
0,hrnet,708,0.9879776900072215,0.078429493,0.24078736,0.107637
0,hrnet,709,0.9893116865058719,0.030761719,0.23426946,0.17419556
0,hrnet,717,0.9859428437132501,0.28979492,0.34594857,0.21174272
0,hrnet,720,0.9896804197004154,0.028125,0.18959183,0.11029015
0,hrnet,723,0.9868156772922754,0.089804989,0.2071509,0.12980517
0,hrnet,728,0.9904380181946548,0.020507812,0.16075699,0.12223954
0,hrnet,731,0.9898101469475905,0.015625,0.19928593,0.14001187
0,hrnet,735,0.989578274998142,0.00625,0.25562336,0.19266908
0,hrnet,741,0.9894632413008588,0.033447266,0.25972532,0.15188694
0,hrnet,742,0.9892029215612373,0.021671376,0.32560439,0.16449245
0,hrnet,746,0.98955080715832,0.03203125,0.12058314,0.13059618
0,hrnet,754,0.9896447362285332,0.099609375,0.23351575,0.16641541
0,hrnet,763,0.9880143753390135,0.016765488,0.17252613,0.087179089
0,hrnet,764,0.9889595569909417,0.056640625,0.21072912,0.13076355
0,hrnet,769,0.9692429577459101,0.45798029,0.022340269,0.014069035
0,hrnet,770,0.990146388983314,0.0085449219,0.12829805,0.1071939
0,hrnet,776,0.9874912719894859,0.030960595,0.41807415,0.18869906
0,hrnet,777,0.9895302717402632,0.054931641,0.22472316,0.13262746
0,hrnet,783,0.9890009338820392,0.036699195,0.40634793,0.25497324
0,hrnet,785,0.9897224374436221,0.01953125,0.31090051,0.18046683
0,hrnet,787,0.9895014280164756,0.01042041,0.087051171,0.052950055
0,hrnet,819,0.9892612288146185,0.11171875,0.16275318,0.10364029
0,hrnet,823,0.7716230601149803,,,
0,segformer,6,0.963662454287864,4.6950461,0.19831049,0.17514795
0,segformer,16,0.9870385393075595,0.051513672,0.21236639,0.17301394
0,segformer,18,0.9880185083730719,0.005859375,0.37933703,0.26662532
0,segformer,19,0.9848945607132523,0.42462148,0.27638455,0.16816143
0,segformer,25,0.9910128203845212,0.17062433,0.068522681,0.10291584
0,segformer,26,0.987819803506532,0.086201022,0.30462624,0.065409878
0,segformer,66,0.9857085934373945,0.0453125,0.17854384,0.13137962
0,segformer,73,0.9861442781233708,0.020182292,0.25461445,0.16361599
0,segformer,84,0.987549741931645,0.062928548,0.28443283,0.18699069
0,segformer,85,0.6893014947817154,34.238156,52.718037,13.970074
0,segformer,94,0.9852885728023967,0.040348725,0.13749643,0.085917328
0,segformer,97,0.4727859497068509,,,
0,segformer,99,0.9879785299191353,0.0039600081,0.45377014,0.29963634
0,segformer,103,0.9887923839010797,0.016601562,0.3678328,0.24448735
0,segformer,107,0.9877685486973065,0.0234375,0.34814359,0.24161187
0,segformer,111,0.9881322829927316,0.006640625,0.35671892,0.2654189
0,segformer,117,0.9876654176200587,0.0080566406,0.27454953,0.24133057
0,segformer,118,0.9885439180158645,0.0061035156,0.27797225,0.15478877
0,segformer,127,0.9714363617550265,0.72773438,0.40726375,0.28289765
0,segformer,129,0.9865491257229092,0.0056152344,0.15365629,0.05433855
0,segformer,130,0.9873274279778251,0.055338542,0.25692692,0.17000344
0,segformer,141,0.987606365544854,0.0043945312,0.33097347,0.21793016
0,segformer,142,0.9868013865641102,0.042578125,0.19378986,0.15281911
0,segformer,149,0.9873678108247974,0.036328125,0.48401612,0.3015935
0,segformer,151,0.9851729382970801,0.041503906,0.33298701,0.19795971
0,segformer,160,0.9885749594114365,0.067723254,0.34826168,0.2307428
0,segformer,161,0.9881341698355104,0.02734375,0.34047838,0.18249494
0,segformer,167,0.9879716111581449,0.0078125,0.26583328,0.1932475
0,segformer,170,0.9861565774205607,0.01130869,0.32162758,0.20887105
0,segformer,173,0.9874519967752995,0.10260465,0.11725114,0.064660459
0,segformer,179,0.9891151128154245,0.011328125,0.23635729,0.17540019
0,segformer,183,0.9801986613355664,0.62101077,0.21389003,0.088072349
0,segformer,187,0.9877440709356,0.055908203,0.35501656,0.18333338
0,segformer,191,0.980888798894075,0.11251641,0.16443368,0.027371184
0,segformer,193,0.987729491771187,0.020833333,0.29090862,0.17783718
0,segformer,194,0.9874956033615526,0.037946429,0.30782123,0.19235942
0,segformer,198,0.9865097794336016,0.024414062,0.30211969,0.20322739
0,segformer,408,0.987277775932885,0.02939804,0.33327808,0.26949206
0,segformer,411,0.9854749996711788,0.13271998,0.058603485,0.047951453
0,segformer,412,0.9860146163993522,0.066587985,0.20649902,0.11177583
0,segformer,413,0.9874165957628521,0.054666452,0.31422198,0.16708524
0,segformer,424,0.9885150465193481,0.026505679,0.12104128,0.018506772
0,segformer,425,0.9850315008698336,0.069641701,0.31547343,0.18343149
0,segformer,435,0.987299715984454,0.011160714,0.27642594,0.21210544
0,segformer,442,0.9865266543209891,0.086729503,0.38612214,0.1617751
0,segformer,446,0.9873752469719972,0.11681643,0.29442416,0.23145307
0,segformer,455,0.9886510544640943,0.013671875,0.3686028,0.23184185
0,segformer,466,0.9854205887376076,0.079124306,0.78668643,0.55122842
0,segformer,473,0.9853459048042472,0.07890625,0.43648619,0.30393542
0,segformer,475,0.9877594312564675,0.0390625,0.25603392,0.17413841
0,segformer,479,0.9874712951991917,0.015625,0.27791227,0.19423073
0,segformer,482,0.9875151065298395,0.016796875,0.23535757,0.18392028
0,segformer,489,0.9856246677288829,0.26948769,1.0001514,0.49887985
0,segformer,493,0.9876144276031634,0.109375,0.23199549,0.20392914
0,segformer,513,0.9882445428956717,0.067801339,0.20433627,0.13868339
0,segformer,517,0.9862434659141414,0.11951589,0.028327575,0.019217922
0,segformer,531,0.988648899990893,0.018609951,0.29442938,0.23875677
0,segformer,532,0.9877265329584957,0.10009766,0.33241357,0.20036342
0,segformer,536,0.9834925841403029,0.21058512,1.091138,0.57713543
0,segformer,543,0.9881334188570235,0.08203125,0.28168845,0.1878207
0,segformer,544,0.9829713983044339,0.12305685,0.33651636,0.18924076
0,segformer,545,0.9848626217671683,0.036675347,0.26967487,0.1886336
0,segformer,548,0.9880152066690729,0.033020211,0.29562032,0.1932271
0,segformer,554,0.9883990391401806,0.0050223214,0.35585603,0.21081512
0,segformer,566,0.9877850871977044,0.061848958,0.35421011,0.2696547
0,segformer,571,0.9862257827175315,0.02841108,0.087885872,0.024818191
0,segformer,585,0.9884729566738699,0.10986328,0.36058145,0.23773029
0,segformer,605,0.9823169129941086,0.087283087,0.10100061,0.025541703
0,segformer,607,0.9843931846742561,0.084161932,0.30607452,0.21438055
0,segformer,608,0.9887427347806738,0.034912109,0.34626502,0.24606596
0,segformer,609,0.988124533928982,0.01015625,0.32728578,0.23059222
0,segformer,614,0.9853352904394076,0.16565116,0.15970471,0.037615911
0,segformer,625,0.9884460065799914,0.003515625,0.20251964,0.21006296
0,segformer,626,0.9881542894924081,0.029296875,0.28191817,0.21387137
0,segformer,630,0.9879105777944548,0.073478431,0.48275923,0.2892662
0,segformer,633,0.9851216193389299,0.11180434,0.14350298,0.14404002
0,segformer,634,0.9882878457603103,0.012369792,0.33407298,0.22067593
0,segformer,637,0.9841021708343322,0.2466242,0.36494467,0.13099348
0,segformer,640,0.9878973739330659,0.040527344,0.31280297,0.23249883
0,segformer,646,0.9880935489961832,0.00048828125,0.33402328,0.18940768
0,segformer,649,0.9865994104941102,0.036458333,0.44859717,0.30683401
0,segformer,651,0.9882468527067094,0.0087890625,0.34657405,0.31174858
0,segformer,656,0.9882265918747167,0.026953125,0.32529633,0.22901229
0,segformer,657,0.987352538058038,0.059570312,0.31058897,0.22046026
0,segformer,659,0.9887375857470064,0.01953125,0.30093364,0.15916595
0,segformer,665,0.9886924783503195,0.028320312,0.34820517,0.24368439
0,segformer,666,0.9852971821517224,0.0053710938,0.14563858,0.042548941
0,segformer,674,0.9897931450996604,0.11720292,1.2305921,0.53613948
0,segformer,676,0.9743027304139783,0.44668363,0.42983106,0.12134205
0,segformer,679,0.9872583479777689,0.024414062,0.37017568,0.25448406
0,segformer,687,0.986261939027564,0.068701068,0.4514199,0.26037442
0,segformer,690,0.9818452343727956,0.27147655,0.99045059,0.57032739
0,segformer,693,0.9893310082427161,0.16699219,0.19726978,0.12709784
0,segformer,694,0.9872123377470771,0.034765625,0.27182848,0.20894995
0,segformer,695,0.9886301417725928,0.01953125,0.2760312,0.20056984
0,segformer,708,0.9867149919370705,0.044904668,0.31444697,0.10494232
0,segformer,709,0.9876137717268002,0.066894531,0.2574798,0.23560967
0,segformer,717,0.9839971286411892,0.1640625,0.46805634,0.25888108
0,segformer,720,0.9880036085136106,0.05625,0.30703668,0.16948654
0,segformer,723,0.9835002064712565,0.13087774,0.2624599,0.18499435
0,segformer,728,0.9881145062872257,0.043212891,0.25485373,0.17878378
0,segformer,731,0.987415263322018,0.040690104,0.35098875,0.2497724
0,segformer,735,0.9883398526835252,0.019921875,0.34659845,0.24814319
0,segformer,741,0.986555241966167,0.051025391,0.2241165,0.12536508
0,segformer,742,0.9875380260503558,0.0029592886,0.26759994,0.12740895
0,segformer,746,0.988478205454001,0.05078125,0.15700134,0.18132307
0,segformer,754,0.9876005767164433,0.10703125,0.32612549,0.22649656
0,segformer,763,0.9856197694219606,0.028419546,0.23195312,0.14099222
0,segformer,764,0.9875694444433014,0.076660156,0.33142819,0.22239635
0,segformer,769,0.9768495425651664,0.08641168,0.044594402,0.037866452
0,segformer,770,0.9886641007921387,0.011962891,0.2790643,0.18506783
0,segformer,776,0.9861411240229142,0.024159633,0.27342643,0.16577717
0,segformer,777,0.9879556758379665,0.029296875,0.27826397,0.18501984
0,segformer,783,0.9875401739842343,0.047701159,0.52236114,0.31130241
0,segformer,785,0.9879030424280597,0.084960938,0.41432576,0.26987801
0,segformer,787,0.9877820127980883,0.047647561,0.38045749,0.21709179
0,segformer,819,0.987958919768935,0.13125,0.19093117,0.12073387
0,segformer,823,0.8579625604284828,,,
1,unet,10,0.9795926430780408,1.334487,0.094159226,0.074117842
1,unet,15,0.9886344416999385,0.065221621,0.25913521,0.12191387
1,unet,17,0.9919742946881992,0.041291579,0.47847348,0.13914974
1,unet,21,0.9897641001945127,0.03125,0.31067536,0.19098197
1,unet,23,0.9901345726795677,0.010986328,0.26431751,0.15890923
1,unet,27,0.989841412761778,0.048549107,0.30531033,0.17554567
1,unet,30,0.9895437445734931,0.033691406,0.17432367,0.14912312
1,unet,32,0.9881729254629646,0.30474077,0.14392473,0.11072843
1,unet,43,0.9895469073124745,0.07109375,0.19066251,0.15512979
1,unet,45,0.9886518942650685,0.013020833,0.11184004,0.077554582
1,unet,48,0.9905965380157811,0.0061035156,0.12774748,0.074399113
1,unet,51,0.5594510647794724,,,
1,unet,57,0.9881713823760788,0.0036653801,0.096199621,0.035974174
1,unet,59,0.9960120931205713,0.1015625,0.15207925,0.071274173
1,unet,60,0.9973559569780542,0.06640625,0.4100262,0.22721533
1,unet,67,0.978217978059494,1.7150237,0.012018024,0.051252336
1,unet,69,0.9902937177898524,0.027018229,0.22793933,0.17812824
1,unet,70,0.8280691708648327,3.0044855,3.0853128,1.6962744
1,unet,76,0.963633089038717,5.5879274,1.4422382,1.3755902
1,unet,79,0.9875897642161823,0.024837342,0.085916287,0.062986668
1,unet,82,0.9896547386946422,0.026953125,0.2102299,0.13058152
1,unet,88,0.9936879650527047,0.055859375,0.22591779,0.19559584
1,unet,98,0.989181413081731,0.020019531,0.31131216,0.22164102
1,unet,101,0.9918852428907239,0.02734375,0.12645499,0.12680245
1,unet,116,0.9820402745785229,0.076297546,0.42730631,0.19501367
1,unet,121,0.9894059200611396,0.045247396,0.25956109,0.16609265
1,unet,124,0.9858578101997209,0.053782325,0.077329795,0.097404172
1,unet,136,0.9857948252570681,0.12733736,0.54947124,0.34881091
1,unet,140,0.9903943591884717,0.0034179688,0.19471177,0.13813375
1,unet,143,0.9902016140131447,0.0011160714,0.20453019,0.11649365
1,unet,150,0.9880948469404872,0.033267752,0.4823663,0.21954868
1,unet,152,0.9900980687265403,0.019006744,0.1591522,0.11689567
1,unet,154,0.9911183598957264,0.32003798,1.0396844,0.45143622
1,unet,157,0.9899438287530045,0.030517578,0.17792015,0.13464337
1,unet,162,0.9904972201403806,0.0390625,0.18151374,0.14283536
1,unet,168,0.7672973554066144,1.3943685,0.031638582,0.014999446
1,unet,171,0.9900972655081135,0.052734375,0.23558276,0.14487225
1,unet,177,0.9904413507282983,0.036865234,0.29636707,0.18384232
1,unet,185,0.987423435177422,0.060320451,0.40730733,0.16152812
1,unet,192,0.9882774340597816,0.12727675,0.03685789,0.032323312
1,unet,196,0.9850538582899713,0.085082955,0.26821075,0.13786417
1,unet,199,0.9894278710658928,0.026041667,0.25919451,0.19163435
1,unet,410,0.9893725873203696,0.037597656,0.34704391,0.21179262
1,unet,414,0.9905353023701453,0.0087489064,0.0090291651,0.02081371
1,unet,417,0.9886896294384591,0.088867188,0.25208089,0.15541464
1,unet,422,0.9897513394690275,0.013671875,0.19595648,0.14043817
1,unet,431,0.9898443177896666,0.02109375,0.19582708,0.13023546
1,unet,433,0.9897650118777772,0.0082820428,0.023241247,0.056448835
1,unet,436,0.9898088628124185,0.038085938,0.21716733,0.14592028
1,unet,437,0.9897014477921687,0.0091145833,0.25802681,0.1760368
1,unet,439,0.9903842847015274,0.0025111607,0.18280139,0.057397278
1,unet,441,0.9902887720472967,0.037597656,0.14629774,0.10121331
1,unet,452,0.9907592722805297,0.10115227,1.0440032,0.50702987
1,unet,460,0.9878535877545225,0.05409045,0.11474444,0.050865761
1,unet,468,0.9873801447597722,0.00010567671,0.34026231,0.19724648
1,unet,481,0.9902140672772249,0.0038378922,0.39017117,0.24014687
1,unet,486,0.9891028121427415,0.079367558,0.21635588,0.15111183
1,unet,490,0.9909083164889445,0.098468271,0.11366269,0.0603015
1,unet,494,0.9896580605214743,0.029017857,0.16438085,0.10607084
1,unet,495,0.9883140064972915,0.025747324,0.14038043,0.089941697
1,unet,496,0.9891025985413519,0.010056049,0.033759061,0.077940592
1,unet,497,0.9884176438314638,0.041186909,0.0068772225,0.0022117457
1,unet,514,0.989924823683562,0.026692708,0.22380357,0.13020402
1,unet,519,0.9875760151690478,0.12785735,0.28594601,0.11749363
1,unet,522,0.9900474397216034,0.042236328,0.17096082,0.13989972
1,unet,526,0.989407568236679,0.046875,0.22304189,0.1529341
1,unet,533,0.9895517533003844,0.0046463604,0.27931665,0.16301058
1,unet,537,0.9905555195895711,0.01171875,0.16677491,0.11877166
1,unet,541,0.9883494921641751,0.042518029,0.1599957,0.095688706
1,unet,542,0.9895278591965009,0.034423828,0.19768492,0.14213344
1,unet,546,0.9907635615315971,0.040690104,0.20087748,0.1908839
1,unet,555,0.9887030685640643,0.006640625,0.20344655,0.15521596
1,unet,559,0.9859292122315287,0.033471648,0.28283495,0.15432292
1,unet,563,0.9897273277700915,0.0140625,0.23911623,0.17494919
1,unet,570,0.9900170297715779,0.090820312,0.15651981,0.14073302
1,unet,575,0.982587113163634,0.29189607,0.037427243,0.010497752
1,unet,584,0.9905489923545511,0.0063476562,0.21271565,0.14193302
1,unet,589,0.9813515905792465,1.8556865,0.66596264,0.3298787
1,unet,591,0.9910925593599762,0.048837639,0.58815257,0.29044669
1,unet,592,0.9874250966722875,0.09655086,0.18410668,0.11113837
1,unet,627,0.9893101059085239,0.01894415,0.09911324,0.08592728
1,unet,635,0.9894381430684974,0.01015625,0.32276497,0.21593049
1,unet,642,0.9894743268813789,0.031982422,0.21550572,0.12944715
1,unet,643,0.9900870348839257,0.038574219,0.17821868,0.13773442
1,unet,644,0.990046105178261,0.0265625,0.22300874,0.16199702
1,unet,647,0.9899285250155879,0.039794922,0.19951742,0.13829989
1,unet,654,0.9887214636693527,0.05481017,0.47260764,0.23460481
1,unet,668,0.9906357669422453,0.028317732,0.092242066,0.010276697
1,unet,673,0.978934823320313,0.092643133,0.34284944,0.25478618
1,unet,678,0.9906462057574332,0.0068359375,0.12207458,0.097219492
1,unet,684,0.9870300883294252,0.034134318,0.35633805,0.19799471
1,unet,704,0.9875957848083067,0.036291121,0.10556729,0.048029928
1,unet,707,0.989466022360956,0.00234375,0.19146342,0.14027896
1,unet,711,0.9387044141627512,8.7111742,0.2704953,0.097225259
1,unet,719,0.990475899378922,0.010742188,0.20281279,0.1517283
1,unet,729,0.9901428884927275,0.012939453,0.14137047,0.11843779
1,unet,733,0.9902662974442625,0.01171875,0.24767197,0.14176386
1,unet,734,0.989810461178046,0.0061035156,0.20429342,0.13432075
1,unet,738,0.9897015943904837,0.043457031,0.25397183,0.16436905
1,unet,739,0.9901141260111476,0.026348827,0.24988867,0.14650732
1,unet,755,0.9885812029017174,0.044270833,0.16190537,0.11509534
1,unet,756,0.9883559691041235,0.0093315972,0.10350903,0.09094723
1,unet,758,0.9899065330498893,0.058268229,0.21826508,0.13968024
1,unet,760,0.9637479724305117,1.9410003,0.039078444,0.04278066
1,unet,762,0.9877712668210411,0.11677156,0.010742748,0.0051660303
1,unet,772,0.9902531597517817,0.016462054,0.17857896,0.094206155
1,unet,773,0.9905099516259921,0.067871094,0.10965479,0.11113994
1,unet,778,0.989149071872084,0.057198661,0.18668894,0.1551596
1,unet,789,0.9903246057824696,0.031005859,0.21445955,0.15961323
1,unet,791,0.9877169559406556,0.031224068,0.19206259,0.11333892
1,unet,796,0.9889947732917166,0.046875,0.21426171,0.15168073
1,unet,797,0.9866521721168188,0.017100103,0.0010453095,0.015547276
1,unet,798,0.9893874805888916,0.0171875,0.21786806,0.089581285
1,unet,801,0.9891457957126291,0.056152344,0.2120972,0.13214941
1,unet,803,0.9894834957741591,0.016796875,0.26068279,0.1517013
1,unet,805,0.9879049730273438,0.058305994,0.16654739,0.12966977
1,unet,809,0.9898301225685393,0.0234375,0.18076983,0.14591705
1,unet,815,0.9874571517595742,0.3924713,1.0345853,0.26588857
1,deeplabv3plus,10,0.9834045513259907,0.67652675,0.33386646,0.25210706
1,deeplabv3plus,15,0.9845377356889785,0.045899778,0.67134304,0.33817372
1,deeplabv3plus,17,0.9903135833248119,0.017189507,0.21537431,0.089773531
1,deeplabv3plus,21,0.9866008847779336,0.034179688,0.40563888,0.28723459
1,deeplabv3plus,23,0.9874764463880499,0.016357422,0.41902794,0.27009827
1,deeplabv3plus,27,0.9869657669942253,0.020368304,0.41495062,0.27394034
1,deeplabv3plus,30,0.9860939828368365,0.0085449219,0.36025251,0.25892834
1,deeplabv3plus,32,0.9869097121057109,0.040771484,0.35839713,0.24314946
1,deeplabv3plus,43,0.9868654697135518,0.00390625,0.30902419,0.21476587
1,deeplabv3plus,45,0.9858305093508383,0.0036892361,0.27069799,0.17469509
1,deeplabv3plus,48,0.9871033365558329,0.0073242188,0.30917244,0.20152286
1,deeplabv3plus,51,0.9721185316214558,0.59123138,0.026791123,0.039480686
1,deeplabv3plus,57,0.985569938986354,0.0084635417,0.34839799,0.22007386
1,deeplabv3plus,59,0.9942485562690804,0.12011719,0.34623926,0.23980736
1,deeplabv3plus,60,0.7751884928910914,37.411526,0.56899262,0.44428854
1,deeplabv3plus,67,0.9843691997660123,0.7854933,0.23691505,0.18614668
1,deeplabv3plus,69,0.986649824339015,0.080729167,0.31188681,0.24228825
1,deeplabv3plus,70,0.9870138746483671,0.0017123288,0.093169668,0.04839073
1,deeplabv3plus,76,0.984964539005695,0.19773601,0.69667372,0.28077694
1,deeplabv3plus,79,0.9835057145544258,0.12987411,0.43535217,0.13278777
1,deeplabv3plus,82,0.9859892353756247,0.091796875,0.39853972,0.2654671
1,deeplabv3plus,88,0.9913930102422568,0.15273438,0.41007227,0.30609153
1,deeplabv3plus,98,0.9862997699097323,0.025878906,0.40798333,0.29442126
1,deeplabv3plus,101,0.9888099401961761,0.03125,0.27461749,0.21567565
1,deeplabv3plus,116,0.9778904875251466,0.011883014,0.35048321,0.19973767
1,deeplabv3plus,121,0.9869137315683812,0.015299479,0.4028899,0.28299394
1,deeplabv3plus,124,0.9787135263115563,0.038369995,0.21974456,0.21472882
1,deeplabv3plus,136,0.982082714921094,0.042841954,0.16364193,0.0080762838
1,deeplabv3plus,140,0.9873658453854524,0.024658203,0.34678813,0.23195308
1,deeplabv3plus,143,0.9870606677293692,0.0041852679,0.40885908,0.23761623
1,deeplabv3plus,150,0.9832391240162872,0.0073703933,0.68675148,0.35009211
1,deeplabv3plus,152,0.9863643558080196,0.089209074,0.20757497,0.19276797
1,deeplabv3plus,154,0.9891941670460205,0.18938679,0.41342127,0.18635638
1,deeplabv3plus,157,0.986561600241863,0.040039062,0.38031168,0.26108262
1,deeplabv3plus,162,0.9876059756051344,0.086588542,0.41637547,0.26992368
1,deeplabv3plus,168,0.9891517230828147,0.109375,0.31632274,0.21417485
1,deeplabv3plus,171,0.9867322373880537,0.067871094,0.39532717,0.26101885
1,deeplabv3plus,177,0.9874432824588192,0.056640625,0.44933852,0.29438052
1,deeplabv3plus,185,0.9832525150170202,0.074628775,0.092365773,0.019123174
1,deeplabv3plus,192,0.9839312199099134,0.10898079,0.60224701,0.2459506
1,deeplabv3plus,196,0.9817140585585141,0.080383024,0.77232259,0.41372974
1,deeplabv3plus,199,0.9855589350435519,0.081705729,0.42453033,0.32270224
1,deeplabv3plus,410,0.9856313160634387,0.11132812,0.55276967,0.34635655
1,deeplabv3plus,414,0.9871806045232443,0.045874045,0.44637299,0.23086334
1,deeplabv3plus,417,0.9868040660251483,0.03125,0.37480675,0.26149491
1,deeplabv3plus,422,0.987368247806596,0.024274554,0.28322189,0.20824259
1,deeplabv3plus,431,0.9857163316933348,0.06328125,0.31979617,0.21590274
1,deeplabv3plus,433,0.9859181860093063,0.064030132,0.27764271,0.2389899
1,deeplabv3plus,436,0.9867829877382004,0.05859375,0.36858078,0.24294304
1,deeplabv3plus,437,0.9865615780890435,0.015299479,0.37408038,0.25660597
1,deeplabv3plus,439,0.9880052760291088,0.00083705357,0.32170217,0.14763058
1,deeplabv3plus,441,0.9866564202866812,0.010742188,0.25430502,0.18593491
1,deeplabv3plus,452,0.9872172792087088,0.11397378,0.8064507,0.41603807
1,deeplabv3plus,460,0.9831918373697459,0.051476295,0.14472667,0.018108395
1,deeplabv3plus,468,0.9818876260932875,0.15541285,1.1858773,0.55794307
1,deeplabv3plus,481,0.9864615911904091,0.01334232,0.73300358,0.39777564
1,deeplabv3plus,486,0.9861233019843405,0.041493787,0.54793069,0.35442545
1,deeplabv3plus,490,0.9887618708536267,0.13452697,0.75973659,0.37889844
1,deeplabv3plus,494,0.986550575364068,0.052176339,0.25177898,0.19051423
1,deeplabv3plus,495,0.9839062329678676,0.072123519,0.26449892,0.21066248
1,deeplabv3plus,496,0.9699339620944486,0.58379653,0.81785726,0.2275908
1,deeplabv3plus,497,0.9828644401285065,0.021907842,0.64915467,0.32187153
1,deeplabv3plus,514,0.9867998726445975,0.090494792,0.35298121,0.24540802
1,deeplabv3plus,519,0.9816814550740526,0.24790032,0.25172122,0.019834714
1,deeplabv3plus,522,0.9872984289352975,0.059570312,0.36586706,0.26205246
1,deeplabv3plus,526,0.9860833449548466,0.031901042,0.46802307,0.36067145
1,deeplabv3plus,533,0.9853389951550049,0.0067114094,0.67915688,0.42283775
1,deeplabv3plus,537,0.9875260323152693,0.0033482143,0.2780949,0.18882378
1,deeplabv3plus,541,0.9810910558785646,0.22355769,0.30706918,0.20670128
1,deeplabv3plus,542,0.9859384230693764,0.047363281,0.3838555,0.24757617
1,deeplabv3plus,546,0.9881076603227674,0.042317708,0.29898184,0.25624454
1,deeplabv3plus,555,0.984686017878856,0.07890625,0.36740631,0.25787131
1,deeplabv3plus,559,0.9832646587519349,0.043888315,0.3466481,0.20349163
1,deeplabv3plus,563,0.9862362285411364,0.04453125,0.380845,0.2827093
1,deeplabv3plus,570,0.9872300469471981,0.028320312,0.31400962,0.23917396
1,deeplabv3plus,575,0.9792110182246098,0.060709837,0.26906508,0.13340279
1,deeplabv3plus,584,0.9881974248914565,0.024414062,0.35109214,0.21850988
1,deeplabv3plus,589,0.9747535256039043,1.7886259,0.81706336,0.46781265
1,deeplabv3plus,591,0.9873512966529749,0.044727038,0.59512927,0.3353228
1,deeplabv3plus,592,0.9830010224939211,0.02996091,0.3618177,0.1556592
1,deeplabv3plus,627,0.9851338570989787,0.11889722,0.18140991,0.14131449
1,deeplabv3plus,635,0.9852220448774902,0.042578125,0.50761845,0.34517804
1,deeplabv3plus,642,0.9868453135661593,0.011962891,0.3769171,0.22203887
1,deeplabv3plus,643,0.9877229365396839,0.0092773438,0.40434049,0.28389559
1,deeplabv3plus,644,0.9878295205952803,0.05234375,0.36150826,0.23376258
1,deeplabv3plus,647,0.9866573080201917,0.014892578,0.34878432,0.24098059
1,deeplabv3plus,654,0.9839806176303898,0.029191617,0.022329665,0.046327933
1,deeplabv3plus,668,0.9873168388172113,0.046635051,0.017769975,0.041580139
1,deeplabv3plus,673,0.9829876812708825,0.015948259,0.59227071,0.30252501
1,deeplabv3plus,678,0.9878762334494622,0.05859375,0.28410022,0.20423081
1,deeplabv3plus,684,0.9817351067281522,0.041381869,0.57428772,0.30036977
1,deeplabv3plus,704,0.9830038588675059,0.027793069,0.03193918,0.050126072
1,deeplabv3plus,707,0.9857885440313038,0.01796875,0.39379854,0.27639105
1,deeplabv3plus,711,0.9869138326194219,0.072265625,0.48263689,0.35509754
1,deeplabv3plus,719,0.9879441585627069,0.0026855469,0.31216011,0.24187773
1,deeplabv3plus,729,0.9869012112721487,0.0234375,0.31722975,0.24107812
1,deeplabv3plus,733,0.9867612980983792,0.007421875,0.37918802,0.20001924
1,deeplabv3plus,734,0.9867704280149643,0.013671875,0.37108524,0.25326439
1,deeplabv3plus,738,0.9871365485747405,0.037109375,0.39761359,0.25918802
1,deeplabv3plus,739,0.9866695212481744,0.024345584,0.26010664,0.1869609
1,deeplabv3plus,755,0.9856764415953276,0.033203125,0.44165424,0.3147687
1,deeplabv3plus,756,0.9851886841281543,0.0036892361,0.31014428,0.20152666
1,deeplabv3plus,758,0.9872093209858716,0.0045572917,0.29056572,0.22884338
1,deeplabv3plus,760,0.954770885931146,2.1298703,0.2283107,0.22678055
1,deeplabv3plus,762,0.9849558730422341,0.021159471,0.038553295,0.014244348
1,deeplabv3plus,772,0.9872652986962188,0.010881696,0.31748538,0.19186135
1,deeplabv3plus,773,0.9881867017412702,0.057128906,0.25034612,0.1956771
1,deeplabv3plus,778,0.9865279997342145,0.0078125,0.29788567,0.2279536
1,deeplabv3plus,789,0.9877737529283412,0.0085449219,0.34697518,0.23494587
1,deeplabv3plus,791,0.9830082957351046,0.12560035,0.18176427,0.16818246
1,deeplabv3plus,796,0.9855748097788021,0.026611328,0.38301872,0.25468643
1,deeplabv3plus,797,0.9820551281861339,0.063155337,0.48994405,0.21550698
1,deeplabv3plus,798,0.9863184325500837,0.098828125,0.28156313,0.15249413
1,deeplabv3plus,801,0.9859025136262722,0.013671875,0.35972686,0.23344175
1,deeplabv3plus,803,0.9868469015785877,0.0734375,0.50854814,0.27826139
1,deeplabv3plus,805,0.9830484044813733,0.024732815,0.31280544,0.26898329
1,deeplabv3plus,809,0.9863729935199272,0.031738281,0.30926502,0.20922027
1,deeplabv3plus,815,0.9823246087264793,0.23342255,1.0523751,0.29056383
1,hrnet,10,0.981394826982463,1.0158686,0.15264195,0.11778586
1,hrnet,15,0.9885309267442646,0.07022608,0.38639119,0.20737719
1,hrnet,17,0.9920674375870946,0.034142339,0.55056485,0.17016589
1,hrnet,21,0.9896218385207991,0.0065917969,0.28875589,0.19447815
1,hrnet,23,0.9900666270215718,0.0012207031,0.26627537,0.1645019
1,hrnet,27,0.9899295943493908,0.0047433036,0.32013483,0.18678921
1,hrnet,30,0.9896453034048367,0.027832031,0.17642249,0.15127257
1,hrnet,32,0.9895163748651512,0.020507812,0.23260881,0.14479192
1,hrnet,43,0.9892567110299747,0.068359375,0.19705547,0.15600949
1,hrnet,45,0.9888006529167602,0.0093315972,0.16567538,0.1033249
1,hrnet,48,0.9906573218908129,0.0090332031,0.1988465,0.11019172
1,hrnet,51,0.6757038326236677,9.7704722,10.864036,8.070504
1,hrnet,57,0.9887687699338232,0.037326389,0.19109206,0.1036448
1,hrnet,59,0.9960489646158958,0.032226562,0.23615574,0.11389676
1,hrnet,60,0.9970695078342322,0.08984375,0.53562329,0.2861624
1,hrnet,67,0.978690498910189,1.8037309,0.051804975,0.029489731
1,hrnet,69,0.9903933583704365,0.049479167,0.2685925,0.18096759
1,hrnet,70,0.9895424120878361,0.019696507,0.25830044,0.18981968
1,hrnet,76,0.9881175734820227,0.068324229,0.22666938,0.08168728
1,hrnet,79,0.9873043293053618,0.058815496,0.26721522,0.1159776
1,hrnet,82,0.989298030459221,0.0421875,0.23853049,0.14322864
1,hrnet,88,0.9934620008007257,0.048828125,0.26143285,0.21430582
1,hrnet,98,0.989469619852119,0.041015625,0.34250267,0.23373121
1,hrnet,101,0.9920427975063449,0.018066406,0.16309033,0.12984295
1,hrnet,116,0.9829272851870668,0.0571185,0.54388728,0.23393762
1,hrnet,121,0.9893961389673954,0.040039062,0.22968878,0.1687298
1,hrnet,124,0.9857235183486642,0.0007044884,0.16447063,0.14355126
1,hrnet,136,0.9869937755918997,0.0426779,0.099407714,0.014782955
1,hrnet,140,0.9906215855281105,0.022949219,0.18620466,0.12678598
1,hrnet,143,0.990032993751858,0.032924107,0.24179442,0.13016405
1,hrnet,150,0.9878971752762972,0.020447239,0.51644742,0.25388662
1,hrnet,152,0.989945408877998,0.053177847,0.052139713,0.091714376
1,hrnet,154,0.9908092583198252,0.29617412,0.20867023,0.12199883
1,hrnet,157,0.9899359838678194,0.016113281,0.21556907,0.14897481
1,hrnet,162,0.9903152282774905,0.051757812,0.2035138,0.14264491
1,hrnet,168,0.9912344066888128,0.020833333,0.2551112,0.14168271
1,hrnet,171,0.9900220584207933,0.03125,0.25055345,0.13062229
1,hrnet,177,0.9902940944086264,0.019287109,0.29380023,0.19538355
1,hrnet,185,0.9876757117269317,0.012892155,0.1084096,0.048854849
1,hrnet,192,0.9883184068524159,0.10800271,0.17959989,0.0089970334
1,hrnet,196,0.9849381120433154,0.097297487,0.53181717,0.28075391
1,hrnet,199,0.9895066105009055,0.0052083333,0.23921651,0.17206013
1,hrnet,410,0.9897077465186718,0.040039062,0.33567263,0.21072036
1,hrnet,414,0.9904837430602772,0.0025609337,0.22558383,0.11748118
1,hrnet,417,0.9890575238261464,0.064453125,0.28767644,0.18179502
1,hrnet,422,0.9897579974851867,0.015066964,0.2368078,0.13959636
1,hrnet,431,0.989507814142941,0.048828125,0.18460298,0.11535838
1,hrnet,433,0.9899058176727165,0.032485876,0.16857851,0.11878669
1,hrnet,436,0.9898366296159211,0.017822266,0.19265836,0.14639594
1,hrnet,437,0.9894806454448554,0.0013020833,0.25203253,0.1743627
1,hrnet,439,0.9903596716363853,0.036830357,0.23897331,0.07297548
1,hrnet,441,0.989763201155441,0.0078125,0.1500188,0.12310957
1,hrnet,452,0.9905093239348988,0.04420817,0.42959838,0.26294063
1,hrnet,460,0.9879540631623799,0.029047397,0.24010535,0.045866309
1,hrnet,468,0.9865979656659816,0.026021506,0.74270116,0.3996423
1,hrnet,481,0.9899880887218556,0.0095062242,0.43661431,0.25853034
1,hrnet,486,0.9892242506659107,0.053017097,0.28111221,0.16796829
1,hrnet,490,0.9908214244212147,0.09335114,0.1479233,0.073354589
1,hrnet,494,0.9895968411689787,0.053013393,0.20372476,0.12509169
1,hrnet,495,0.9880852265790682,0.020249333,0.1433889,0.099803552
1,hrnet,496,0.9891096025354305,0.018214392,0.21019093,0.14140268
1,hrnet,497,0.9878932727331062,0.069132383,0.55420822,0.25076228
1,hrnet,514,0.9898428615725992,0.062825521,0.23456326,0.15309947
1,hrnet,519,0.9869815833832368,0.053382907,0.11011812,0.090832501
1,hrnet,522,0.9901851070459372,0.023925781,0.16991043,0.13045911
1,hrnet,526,0.9892321298335336,0.001953125,0.2332918,0.16504574
1,hrnet,533,0.9894988874273062,0.0036138358,0.33280607,0.20599971
1,hrnet,537,0.9907632544414138,0.010881696,0.19344857,0.13325611
1,hrnet,541,0.9881274482084514,0.060847356,0.1874206,0.12665596
1,hrnet,542,0.9895027928342531,0.018798828,0.17410567,0.1395709
1,hrnet,546,0.9906272185565194,0.028645833,0.20939286,0.16005316
1,hrnet,555,0.988613257421116,0.0025390625,0.19234198,0.14913255
1,hrnet,559,0.9860368365441899,0.068627898,0.31472076,0.17541293
1,hrnet,563,0.9900219680939187,0.025390625,0.27433813,0.19202288
1,hrnet,570,0.9902839620745676,0.074707031,0.1667194,0.15399347
1,hrnet,575,0.9798295620739995,0.91140448,0.1317101,0.048921817
1,hrnet,584,0.9906716889539264,0.031738281,0.25502731,0.1535354
1,hrnet,589,0.9815425888658742,1.7472484,0.78957416,0.40510048
1,hrnet,591,0.9911579221104074,0.005787791,0.31870946,0.16789861
1,hrnet,592,0.9874502933176627,0.046945105,0.14527255,0.086449585
1,hrnet,627,0.9894505630485154,0.018774935,0.14034961,0.10255483
1,hrnet,635,0.9894803202941469,0.046484375,0.3708137,0.23513747
1,hrnet,642,0.9895076921191717,0.055419922,0.24036166,0.14102284
1,hrnet,643,0.9902135231304979,0.010742188,0.23848314,0.16228908
1,hrnet,644,0.989961031730386,0.043359375,0.27724491,0.18629007
1,hrnet,647,0.9898800326272855,0.022949219,0.22381815,0.1410847
1,hrnet,654,0.9884357440620112,0.042740362,0.28412191,0.15707132
1,hrnet,668,0.9905664009847613,0.047679919,0.14625538,0.021587505
1,hrnet,673,0.9876562499984568,0.015905363,0.42378989,0.18271971
1,hrnet,678,0.990841172527252,0.029296875,0.22673467,0.14298483
1,hrnet,684,0.9862469259536985,0.03055665,0.10136274,0.083204706
1,hrnet,704,0.9880662589793399,0.000448167,0.075030222,0.01970199
1,hrnet,707,0.9894507939708815,0.035546875,0.24636879,0.17252416
1,hrnet,711,0.9895584817955235,0.010416667,0.25755416,0.17700062
1,hrnet,719,0.9906637481957307,0.017333984,0.23100647,0.15775709
1,hrnet,729,0.9902010402623278,0.033447266,0.23523437,0.15616014
1,hrnet,733,0.9904185629917095,0.036328125,0.29384736,0.16112427
1,hrnet,734,0.9896492061745381,0.034912109,0.2231454,0.13113318
1,hrnet,738,0.9898209985339882,0.012207031,0.27011298,0.18380277
1,hrnet,739,0.9898422072057301,0.041631055,0.32688075,0.19204212
1,hrnet,755,0.9887626593482823,0.026041667,0.22603251,0.1420873
1,hrnet,756,0.9883843032520137,0.013020833,0.17465492,0.1250922
1,hrnet,758,0.989873356728484,0.048502604,0.22553329,0.13244838
1,hrnet,760,0.9616461450456323,2.1100602,0.20732752,0.1602204
1,hrnet,762,0.9879929472521755,0.082943925,0.24204048,0.0598813
1,hrnet,772,0.9902457168441742,0.017299107,0.1787666,0.10518547
1,hrnet,773,0.9905828768381914,0.072753906,0.13360312,0.1324351
1,hrnet,778,0.9893446018717463,0.043247768,0.2052258,0.16109738
1,hrnet,789,0.990365258290501,0.012695312,0.23812742,0.16369232
1,hrnet,791,0.9876197065136197,0.027655188,0.18980444,0.12214011
1,hrnet,796,0.9892988082898632,0.015136719,0.26135355,0.17832637
1,hrnet,797,0.9864035449852938,0.043977015,0.42807672,0.19581272
1,hrnet,798,0.9895497278565171,0.055078125,0.23238788,0.11440432
1,hrnet,801,0.9894893224336934,0.046142578,0.2381155,0.13972154
1,hrnet,803,0.9893719415193469,0.021875,0.26691844,0.14979422
1,hrnet,805,0.9878439502443851,0.029637822,0.20853756,0.15304682
1,hrnet,809,0.9894293625994292,0.03125,0.20161957,0.14988635
1,hrnet,815,0.9880341499783079,0.32898439,1.0654695,0.37719315
1,segformer,10,0.9781251439128834,1.2760324,0.25399542,0.17230391
1,segformer,15,0.9867675017947638,0.054103832,0.4400476,0.26180861
1,segformer,17,0.9912176425234752,0.034883721,0.20789885,0.049542886
1,segformer,21,0.9879339555608931,0.034423828,0.39433366,0.26015717
1,segformer,23,0.9882098346339968,0.0065917969,0.35994425,0.2324917
1,segformer,27,0.9885507814193342,0.059988839,0.37837129,0.23991561
1,segformer,30,0.9876317936784089,0.027099609,0.23821509,0.1718907
1,segformer,32,0.9872843230648702,0.14967244,0.27898061,0.18892368
1,segformer,43,0.9880989282450963,0.073828125,0.22903151,0.1831476
1,segformer,45,0.9870034092593515,0.014539931,0.24674977,0.1495888
1,segformer,48,0.9887236250426158,0.056396484,0.22088007,0.14030462
1,segformer,51,0.9776594800798906,0.27410014,0.56048326,0.18157573
1,segformer,57,0.9870431850764186,0.013888889,0.27084002,0.15731582
1,segformer,59,0.995708154505267,0.052734375,0.2255536,0.11442781
1,segformer,60,0.9971197248685268,0.077148438,0.5430766,0.29043034
1,segformer,67,0.976839380280308,1.7066506,0.1927216,0.16660901
1,segformer,69,0.988324881115228,0.057617188,0.28435161,0.23936813
1,segformer,70,0.9886068331632948,0.04596721,0.35231705,0.25225244
1,segformer,76,0.9866865375048092,0.12259675,0.45789094,0.16975471
1,segformer,79,0.9851839599222746,0.013999067,0.19194991,0.058184159
1,segformer,82,0.9875802414826348,0.033203125,0.31249774,0.18166819
1,segformer,88,0.9927505273550822,0.040625,0.34379814,0.26964943
1,segformer,98,0.9875817756997809,0.0092773438,0.3579887,0.28462676
1,segformer,101,0.9905430700143254,0.0087890625,0.20400478,0.16232973
1,segformer,116,0.9797747691777837,0.011069678,0.61621619,0.28864792
1,segformer,121,0.987889600734384,0.034830729,0.33406816,0.20756081
1,segformer,124,0.9813543884477376,0.077523152,0.071468586,0.10671051
1,segformer,136,0.9845959559918203,0.016455241,0.33118794,0.13348864
1,segformer,140,0.9883761823908632,0.025878906,0.22292958,0.17679204
1,segformer,143,0.9887235374648333,0.0072544643,0.29374492,0.17132014
1,segformer,150,0.9850749532556446,0.0097130243,0.0017046385,0.0076582808
1,segformer,152,0.9881742048846801,0.046742051,0.10700107,0.14591684
1,segformer,154,0.9903541594511581,0.33226624,0.67924592,0.34054017
1,segformer,157,0.9878816197480519,0.00390625,0.32073317,0.20935936
1,segformer,162,0.989084001953854,0.050130208,0.26151471,0.16489191
1,segformer,168,0.9903234763279324,0.0065104167,0.29946196,0.18658898
1,segformer,171,0.9880543381927404,0.041015625,0.29665877,0.18452112
1,segformer,177,0.9887057794827802,0.026855469,0.36507071,0.24982105
1,segformer,185,0.9860871706469095,0.033069397,0.30103517,0.13043286
1,segformer,192,0.985938949821968,0.095189183,0.01151935,0.00075776425
1,segformer,196,0.9831252946857295,0.091544363,0.15457967,0.13449228
1,segformer,199,0.9874983342209259,0.032226562,0.31930877,0.23284763
1,segformer,410,0.9878445591026497,0.055175781,0.43254692,0.27222532
1,segformer,414,0.988826417484171,0.030225158,0.19325128,0.10288219
1,segformer,417,0.9878695363378027,0.10791016,0.32441023,0.25411872
1,segformer,422,0.9877125097758012,0.0022321429,0.17650171,0.098561819
1,segformer,431,0.9877602499536707,0.038671875,0.28527396,0.17710084
1,segformer,433,0.987849741805902,0.023340866,0.032475516,0.066416093
1,segformer,436,0.9877360386302679,0.078857422,0.25619652,0.19577116
1,segformer,437,0.9878668345460736,0.044596354,0.33894198,0.23160628
1,segformer,439,0.9887176740410444,0.0625,0.21499502,0.10169927
1,segformer,441,0.988122685669219,0.044921875,0.26959341,0.1844727
1,segformer,452,0.9888800778565865,0.0015556548,0.58212224,0.28234855
1,segformer,460,0.9860638040818821,0.043474285,0.19157105,0.046114525
1,segformer,468,0.9847761751126659,0.03452808,0.6342896,0.36627269
1,segformer,481,0.9883921585429765,0.018799477,0.36536652,0.22855059
1,segformer,486,0.987555899192348,0.090346917,0.33062357,0.20820153
1,segformer,490,0.989758872933398,0.12546124,0.2959615,0.1556559
1,segformer,494,0.9882524949802233,0.011997768,0.24792958,0.16226497
1,segformer,495,0.9862343557646529,0.0006853257,0.19973924,0.15785518
1,segformer,496,0.9861549889463775,0.043328684,0.16830311,0.14057097
1,segformer,497,0.9854365767467823,0.016756757,0.099950862,0.030471059
1,segformer,514,0.9882159519333171,0.060872396,0.30249771,0.19623027
1,segformer,519,0.9850968314441391,0.081766094,0.072831539,0.10468854
1,segformer,522,0.98850174641497,0.071777344,0.25091841,0.17678262
1,segformer,526,0.9876967893873377,0.047526042,0.28352649,0.22140569
1,segformer,533,0.9878708301903384,0.0067114094,0.45450749,0.29289227
1,segformer,537,0.989129341437119,0.021205357,0.27518901,0.17792292
1,segformer,541,0.9847273354803355,0.00060096154,0.24712952,0.15937328
1,segformer,542,0.9877113928912999,0.01953125,0.30631491,0.1908025
1,segformer,546,0.9894170617994267,0.058268229,0.27776968,0.25018353
1,segformer,555,0.9863341760787535,0.0044921875,0.28474236,0.20692108
1,segformer,559,0.9841751199527672,0.0072184561,0.35036753,0.19477769
1,segformer,563,0.9882611058130715,0.0046875,0.31270184,0.23993401
1,segformer,570,0.9886945292310534,0.069824219,0.27072169,0.19342908
1,segformer,575,0.9827846885599079,0.18579167,0.27530092,0.12231312
1,segformer,584,0.9889005341368695,0.0234375,0.28397557,0.17304126
1,segformer,589,0.9785464625761797,1.7224733,0.73751087,0.42958461
1,segformer,591,0.9891431391379586,0.038991897,0.62734502,0.33230562
1,segformer,592,0.9860913016525323,0.029503828,0.11929293,0.018278179
1,segformer,627,0.9876107946280531,0.072674793,0.207707,0.17218169
1,segformer,635,0.9873788871232815,0.03125,0.44407347,0.29497157
1,segformer,642,0.9876264026959889,0.024658203,0.22506665,0.14518195
1,segformer,643,0.9889419601045489,0.029296875,0.29049347,0.20582585
1,segformer,644,0.9883493525864174,0.025,0.29284976,0.19386432
1,segformer,647,0.987641327083838,0.074951172,0.33118371,0.20668864
1,segformer,654,0.9865210065746571,0.059131177,0.038522571,0.01943384
1,segformer,668,0.9889915489698311,0.043694162,0.32695788,0.074166414
1,segformer,673,0.9862673803452096,0.038995373,0.69932978,0.32647933
1,segformer,678,0.9896349930557061,0.0009765625,0.16315769,0.14569767
1,segformer,684,0.983906066352875,0.033069399,0.15983894,0.13125537
1,segformer,704,0.9854290588825528,0.0016151987,0.013788393,0.00015368667
1,segformer,707,0.9880416119573902,0.01875,0.31678922,0.22812191
1,segformer,711,0.9880090357702253,0.051432292,0.34433172,0.23468229
1,segformer,719,0.9890215234309333,0.0234375,0.26860634,0.2063794
1,segformer,729,0.9881132167383275,0.010742188,0.25287883,0.17970031
1,segformer,733,0.988636245381145,0.044140625,0.32911636,0.19110251
1,segformer,734,0.9881684520436106,0.026611328,0.25615494,0.18799783
1,segformer,738,0.9884639716176632,0.016113281,0.30286501,0.19588824
1,segformer,739,0.9878521581797857,0.056666796,0.27136787,0.16805367
1,segformer,755,0.9869476211716558,0.073567708,0.26386907,0.20775098
1,segformer,756,0.9868025035754362,0.031032986,0.25207869,0.16808434
1,segformer,758,0.9888665917474805,0.044596354,0.2833011,0.21144781
1,segformer,760,0.9598646528869684,1.8948409,0.055174039,0.12581181
1,segformer,762,0.9860840661304698,0.11618711,0.14451015,0.069126313
1,segformer,772,0.9885491552150723,0.027622768,0.24819833,0.13619478
1,segformer,773,0.9892539259763492,0.076416016,0.22826425,0.17798464
1,segformer,778,0.9874793114854457,0.063616071,0.25935397,0.20479859
1,segformer,789,0.9891514368340476,0.001953125,0.31794107,0.21841493
1,segformer,791,0.9855531787242768,0.010586635,0.19677444,0.12290662
1,segformer,796,0.9866832738443222,0.0009765625,0.39309028,0.26420371
1,segformer,797,0.9848755671648771,0.037830544,0.35776525,0.16807777
1,segformer,798,0.9879190517137864,0.041015625,0.28104778,0.15773762
1,segformer,801,0.9877704425119369,0.075683594,0.32833605,0.19132934
1,segformer,803,0.988016558200674,0.005078125,0.31093883,0.18540402
1,segformer,805,0.984953398812714,0.041375971,0.18193629,0.16091096
1,segformer,809,0.988665942229172,0.018066406,0.25412045,0.197131
1,segformer,815,0.9864127111189095,0.3120775,0.92487236,0.33468431
2,unet,3,0.9871859051451503,0.039245645,0.015014509,0.019874698
2,unet,9,0.9845495060124241,0.10886233,0.57829381,0.21436288
2,unet,22,0.9900049215881602,0.017578125,0.22129156,0.15913954
2,unet,24,0.9883683213528632,0.028232417,0.14719697,0.067431503
2,unet,36,0.9899139552104964,0.018798828,0.18164669,0.12334776
2,unet,44,0.9893697399616037,0.065234375,0.17134388,0.13921542
2,unet,47,0.9883988875639065,0.11778229,0.18945363,0.13836685
2,unet,53,0.9888269584775844,0.011284722,0.2613433,0.16036743
2,unet,54,0.9890835188222307,0.032296576,0.23709988,0.13566559
2,unet,55,0.9908469769233171,0.036939314,0.28162347,0.074103521
2,unet,56,0.9890456762101123,0.015136719,0.14375994,0.077465058
2,unet,62,0.9912841935790382,0.039865285,0.87151057,0.35850601
2,unet,74,0.987910053506211,0.076390678,0.37914365,0.2674435
2,unet,87,0.9887191088388977,0.072892292,0.17056259,0.14239908
2,unet,90,0.9861478799659619,0.076740053,0.34746568,0.19986443
2,unet,96,0.9902875053193124,0.073917635,0.17786555,0.037315651
2,unet,104,0.9904109696614465,0.023111979,0.23011087,0.15701006
2,unet,108,0.9896768036486276,0.0390625,0.23832681,0.12318017
2,unet,109,0.9905930156120168,0.025716146,0.27359629,0.16083123
2,unet,120,0.9873529160555635,0.087150127,0.16402455,0.12420739
2,unet,122,0.9892324757180702,0.048828125,0.22236071,0.13082249
2,unet,131,0.9742916350345983,2.5117008,0.0059890779,0.048572614
2,unet,132,0.9875430998223578,0.023848397,0.13265432,0.05692527
2,unet,135,0.989992509110276,0.048285048,0.12556668,0.10825157
2,unet,144,0.9902305642768797,0.016462054,0.20549282,0.12755691
2,unet,148,0.8629061989771121,6.1111611,1.9319664,0.19328185
2,unet,155,0.9893458318478476,0.093883827,0.39199019,0.23749858
2,unet,159,0.9900225368130539,0.0064174107,0.21151243,0.12578194
2,unet,164,0.9891832670522501,0.042236328,0.23132309,0.13352965
2,unet,175,0.9854491480567523,0.09459245,0.079763424,0.075420253
2,unet,186,0.990661195247945,0.071875,0.19046972,0.1281971
2,unet,197,0.9892012079773078,0.010986328,0.19542095,0.14373128
2,unet,416,0.9885406861200524,0.083007812,0.22460795,0.17294374
2,unet,418,0.9877368324232094,0.047627705,0.00207352,0.066948686
2,unet,423,0.9898121058959131,0.005859375,0.26176923,0.19282656
2,unet,429,0.9886485360621068,0.12497385,0.33504561,0.14346932
2,unet,430,0.9886077041829398,0.10752521,0.37127184,0.19272008
2,unet,432,0.9892935859613279,0.065429688,0.24491811,0.15186756
2,unet,434,0.9895839162228789,0.0013020833,0.17620132,0.14475888
2,unet,451,0.9881872255260241,0.026306605,0.075896349,0.048067411
2,unet,454,0.9859813408240655,0.14423827,0.082864839,0.076605665
2,unet,461,0.9893207197532654,0.065937494,0.23764769,0.043749835
2,unet,463,0.9934646818656084,0.057285991,0.1187022,0.09298759
2,unet,469,0.9906564737278235,0.18828237,0.80628784,0.34129456
2,unet,471,0.9848588205382544,0.025487256,0.40589302,0.2133507
2,unet,474,0.9900270834501848,0.020170455,0.05953842,0.021261202
2,unet,477,0.9891132397447783,0.032335069,0.27417046,0.1535261
2,unet,485,0.9906037436063371,0.04296875,0.15423554,0.12381971
2,unet,491,0.9904641392078615,0.011393229,0.17241822,0.10285561
2,unet,505,0.9870195948492675,0.29530981,1.3583962,0.68132284
2,unet,506,0.9880344076910957,0.050313023,0.54312427,0.22843802
2,unet,507,0.9895697350890795,0.041259766,0.20311187,0.15546765
2,unet,508,0.9892447497825856,0.068603516,0.24398982,0.18704586
2,unet,510,0.9895936278479316,0.0041852679,0.17165176,0.14955147
2,unet,516,0.9867787193633859,0.01069232,0.27250279,0.15098135
2,unet,520,0.9922244897949059,0.23293195,1.3110577,0.63924774
2,unet,521,0.9890218058423111,0.012695312,0.31299026,0.20552029
2,unet,523,0.9880030696589491,0.070494007,0.49976455,0.25365644
2,unet,538,0.9899942589999062,0.010742188,0.2779781,0.19451723
2,unet,547,0.989197660425014,0.04375,0.28760883,0.17756275
2,unet,551,0.9849327091855505,0.89596554,3.3124308,0.62646976
2,unet,553,0.9880629325845443,0.093191964,0.18146818,0.15895442
2,unet,560,0.9871454081966942,0.31483381,1.3126984,0.62520811
2,unet,562,0.9898571145750238,0.080566406,0.3005199,0.19256135
2,unet,568,0.989901582380591,0.030078125,0.28043615,0.17587786
2,unet,569,0.9893863559545928,0.039667038,0.24614084,0.18100861
2,unet,572,0.9898954794642867,0.069144706,0.13274545,0.13055286
2,unet,576,0.9873246385232478,0.066753503,0.06859749,0.050548782
2,unet,577,0.990756838562381,0.044433594,0.26016506,0.17660198
2,unet,580,0.9896975800293023,0.030761719,0.19604401,0.10902588
2,unet,581,0.9884482539524433,0.040039062,0.23147894,0.13206037
2,unet,586,0.989994863172469,0.076660156,0.087798824,0.1114367
2,unet,587,0.9897930648760349,0.051953125,0.23345658,0.16427691
2,unet,588,0.9891049446781929,0.040289368,0.13681575,0.084489069
2,unet,590,0.9903112863110615,0.033528646,0.21202247,0.15445339
2,unet,601,0.9839177808431423,1.3264629,0.20604649,0.15252564
2,unet,602,0.9902727337449402,0.041929197,0.31762287,0.132186
2,unet,611,0.9882806623001669,0.0038412886,0.12497936,0.023088382
2,unet,616,0.9872951792910271,0.061392427,0.35411142,0.18209873
2,unet,622,0.9897922432412805,0.030859375,0.301077,0.17456285
2,unet,628,0.9898185088658651,0.071777344,0.26704674,0.18289818
2,unet,631,0.988636516182065,0.24773048,0.46827979,0.2224017
2,unet,632,0.989383808626808,0.034423828,0.1678967,0.12583795
2,unet,638,0.9908705319962474,0.039453125,0.19988673,0.13923562
2,unet,639,0.9901329607946482,0.075,0.30392584,0.18139302
2,unet,645,0.9903037057667036,0.033528646,0.27672212,0.14815787
2,unet,648,0.9893824297347269,0.032877604,0.32063119,0.18209229
2,unet,652,0.9900536033343359,0.020703125,0.24801523,0.14076097
2,unet,655,0.9896625783756011,0.028971354,0.21396511,0.17748367
2,unet,658,0.9896296206234448,0.020263672,0.23326499,0.15856785
2,unet,661,0.9866070951388067,0.19402927,0.14244186,0.0052186245
2,unet,667,0.9900251116063755,0.017020089,0.17934225,0.098259709
2,unet,669,0.9902120909453144,0.043457031,0.13849339,0.074061481
2,unet,670,0.9890457426310761,0.16143808,0.39951336,0.24894861
2,unet,677,0.9862452826480046,0.035406139,0.056830644,0.0067429311
2,unet,681,0.9897327148213035,0.056191447,0.081673478,0.088319566
2,unet,683,0.9882286075137503,0.053691414,0.72398544,0.38291845
2,unet,686,0.989539561295694,0.024553571,0.17507699,0.12487773
2,unet,688,0.9902401908742589,0.024609375,0.17441358,0.15686686
2,unet,702,0.9883866390326664,0.076021801,0.66776498,0.3210077
2,unet,710,0.9901678775993873,0.027832031,0.21027234,0.1428346
2,unet,716,0.988833013932092,0.00390625,0.14938157,0.10412982
2,unet,722,0.9848891055319055,0.21047887,0.08775185,0.061980633
2,unet,724,0.9894953261136081,0.057373047,0.25575839,0.18059121
2,unet,726,0.9941403021579274,0.077647607,0.36030159,0.23944579
2,unet,730,0.9900330476221577,0.031738281,0.13613955,0.11064155
2,unet,737,0.9912150763270057,0.1770653,0.64815364,0.34603966
2,unet,744,0.9900224515096088,0.025809218,0.34141815,0.22380403
2,unet,761,0.9871135865745142,0.032954399,0.26503902,0.14023881
2,unet,767,0.9879290058699097,0.092447917,0.20561242,0.11324533
2,unet,780,0.9906777290937814,0.01328125,0.22421156,0.15916861
2,unet,781,0.9901248603019479,0.04375,0.19560939,0.10763465
2,unet,790,0.9902433906834006,0.067138672,0.28049042,0.16632706
2,unet,804,0.9853927581388544,0.037178818,0.38732903,0.14474206
2,unet,806,0.9895563057398566,0.07109375,0.23729111,0.15979039
2,unet,810,0.9883704181507973,0.023654514,0.13106629,0.079581021
2,unet,818,0.9822331834218461,0.18945312,0.98892214,0.74450366
2,unet,822,0.9899412989498219,0.032226562,0.29589946,0.17621645
2,deeplabv3plus,3,0.9743859717530925,0.15505246,0.038240814,0.049408934
2,deeplabv3plus,9,0.979862528191145,0.11643609,1.1500185,0.45551501
2,deeplabv3plus,22,0.98716765812736,0.019287109,0.40265339,0.2820935
2,deeplabv3plus,24,0.9819750893134441,0.054568987,0.02812062,0.058412373
2,deeplabv3plus,36,0.9869818517645429,0.0234375,0.3591537,0.25505822
2,deeplabv3plus,44,0.986760108268127,0.14375,0.31197215,0.23085176
2,deeplabv3plus,47,0.9865649097695984,0.021240234,0.42375545,0.26966691
2,deeplabv3plus,53,0.9862249101132365,0.039713542,0.442219,0.27395551
2,deeplabv3plus,54,0.9872653961061437,0.042085661,0.73506907,0.38698373
2,deeplabv3plus,55,0.9880379152652948,0.12937917,0.79162844,0.35379997
2,deeplabv3plus,56,0.9863665703472987,0.053955078,0.36794285,0.24675623
2,deeplabv3plus,62,0.9881196344496067,0.15546479,0.81439037,0.32019391
2,deeplabv3plus,74,0.9851189133072509,0.061281675,0.83047884,0.43638293
2,deeplabv3plus,87,0.986188040395708,0.066293135,0.24323387,0.20185216
2,deeplabv3plus,90,0.9824789375967693,0.092138205,0.53178917,0.29413082
2,deeplabv3plus,96,0.9865886808969395,0.17328706,0.11082148,0.0061394904
2,deeplabv3plus,104,0.9873994743234966,0.022786458,0.38488083,0.22707671
2,deeplabv3plus,108,0.9871876927362163,0.055664062,0.48739115,0.28191912
2,deeplabv3plus,109,0.9877662023214482,0.035807292,0.36758586,0.24262936
2,deeplabv3plus,120,0.9819217353025534,0.076123834,0.37786296,0.2917091
2,deeplabv3plus,122,0.9867903772623289,0.029622396,0.40406936,0.24132839
2,deeplabv3plus,131,0.9689252504116621,2.7162282,0.17838851,0.080398735
2,deeplabv3plus,132,0.9829204283004588,0.016524143,0.49047223,0.2473503
2,deeplabv3plus,135,0.985920698923903,0.024185978,0.18658795,0.17186395
2,deeplabv3plus,144,0.9872947984143047,0.081473214,0.32223968,0.21890137
2,deeplabv3plus,148,0.8804499041907756,4.7935181,1.4668256,0.71334929
2,deeplabv3plus,155,0.9854448818011148,0.088010949,0.90040636,0.49505165
2,deeplabv3plus,159,0.9868134271232374,0.087053571,0.43001688,0.27704069
2,deeplabv3plus,164,0.9864369457108889,0.022460938,0.44063941,0.27284324
2,deeplabv3plus,175,0.9768364637319441,0.31778771,0.22341639,0.017547713
2,deeplabv3plus,186,0.9877778979548011,0.12265625,0.3479151,0.22701344
2,deeplabv3plus,197,0.9860211342389377,0.10888672,0.42088568,0.29150884
2,deeplabv3plus,416,0.9840764955220963,0.020263672,0.37589627,0.27907561
2,deeplabv3plus,418,0.9838586127225362,0.023378795,0.16107815,0.17440436
2,deeplabv3plus,423,0.9864099930728492,0.038736979,0.37980329,0.24029569
2,deeplabv3plus,429,0.9849403408661459,0.07773821,0.45563763,0.2323003
2,deeplabv3plus,430,0.9846206916367373,0.11011651,0.60686914,0.28078227
2,deeplabv3plus,432,0.9854488193085834,0.0068359375,0.40702655,0.29620846
2,deeplabv3plus,434,0.986181516280436,0.028645833,0.27983277,0.22678648
2,deeplabv3plus,451,0.9854243811607796,0.082086514,0.10656485,0.14003718
2,deeplabv3plus,454,0.9823399711552985,0.21132811,0.097830954,0.035659057
2,deeplabv3plus,461,0.985708157852728,0.13528265,0.055772778,0.068223175
2,deeplabv3plus,463,0.9864345217518316,0.23191664,0.60134833,0.24026293
2,deeplabv3plus,469,0.9869976750069012,0.10249324,0.68316485,0.28851007
2,deeplabv3plus,471,0.9795460913408057,0.10543232,0.40279687,0.30779356
2,deeplabv3plus,474,0.9861131660706206,0.06477418,0.35034993,0.21526763
2,deeplabv3plus,477,0.9852558920459018,0.0047743056,0.36550398,0.24398353
2,deeplabv3plus,485,0.9873755224016427,0.013183594,0.3225719,0.22585171
2,deeplabv3plus,491,0.9876881889235117,0.026692708,0.3590373,0.22828547
2,deeplabv3plus,505,0.983138765477617,0.41252349,2.2308999,1.1265279
2,deeplabv3plus,506,0.9834374929317345,0.11824119,0.51835622,0.30318275
2,deeplabv3plus,507,0.9866412842277656,0.00048828125,0.35032758,0.27654034
2,deeplabv3plus,508,0.9866488474865783,0.0014648438,0.37900014,0.27896446
2,deeplabv3plus,510,0.9866621470251528,0.051897321,0.3210708,0.22630538
2,deeplabv3plus,516,0.9812715364170579,0.0083984314,0.60412277,0.31532972
2,deeplabv3plus,520,0.9880483746591169,0.24609667,0.29186972,0.17650509
2,deeplabv3plus,521,0.9854447501664947,0.0024414062,0.55701667,0.35793306
2,deeplabv3plus,523,0.9842038364874065,0.10125547,1.2872324,0.64383674
2,deeplabv3plus,538,0.9862290244376427,0.12304688,0.40696608,0.27012378
2,deeplabv3plus,547,0.9863466915181861,0.002734375,0.39921342,0.26510641
2,deeplabv3plus,551,0.9786011469684261,0.8845567,3.3802912,0.63394313
2,deeplabv3plus,553,0.9853620250842119,0.019810268,0.31359061,0.26059185
2,deeplabv3plus,560,0.9830316896120398,0.29553826,1.70325,0.77584272
2,deeplabv3plus,562,0.9871894816440896,0.12255859,0.43762097,0.28987962
2,deeplabv3plus,568,0.9863316523394228,0.091015625,0.39285533,0.26565823
2,deeplabv3plus,569,0.9865378587552249,0.011322933,0.39029122,0.30301891
2,deeplabv3plus,572,0.9860034882804283,0.12408212,0.36837092,0.30645241
2,deeplabv3plus,576,0.9845727798067999,0.0030968141,0.49248056,0.30225285
2,deeplabv3plus,577,0.9878135663117129,0.014160156,0.34667103,0.25449574
2,deeplabv3plus,580,0.986849325089935,0.0026855469,0.36958146,0.21571691
2,deeplabv3plus,581,0.9858204384443093,0.051757812,0.39662115,0.26693872
2,deeplabv3plus,586,0.9865205812257785,0.11035156,0.2016069,0.17422948
2,deeplabv3plus,587,0.9870452809795788,0.009765625,0.35535485,0.26221553
2,deeplabv3plus,588,0.9868325023615555,0.028870463,0.26367546,0.1845087
2,deeplabv3plus,590,0.9869285388024857,0.0546875,0.33292919,0.25075891
2,deeplabv3plus,601,0.9869782205470802,0.05,0.2863743,0.20709845
2,deeplabv3plus,602,0.986279945971442,0.023737067,0.027516056,0.086892313
2,deeplabv3plus,611,0.9849740604825817,0.0024841292,0.28509425,0.22124584
2,deeplabv3plus,616,0.9832338957143266,0.071214675,0.59909307,0.31043622
2,deeplabv3plus,622,0.9869872808711257,0.08359375,0.39559799,0.2478983
2,deeplabv3plus,628,0.9863782512982305,0.028320312,0.52667258,0.32172811
2,deeplabv3plus,631,0.9850660154566169,0.13476075,0.49970681,0.27070967
2,deeplabv3plus,632,0.9869058306912996,0.0068359375,0.38666248,0.26895143
2,deeplabv3plus,638,0.9884707609483842,0.066796875,0.2866958,0.20372623
2,deeplabv3plus,639,0.9870773795570907,0.1234375,0.36730009,0.23233631
2,deeplabv3plus,645,0.9862684517670217,0.1031901,0.42684747,0.24099645
2,deeplabv3plus,648,0.985974533534271,0.016601562,0.55002414,0.34595746
2,deeplabv3plus,652,0.9868788773700405,0.024609375,0.32483765,0.23820593
2,deeplabv3plus,655,0.9866922544508693,0.071940104,0.39079605,0.2878705
2,deeplabv3plus,658,0.9871219346249949,0.025146484,0.41213732,0.26544445
2,deeplabv3plus,661,0.9821118091915838,0.25333822,0.5598076,0.28632453
2,deeplabv3plus,667,0.986968035680336,0.026506696,0.36437618,0.20945743
2,deeplabv3plus,669,0.9872775926001276,0.069335938,0.36392364,0.23477334
2,deeplabv3plus,670,0.9862093577524743,0.21604583,1.1483454,0.58449331
2,deeplabv3plus,677,0.9796499876106962,0.091065014,0.18230531,0.037483655
2,deeplabv3plus,681,0.9862355756063443,0.0055408569,0.58004215,0.29556243
2,deeplabv3plus,683,0.9845907468809697,0.015470297,0.22344481,0.15861158
2,deeplabv3plus,686,0.9855878199159618,0.058035714,0.32073006,0.279633
2,deeplabv3plus,688,0.9873809635492917,0.005078125,0.29875108,0.19703844
2,deeplabv3plus,702,0.9856514717267846,0.021066159,0.78493018,0.43517814
2,deeplabv3plus,710,0.9876566159782533,0.03515625,0.29526159,0.22849708
2,deeplabv3plus,716,0.9859679926299781,0.020507812,0.26255765,0.18239782
2,deeplabv3plus,722,0.9791756077244472,0.042522605,0.19904521,0.016977179
2,deeplabv3plus,724,0.9869560045984465,0.0034179688,0.37334528,0.27432775
2,deeplabv3plus,726,0.9907923230778843,0.3497472,0.33684967,0.26925975
2,deeplabv3plus,730,0.9872318860603871,0.052978516,0.29308078,0.2183
2,deeplabv3plus,737,0.9864430382328987,0.34360545,0.17974049,0.1874899
2,deeplabv3plus,744,0.9860440280567737,0.052735015,0.41297347,0.2995061
2,deeplabv3plus,761,0.9830094137990557,0.01562371,0.45282998,0.25106107
2,deeplabv3plus,767,0.9831292347852408,0.027126736,0.41944349,0.26554395
2,deeplabv3plus,780,0.9868773460999277,0.032421875,0.27722851,0.21939653
2,deeplabv3plus,781,0.9865131357430892,0.019140625,0.36139135,0.24908723
2,deeplabv3plus,790,0.9870345355063828,0.021484375,0.38952034,0.25774864
2,deeplabv3plus,804,0.981297008668282,0.027323178,0.90286228,0.3994929
2,deeplabv3plus,806,0.9861215617414132,0.12070312,0.33378498,0.25142883
2,deeplabv3plus,810,0.9833196882669204,0.00021701389,0.3211392,0.22649743
2,deeplabv3plus,818,0.9791614288191356,0.13509674,0.24475928,0.18251024
2,deeplabv3plus,822,0.9871082759283817,0.0051269531,0.47938059,0.3078087
2,hrnet,3,0.982934931706583,0.44402452,0.10141209,0.045687334
2,hrnet,9,0.9846288092348172,0.18219028,1.0179737,0.46210605
2,hrnet,22,0.9895652385169097,0.029541016,0.25462293,0.1766459
2,hrnet,24,0.9851458817112819,0.13742497,0.081820371,0.024661417
2,hrnet,36,0.989637666480358,0.025146484,0.18733316,0.12927017
2,hrnet,44,0.9891165172844932,0.084375,0.1140199,0.11974757
2,hrnet,47,0.9888482487171916,0.026367188,0.1950383,0.12087012
2,hrnet,53,0.9887959299755282,0.0067274306,0.24712806,0.15831559
2,hrnet,54,0.9895646786627789,0.030435072,0.20294613,0.13958746
2,hrnet,55,0.9905013872667112,0.15094828,0.013661248,0.041054936
2,hrnet,56,0.9890975605332964,0.00073242188,0.18258573,0.10576235
2,hrnet,62,0.9912564362337507,0.06174242,0.41632728,0.13703078
2,hrnet,74,0.9878755037750896,0.070856408,0.43849035,0.26753896
2,hrnet,87,0.9886993667999832,0.073695505,0.071897676,0.076498089
2,hrnet,90,0.9862215990371055,0.061308446,0.26543581,0.11263915
2,hrnet,96,0.9902910117707102,0.04593453,0.2614316,0.087364674
2,hrnet,104,0.9900774025395334,0.043619792,0.1865676,0.13403688
2,hrnet,108,0.9894924247701954,0.045898438,0.22937821,0.12470039
2,hrnet,109,0.9903222502893166,0.017252604,0.17926024,0.13424554
2,hrnet,120,0.985941850080773,0.11357155,0.17172005,0.14741334
2,hrnet,122,0.9893892269542579,0.077799479,0.25538207,0.15400843
2,hrnet,131,0.970414443987515,3.5213025,0.064170108,0.018489527
2,hrnet,132,0.9869848839763995,0.038682841,0.20111893,0.087487443
2,hrnet,135,0.9896794396920755,0.021978022,0.032054619,0.059623957
2,hrnet,144,0.9898019808893807,0.0053013393,0.21057321,0.12250941
2,hrnet,148,0.8743002076367725,5.2909068,0.71337026,0.34004906
2,hrnet,155,0.9887950506826576,0.15107387,0.77448675,0.38568888
2,hrnet,159,0.9897476283179915,0.00027901786,0.21142075,0.12867132
2,hrnet,164,0.9889503765947852,0.011962891,0.2470345,0.13833165
2,hrnet,175,0.9864667154346584,0.0063083623,0.0045654225,0.046402256
2,hrnet,186,0.9904990459694804,0.035546875,0.17152198,0.12518005
2,hrnet,197,0.988793956170966,0.018066406,0.2266816,0.1511336
2,hrnet,416,0.9884634250018061,0.045654297,0.24455033,0.15521893
2,hrnet,418,0.9877286692867249,0.056783972,0.15693923,0.13084567
2,hrnet,423,0.9897027998493758,0.0078125,0.26674357,0.18432894
2,hrnet,429,0.9883661248923358,0.12574975,0.3618269,0.17213846
2,hrnet,430,0.9885694558974812,0.13396787,0.62201944,0.3234044
2,hrnet,432,0.9890238557788359,0.044677734,0.24010863,0.15887264
2,hrnet,434,0.9892627859185081,0.024739583,0.20475006,0.15309513
2,hrnet,451,0.9851286173626613,0.67654824,0.11769097,0.13440083
2,hrnet,454,0.9855945375811969,0.051520465,0.092450468,0.016503324
2,hrnet,461,0.9890814794585691,0.028652769,0.16361264,0.021602705
2,hrnet,463,0.9927987197716684,0.048680489,0.25107905,0.12472775
2,hrnet,469,0.9906544118447433,0.16077746,0.95948086,0.41383432
2,hrnet,471,0.9848138187546196,0.0019030005,0.30386201,0.17958555
2,hrnet,474,0.9898499714325084,0.018206845,0.19345978,0.12859287
2,hrnet,477,0.988695885052417,0.017361111,0.32680009,0.18299279
2,hrnet,485,0.990282466241821,0.041992188,0.21816007,0.17741941
2,hrnet,491,0.9902506387932042,0.014973958,0.19415999,0.12523795
2,hrnet,505,0.986532185592174,0.39390091,2.1076419,1.0297803
2,hrnet,506,0.9880245858873161,0.033319936,0.39143704,0.16197289
2,hrnet,507,0.989662583562328,0.048828125,0.21196984,0.16559426
2,hrnet,508,0.9890144797092218,0.069335938,0.24869262,0.18451798
2,hrnet,510,0.9892582516820463,0.010323661,0.15652731,0.13589725
2,hrnet,516,0.986431383576186,0.043480799,0.38005084,0.15608631
2,hrnet,520,0.9921148196497143,0.16891282,0.97190862,0.4991689
2,hrnet,521,0.989022314345115,0.016601562,0.28245839,0.17837816
2,hrnet,523,0.987375331396592,0.096821132,0.80756731,0.39546319
2,hrnet,538,0.9895760131166672,0.0,0.23434551,0.15455806
2,hrnet,547,0.9888498035876677,0.008984375,0.24755925,0.16046785
2,hrnet,551,0.9852103639995214,0.85893687,3.3405789,0.68411018
2,hrnet,553,0.9881880751438429,0.0234375,0.20691938,0.16356617
2,hrnet,560,0.98722789416874,0.29110362,1.2352483,0.5976504
2,hrnet,562,0.9899485196475692,0.091308594,0.27444123,0.17690486
2,hrnet,568,0.9896434953440258,0.008203125,0.32725182,0.19908193
2,hrnet,569,0.9893210368323722,0.029182482,0.18133993,0.15384815
2,hrnet,572,0.9895559996515861,0.07373913,0.24918529,0.19606994
2,hrnet,576,0.9879855167861092,0.069922518,0.33020526,0.18816467
2,hrnet,577,0.9902854356538385,0.059082031,0.26899657,0.18566946
2,hrnet,580,0.9894984134726693,0.040039062,0.17174709,0.11680719
2,hrnet,581,0.989461751129606,0.019042969,0.19666454,0.11907953
2,hrnet,586,0.9898666791181328,0.07421875,0.077731258,0.090198842
2,hrnet,587,0.9896737155043479,0.06171875,0.19098315,0.15469308
2,hrnet,588,0.989117812179599,0.034215048,0.17957279,0.10286004
2,hrnet,590,0.9902530708640085,0.035807292,0.2026696,0.14032541
2,hrnet,601,0.9872768432807144,0.3550196,0.17353932,0.1286447
2,hrnet,602,0.9899453116084797,0.0097508126,0.070255551,0.041810305
2,hrnet,611,0.9884676921119422,0.022540817,0.070067521,0.052371599
2,hrnet,616,0.9868150413994689,0.10660511,0.618914,0.29291741
2,hrnet,622,0.9898052963181678,0.0015625,0.2902951,0.17148529
2,hrnet,628,0.9897856838162001,0.084472656,0.28047104,0.20194953
2,hrnet,631,0.9883706104584057,0.22824482,0.35405853,0.14628521
2,hrnet,632,0.9891734269062721,0.0070800781,0.18272285,0.12416182
2,hrnet,638,0.9908781830820269,0.0578125,0.21142415,0.15074389
2,hrnet,639,0.9898003048175097,0.0921875,0.3290842,0.18512937
2,hrnet,645,0.99010378952358,0.0094401042,0.26893238,0.1312438
2,hrnet,648,0.98899980272165,0.012695312,0.3286535,0.18262314
2,hrnet,652,0.9898557773422634,0.018359375,0.27736659,0.16225484
2,hrnet,655,0.9894417170183555,0.015950521,0.20708041,0.16515361
2,hrnet,658,0.9893503209486303,0.011474609,0.24302067,0.12104342
2,hrnet,661,0.9863819052495014,0.16525918,0.45613406,0.19411612
2,hrnet,667,0.989669309400704,0.0092075893,0.19556782,0.097647451
2,hrnet,669,0.9899568909811824,0.026855469,0.11780793,0.075495186
2,hrnet,670,0.9887790882996637,0.3060027,1.143563,0.54422364
2,hrnet,677,0.9861013911683425,0.021166456,0.18314926,0.096749624
2,hrnet,681,0.9895581194005286,0.064657055,0.11855259,0.10994147
2,hrnet,683,0.9885455211333385,0.12283627,0.23436236,0.14154647
2,hrnet,686,0.9887955955092769,0.045758929,0.16611877,0.12388192
2,hrnet,688,0.9903159753522408,0.033203125,0.1546373,0.13649825
2,hrnet,702,0.9883309528467916,0.073743032,0.69212457,0.32242036
2,hrnet,710,0.9903798472664505,0.045898438,0.22345282,0.15566975
2,hrnet,716,0.9892531981085207,0.024902344,0.18373263,0.1214627
2,hrnet,722,0.9824247439073627,0.16488566,0.15394142,0.1285179
2,hrnet,724,0.9893700709316463,0.055175781,0.27048494,0.18797171
2,hrnet,726,0.993543907216611,0.020888956,0.39263312,0.24907959
2,hrnet,730,0.9897355876846872,0.012207031,0.12339983,0.11553662
2,hrnet,737,0.9130183567915272,0.45105983,1.857055,0.97841695
2,hrnet,744,0.9899197795956649,0.0084435566,0.33567722,0.21466884
2,hrnet,761,0.9869490202809311,0.028042118,0.33750805,0.14532031
2,hrnet,767,0.9876921543706632,0.047526042,0.20911502,0.10502366
2,hrnet,780,0.990597980842878,0.00859375,0.2162428,0.15716738
2,hrnet,781,0.9899403551700312,0.024609375,0.15933985,0.089312618
2,hrnet,790,0.989910583704519,0.057373047,0.28596401,0.16538591
2,hrnet,804,0.9853935973099726,0.094855464,0.41169259,0.16153452
2,hrnet,806,0.9894331479164051,0.092578125,0.21743887,0.15101781
2,hrnet,810,0.9866283249454652,0.3539106,0.15379041,0.12950982
2,hrnet,818,0.9857764342247423,0.12382812,0.3036838,0.25849286
2,hrnet,822,0.9898284923586307,0.047607422,0.31193436,0.17869693
2,segformer,3,0.9843720555451687,0.033650185,0.09015547,0.021986535
2,segformer,9,0.9827963338195859,0.053816456,0.55220433,0.19455563
2,segformer,22,0.9879757937730345,0.018554688,0.37931761,0.24561829
2,segformer,24,0.9856366560313169,0.033458474,0.25633918,0.17155722
2,segformer,36,0.9884730965103037,0.0234375,0.22986474,0.1687446
2,segformer,44,0.9880002097855058,0.084375,0.20351943,0.17209054
2,segformer,47,0.9859434299082382,0.28817605,0.30112418,0.17656145
2,segformer,53,0.9872518713429047,0.011284722,0.34913332,0.21819111
2,segformer,54,0.988842547343221,0.02931817,0.20111432,0.13462936
2,segformer,55,0.9899457861007772,0.070486242,0.6803265,0.30456432
2,segformer,56,0.986960035705505,0.015869141,0.13249674,0.071158908
2,segformer,62,0.9903673990582603,0.050687515,0.1701645,0.03140078
2,segformer,74,0.9867414411760209,0.046808511,0.26894478,0.16940218
2,segformer,87,0.9876672895298342,0.004014452,0.080497856,0.11390155
2,segformer,90,0.985261711929449,0.02570405,0.19776197,0.14391848
2,segformer,96,0.9890236037650083,0.12618796,0.15925623,0.042210084
2,segformer,104,0.9892452015535665,0.0084635417,0.29132524,0.19299582
2,segformer,108,0.9887308202740591,0.024902344,0.26551187,0.16216453
2,segformer,109,0.9893589787341798,0.046223958,0.31984559,0.20165693
2,segformer,120,0.9846954854630192,0.027766629,0.25990515,0.18828928
2,segformer,122,0.9881857453342819,0.0071614583,0.30482651,0.17944329
2,segformer,131,0.9686695850965557,3.5200155,0.061856607,0.015244978
2,segformer,132,0.9858489079380737,0.0090059067,0.23030357,0.12298888
2,segformer,135,0.9881599542210241,0.01032301,0.11956208,0.11370786
2,segformer,144,0.9889112621298005,0.051897321,0.28351017,0.17470153
2,segformer,148,0.8754845916277344,5.4081989,2.2613125,0.91015953
2,segformer,155,0.9880909981290756,0.08144485,0.6058959,0.31365662
2,segformer,159,0.9888358535245116,0.012555804,0.30977707,0.19378521
2,segformer,164,0.9870444854380579,0.018066406,0.22466886,0.12698633
2,segformer,175,0.9826203695823162,0.018353247,0.15212805,0.017999313
2,segformer,186,0.9886327879159568,0.092578125,0.2343331,0.16748503
2,segformer,197,0.9872832983772352,0.056640625,0.3099294,0.192635
2,segformer,416,0.9864069552487792,0.060058594,0.27496676,0.20872385
2,segformer,418,0.9857933477559337,0.019358642,0.073202888,0.093536389
2,segformer,423,0.9886063947597474,0.012369792,0.34656987,0.22247662
2,segformer,429,0.9869218358493469,0.096793497,0.40143068,0.18346143
2,segformer,430,0.9880533138850354,0.048649464,0.40255896,0.22730707
2,segformer,432,0.9870237690551297,0.016113281,0.27328815,0.19269089
2,segformer,434,0.9876238611948263,0.013346354,0.25285692,0.21072254
2,segformer,451,0.9866843560278213,0.66657005,0.21169775,0.17415694
2,segformer,454,0.9837708499490351,0.057898928,0.052622552,0.025521848
2,segformer,461,0.9884713586830369,0.041794192,0.091766113,0.012375915
2,segformer,463,0.9905637336523231,0.011099659,0.14101689,0.10958355
2,segformer,469,0.98918293086229,0.1502994,1.2251205,0.50822187
2,segformer,471,0.9815712511504859,0.093961,0.075721114,0.011258323
2,segformer,474,0.9882792665719405,0.029818162,0.23643048,0.15609401
2,segformer,477,0.9873699157365448,0.025390625,0.39220021,0.22968828
2,segformer,485,0.9888824091410062,0.0034179688,0.27086651,0.18936782
2,segformer,491,0.9890514869312028,0.026367188,0.27386557,0.17661435
2,segformer,505,0.9861035551233696,0.31241884,1.4383159,0.72979391
2,segformer,506,0.9863034396263579,0.023815327,0.49820358,0.21832073
2,segformer,507,0.9883166176832319,0.033935547,0.23994558,0.20249414
2,segformer,508,0.9875851577478751,0.056396484,0.32450621,0.24092692
2,segformer,510,0.9881648955762147,0.0016741071,0.22984064,0.18736512
2,segformer,516,0.9841762415048534,0.023786949,0.51741441,1.1568398
2,segformer,520,0.9843597063611497,0.13495579,0.72914826,0.39326796
2,segformer,521,0.9871781519400715,0.0048828125,0.39659156,0.27234509
2,segformer,523,0.9865859818158107,0.0060238707,0.2782728,0.148188
2,segformer,538,0.9878867398449083,0.088867188,0.36650773,0.23210709
2,segformer,547,0.9876151751399004,0.0,0.34023026,0.21546082
2,segformer,551,0.9775003939389758,1.332563,3.1194333,0.45469504
2,segformer,553,0.9857630372179758,0.058872768,0.16108196,0.1390471
2,segformer,560,0.9860274271368002,0.25493798,1.0572044,0.50704558
2,segformer,562,0.9889188937505948,0.08203125,0.3503701,0.23241751
2,segformer,568,0.9880205249644879,0.015625,0.37535887,0.23884711
2,segformer,569,0.9883839724553833,0.033163265,0.23398472,0.19016311
2,segformer,572,0.9874856805628949,0.075055693,0.27393881,0.2289629
2,segformer,576,0.9842131228403929,0.084960422,0.162458,0.061230095
2,segformer,577,0.989529123297401,0.016113281,0.21151926,0.1683176
2,segformer,580,0.9878449468743787,0.0546875,0.14285431,0.10201082
2,segformer,581,0.9881456294948441,0.017089844,0.2714183,0.20014162
2,segformer,586,0.988540888721774,0.055664062,0.19298101,0.14092897
2,segformer,587,0.9885502939276605,0.045703125,0.28439638,0.20584495
2,segformer,588,0.9879413437439569,0.028478344,0.16446083,0.12403336
2,segformer,590,0.9886977478592298,0.040364583,0.27837552,0.20637402
2,segformer,601,0.9825767081090239,2.1220728,0.2510674,0.21642302
2,segformer,602,0.9886072344047442,0.05892927,0.028889418,0.0097081411
2,segformer,611,0.9878357830706824,0.00082804306,0.24775119,0.13776561
2,segformer,616,0.9860765001371438,0.078633086,0.47215774,0.24112535
2,segformer,622,0.9886974069397839,0.042578125,0.37233504,0.2356797
2,segformer,628,0.9879993083163433,0.017089844,0.33475714,0.226918
2,segformer,631,0.9868841026734793,0.23521302,0.41668701,0.21061857
2,segformer,632,0.9873990366117893,0.041992188,0.21854763,0.16010354
2,segformer,638,0.9899842371660287,0.034375,0.24987898,0.17844692
2,segformer,639,0.988809577282281,0.090625,0.32066965,0.19167904
2,segformer,645,0.9883620569637512,0.049153646,0.33453227,0.19977847
2,segformer,648,0.987588414801653,0.011393229,0.41178324,0.23953617
2,segformer,652,0.9883481089218893,0.0328125,0.31137189,0.19556484
2,segformer,655,0.9877852275131165,0.024414062,0.28015048,0.22807162
2,segformer,658,0.9882012169196929,0.045898438,0.31105016,0.19534391
2,segformer,661,0.9839860692680127,0.22894432,0.21037361,0.059317913
2,segformer,667,0.9884927518267652,0.023995536,0.23758775,0.13761706
2,segformer,669,0.9884737725495164,0.026367188,0.30120347,0.17812046
2,segformer,670,0.9875023911228878,0.10669049,0.60335726,0.31448925
2,segformer,677,0.9836171588698037,0.050026194,0.092331954,0.070145988
2,segformer,681,0.9878662639741184,0.025150883,0.16304033,0.13977822
2,segformer,683,0.9875183182563703,0.007077613,0.22934891,0.13524909
2,segformer,686,0.9871520932982816,0.03515625,0.23176713,0.18558771
2,segformer,688,0.9887860816026155,0.047265625,0.26369654,0.19592294
2,segformer,702,0.9872509216473123,0.018363745,0.37273886,0.21553621
2,segformer,710,0.9889598709905242,0.057617188,0.22006425,0.16465971
2,segformer,716,0.9876228350753758,0.043945312,0.20737129,0.13548594
2,segformer,722,0.9826336134770707,0.13308023,0.03492775,0.095950071
2,segformer,724,0.9883163828360604,0.041503906,0.35425168,0.2460322
2,segformer,726,0.9930185483529615,0.122084,0.34121023,0.28078345
2,segformer,730,0.988639280706531,0.0075683594,0.24132563,0.16615805
2,segformer,737,0.9892222336371219,0.0041420118,0.60049731,0.34185977
2,segformer,744,0.9881059445962356,0.086472322,0.20090463,0.17603149
2,segformer,761,0.9851252441556411,0.0074573231,0.34104078,0.16850297
2,segformer,767,0.985405092663984,0.050998264,0.30032727,0.19066252
2,segformer,780,0.9889966565559545,0.026953125,0.24798334,0.18402578
2,segformer,781,0.9885997879917234,0.03828125,0.28012269,0.156489
2,segformer,790,0.988815367141753,0.0068359375,0.3042263,0.20021721
2,segformer,804,0.9843283153283953,0.032696843,0.26114826,0.11639287
2,segformer,806,0.9881808552145582,0.055078125,0.30539309,0.21208567
2,segformer,810,0.9863412253472655,0.36125209,0.27413877,0.17823032
2,segformer,818,0.9841679972894138,0.15664062,0.35781597,0.28789944
2,segformer,822,0.9884669052957663,0.020019531,0.39128295,0.24807044
3,unet,1,0.9901471589911213,0.055013021,0.23547534,0.15179393
3,unet,2,0.9900794198568141,0.012109375,0.25682571,0.17617352
3,unet,5,0.9817757901871279,1.5475337,0.021602367,0.10945729
3,unet,7,0.9883695509586503,0.0171875,0.13195943,0.102815
3,unet,11,0.9886885410715074,0.1091221,0.083173112,0.092751201
3,unet,14,0.9909208370815268,0.075195312,0.22350323,0.14902658
3,unet,20,0.989819823656594,0.017089844,0.23571192,0.17395674
3,unet,33,0.989381208800263,0.11572266,0.29248962,0.16365204
3,unet,40,0.9916176460196235,0.068268506,1.0285524,0.44858087
3,unet,41,0.9889909917146013,0.022029172,0.10769611,0.091571301
3,unet,42,0.9872151989137222,0.024874285,0.009800323,0.0086781091
3,unet,46,0.9887178022428148,0.028211806,0.23950469,0.13988239
3,unet,49,0.9897737176004255,0.012939453,0.31085041,0.1620395
3,unet,61,0.9917722926385351,0.017169378,0.27049959,0.18796408
3,unet,65,0.9844153314161197,0.24514135,0.87704294,0.44996164
3,unet,68,0.9806160537498909,0.54688407,0.071950191,0.018111199
3,unet,71,0.9897279392599373,0.090625,0.21311448,0.15528276
3,unet,72,0.9898141312566093,0.07734375,0.19269986,0.18947672
3,unet,89,0.9900314609907384,0.0048828125,0.25487584,0.15705571
3,unet,93,0.9898445306860288,0.11865234,0.24977105,0.18557666
3,unet,95,0.9870362211439273,0.025390625,0.15983442,0.092566502
3,unet,102,0.9784402318027396,0.96670165,0.50914621,0.25375764
3,unet,112,0.9902076988998157,0.020263672,0.18203277,0.14027316
3,unet,113,0.9900485966052773,0.03515625,0.24422319,0.14692143
3,unet,126,0.9862063072569556,0.00018421015,0.079118922,0.15698394
3,unet,128,0.9898924649459856,0.03125,0.18754545,0.11958246
3,unet,133,0.9884534049475289,0.013671875,0.14075401,0.098441771
3,unet,134,0.9900417633401485,0.00234375,0.19241864,0.13283345
3,unet,139,0.9889857517798686,0.024314045,0.58656946,0.34592534
3,unet,147,0.9532269619004191,0.97664409,0.52552936,0.33952417
3,unet,163,0.9893476116659722,0.065625,0.28861969,0.1915216
3,unet,165,0.989164645144008,0.0020369359,0.083334851,0.10353949
3,unet,172,0.9905928172857053,0.028846154,0.10331122,0.076046007
3,unet,180,0.9898404329760301,0.0048828125,0.34629715,0.18720866
3,unet,184,0.9936266036370767,0.22167969,0.36066652,0.23374596
3,unet,188,0.9904103583046573,0.02265625,0.23064359,0.16950321
3,unet,189,0.989603939302959,0.0009765625,0.32401779,0.21309424
3,unet,415,0.9902792249746227,0.0068359375,0.23247663,0.1674853
3,unet,419,0.9900059502841625,0.050292969,0.24648246,0.16642256
3,unet,421,0.9895417467995294,0.040039062,0.24487891,0.1195047
3,unet,440,0.9866027665818176,0.051851852,0.027548496,0.022211043
3,unet,447,0.9900754657646215,0.0092773438,0.15858774,0.10136092
3,unet,456,0.9898678500589178,0.0046875,0.23519589,0.16320228
3,unet,457,0.9900373246861427,0.013671875,0.16806556,0.13894506
3,unet,465,0.9902545587728656,0.067871094,0.20794769,0.094986469
3,unet,470,0.9832120478233465,0.041727081,0.014326761,0.030567592
3,unet,476,0.9894551512617948,0.02578125,0.20776448,0.13200148
3,unet,484,0.9885787385985362,0.017864797,0.030446465,0.040887431
3,unet,487,0.9898869867664477,0.036132812,0.26427145,0.16654244
3,unet,492,0.9894570684748801,0.061523438,0.11261699,0.091167912
3,unet,499,0.9879120879107799,0.051953125,0.1916006,0.096440342
3,unet,500,0.9890396259661393,0.065104167,0.43356473,0.23961141
3,unet,511,0.8864963461770968,4.5790037,3.1729318,0.1849592
3,unet,530,0.9890623842326174,0.01796875,0.27961428,0.19263996
3,unet,534,0.9891506594422173,0.013323643,0.22108842,0.10039725
3,unet,535,0.9826364606711853,0.33086843,0.18544323,0.067348918
3,unet,539,0.9887927299118305,0.047363281,0.35920396,0.18581744
3,unet,540,0.9893913263603077,0.016927083,0.21899801,0.18015207
3,unet,549,0.9888401503323994,0.046415808,0.56988008,0.30104204
3,unet,550,0.9887839189326219,0.042317708,0.2114842,0.13436607
3,unet,556,0.9900794794442266,0.0051269531,0.14724787,0.083723612
3,unet,557,0.9874539525326201,0.012265332,0.26572901,0.22078204
3,unet,567,0.9890666480360233,0.030039812,0.0095878678,0.040303336
3,unet,573,0.9881921911586606,0.15692494,0.89262293,0.45929487
3,unet,579,0.9663949539049331,1.9973562,0.11712288,0.26481035
3,unet,583,0.9899968431842494,0.041015625,0.2965536,0.16884413
3,unet,594,0.9892658693347506,0.0042317708,0.25607489,0.14159147
3,unet,595,0.990152839584002,0.0073242188,0.25010714,0.1700592
3,unet,596,0.9901860904178947,0.096484375,0.20199874,0.1248649
3,unet,598,0.9880944489360731,0.032542607,0.035932557,0.019064989
3,unet,599,0.9898989898981945,0.039713542,0.31004273,0.20058139
3,unet,604,0.9886493394528175,0.0045413563,0.043879367,0.077897667
3,unet,615,0.9858353455022442,0.12281722,0.67800165,0.33214665
3,unet,621,0.99043065511542,0.036830357,0.18514098,0.16485106
3,unet,623,0.9907079022639209,0.0046386719,0.21187849,0.12782574
3,unet,624,0.9904446723210235,0.028320312,0.11775398,0.11900111
3,unet,629,0.989734383984559,0.015066964,0.16738415,0.11085204
3,unet,636,0.9900943195684317,0.029541016,0.263364,0.17318592
3,unet,650,0.9894829199801246,0.055175781,0.1166538,0.10104212
3,unet,653,0.9884240574850001,0.011247046,0.16867461,0.023015938
3,unet,662,0.9893783032250468,0.005859375,0.13495972,0.10516852
3,unet,664,0.9899142808475505,0.00625,0.20611854,0.14949569
3,unet,675,0.9891860488809047,0.01171875,0.19927199,0.13951216
3,unet,689,0.9911527946527651,0.000390625,0.18209899,0.17967736
3,unet,691,0.9889922417638213,0.03515625,0.27161673,0.16368632
3,unet,696,0.9906343124726119,0.0009765625,0.2101585,0.13383706
3,unet,698,0.9895917927631556,0.018880208,0.248032,0.14064583
3,unet,699,0.981939194208617,0.19994839,0.11675021,0.039554524
3,unet,705,0.9905722037236462,0.073974609,0.17021111,0.10472044
3,unet,712,0.9874055092882849,0.011771782,0.072700096,0.050936674
3,unet,713,0.9885263206195892,0.020621995,0.12797619,0.019944571
3,unet,714,0.9895696432399943,0.009765625,0.14634391,0.17252794
3,unet,721,0.9891705176667727,0.024902344,0.35353168,0.19747609
3,unet,725,0.9894023027285741,0.0074869792,0.28054456,0.16944775
3,unet,727,0.986193951517077,0.022640829,0.35681857,0.16766979
3,unet,732,0.9887955901903666,0.019042969,0.18902359,0.14662948
3,unet,736,0.9890494296568545,0.025,0.25951375,0.1735005
3,unet,740,0.9902064130215543,0.021728516,0.26648632,0.18005422
3,unet,745,0.9886007063908978,0.072404527,0.57619745,0.30839317
3,unet,747,0.9896034626594673,0.032924107,0.15740545,0.12868771
3,unet,748,0.9900032587641708,0.031209055,0.15396336,0.031045044
3,unet,750,0.9893524892292608,0.050517096,0.42222538,0.17607693
3,unet,752,0.9893241252585896,0.01953125,0.22899909,0.16255137
3,unet,753,0.9897181785125028,0.030924479,0.29484663,0.17836632
3,unet,757,0.9897376750519409,0.031738281,0.15412968,0.1303582
3,unet,765,0.9874398886347471,0.1045164,0.52058091,0.24159822
3,unet,766,0.9879316900577164,0.0273663,0.35526458,0.16333702
3,unet,768,0.988535388926897,0.0086628299,0.22766181,0.041474359
3,unet,771,0.9891904998902598,0.13680051,0.2123859,0.06978086
3,unet,779,0.9901685976485713,0.0046875,0.028281805,0.070680491
3,unet,782,0.9867894663596789,0.089199382,0.23885376,0.097857962
3,unet,784,0.986439982211209,0.015799814,0.0078141574,0.030868667
3,unet,793,0.9903391685564453,0.012939453,0.18227242,0.15263511
3,unet,795,0.9901827063368409,0.022460938,0.24483827,0.17988836
3,unet,807,0.9881806320205021,0.0073784722,0.28157164,0.17487629
3,unet,812,0.9893625604323311,0.015462225,0.18037685,0.10866562
3,unet,821,0.9888860461536213,0.048206307,0.39965005,0.19991409
3,deeplabv3plus,1,0.9878030440934695,0.014648438,0.29843915,0.2180051
3,deeplabv3plus,2,0.9871739470215173,0.03359375,0.43629694,0.29069035
3,deeplabv3plus,5,0.9815655133289045,1.1156344,0.18152171,0.22698226
3,deeplabv3plus,7,0.985557437044862,0.078125,0.27629492,0.20352831
3,deeplabv3plus,11,0.9854477861863061,0.20007044,1.5590653,0.57059197
3,deeplabv3plus,14,0.9881304954066307,0.10107422,0.30210678,0.23850739
3,deeplabv3plus,20,0.9866518421302453,0.012695312,0.36702475,0.26845132
3,deeplabv3plus,33,0.9859947871404738,0.10595703,0.60098214,0.34439513
3,deeplabv3plus,40,0.989590532743988,0.075203758,0.29961385,0.077614045
3,deeplabv3plus,41,0.9864268850143302,0.024942398,0.14222259,0.076005378
3,deeplabv3plus,42,0.9856045629834491,0.0075954861,0.27687804,0.17806345
3,deeplabv3plus,46,0.9862739379793356,0.00086805556,0.3881737,0.21563954
3,deeplabv3plus,49,0.9872244336504479,0.013183594,0.44022629,0.27095501
3,deeplabv3plus,61,0.9892452467821766,0.057238306,0.36653638,0.28213463
3,deeplabv3plus,65,0.9799750295899665,0.38188294,1.9632645,0.9865024
3,deeplabv3plus,68,0.9755934708476646,0.62461105,0.24602887,0.066901055
3,deeplabv3plus,71,0.9871366211563228,0.048828125,0.39534524,0.28700098
3,deeplabv3plus,72,0.9869880327202128,0.041796875,0.40318078,0.34384578
3,deeplabv3plus,89,0.9869766238032647,0.0014648438,0.47418811,0.31506715
3,deeplabv3plus,93,0.9871473645125891,0.090332031,0.44492015,0.32273953
3,deeplabv3plus,95,0.9841797057358782,0.0578125,0.29178052,0.17850415
3,deeplabv3plus,102,0.9707524073755985,1.044118,0.090011755,0.094357651
3,deeplabv3plus,112,0.9872992745038477,0.041015625,0.36552116,0.25295581
3,deeplabv3plus,113,0.9872424978578439,0.054129464,0.35683755,0.24500408
3,deeplabv3plus,126,0.9781043627233591,0.030643826,0.15319821,0.21188839
3,deeplabv3plus,128,0.9864231647236343,0.011474609,0.36097765,0.24882052
3,deeplabv3plus,133,0.9853958344120866,0.009765625,0.35155949,0.22610023
3,deeplabv3plus,134,0.9867320182703567,0.002734375,0.312603,0.23925494
3,deeplabv3plus,139,0.9851002865317992,0.018201576,0.41492496,0.27012089
3,deeplabv3plus,147,0.9765718446084344,0.44445761,0.368534,0.27758869
3,deeplabv3plus,163,0.9869869306772918,0.003125,0.38492171,0.32512759
3,deeplabv3plus,165,0.9847537867008974,0.082262326,0.43285437,0.32942135
3,deeplabv3plus,172,0.9872895937749777,0.0023343721,0.21411338,0.14350135
3,deeplabv3plus,180,0.9868276875003068,0.078613281,0.5087499,0.29975969
3,deeplabv3plus,184,0.9945696347154718,0.01171875,0.4036729,0.27152814
3,deeplabv3plus,188,0.9873149908651275,0.034765625,0.34365655,0.28382149
3,deeplabv3plus,189,0.9867970749314707,0.0063476562,0.43397889,0.29417702
3,deeplabv3plus,415,0.9866698279709862,0.028808594,0.37761077,0.24998081
3,deeplabv3plus,419,0.9867923155284367,0.020996094,0.38101674,0.2613475
3,deeplabv3plus,421,0.9866129683964133,0.062011719,0.37748683,0.18628932
3,deeplabv3plus,440,0.9836324303718641,0.071830154,0.53868906,0.33139057
3,deeplabv3plus,447,0.9867814023486001,0.034423828,0.35660339,0.20680484
3,deeplabv3plus,456,0.9869247733389004,0.0203125,0.43593962,0.28683827
3,deeplabv3plus,457,0.9869699480294993,0.0203125,0.18490733,0.19457871
3,deeplabv3plus,465,0.9873506997270394,0.060302734,0.36498635,0.22924537
3,deeplabv3plus,470,0.9783478658847117,0.064480013,0.50676894,0.33624651
3,deeplabv3plus,476,0.9858841993788425,0.076953125,0.38045241,0.2656267
3,deeplabv3plus,484,0.9844506731599647,0.003075493,0.3481418,0.20340657
3,deeplabv3plus,487,0.9869227726676222,0.037597656,0.43131285,0.29772667
3,deeplabv3plus,492,0.9856168411137415,0.0859375,0.28301194,0.23248457
3,deeplabv3plus,499,0.9845073031316356,0.11054687,0.31187108,0.19083972
3,deeplabv3plus,500,0.9851884687093253,0.013020833,0.52348543,0.30520109
3,deeplabv3plus,511,0.8833974447029315,4.5521744,2.8515058,0.31402181
3,deeplabv3plus,530,0.9858196675839951,0.037890625,0.50104836,0.31783309
3,deeplabv3plus,534,0.9855740976116381,0.024132393,0.40349841,0.2099175
3,deeplabv3plus,535,0.9841696891777383,0.089192708,0.12237586,0.093850514
3,deeplabv3plus,539,0.9854221952034867,0.052246094,0.45325597,0.29111088
3,deeplabv3plus,540,0.9860364095873427,0.013997396,0.46136831,0.30024972
3,deeplabv3plus,549,0.9853382554396062,0.034478972,0.55195743,0.26194683
3,deeplabv3plus,550,0.9856975439051683,0.037760417,0.37655183,0.25080414
3,deeplabv3plus,556,0.9868410956795655,0.0048828125,0.2895507,0.17730805
3,deeplabv3plus,557,0.9828853620831735,0.016857538,0.67697565,0.43120266
3,deeplabv3plus,567,0.9847671032201099,0.0063061019,0.17276951,0.19103966
3,deeplabv3plus,573,0.9837095822821774,0.17087051,0.90609809,0.48319866
3,deeplabv3plus,579,0.9638255170197851,2.020143,0.070543217,0.31372319
3,deeplabv3plus,583,0.9867548363562133,0.0890625,0.45068237,0.27199462
3,deeplabv3plus,594,0.9863125095603205,0.0084635417,0.34604441,0.20672244
3,deeplabv3plus,595,0.9873474651933017,0.0053710938,0.39025715,0.25061451
3,deeplabv3plus,596,0.9874324740383208,0.0640625,0.42680163,0.25920724
3,deeplabv3plus,598,0.9824670348532325,0.079112874,0.10108395,0.062829919
3,deeplabv3plus,599,0.9862734722013868,0.0061848958,0.42416695,0.29318497
3,deeplabv3plus,604,0.984770692075788,0.053297238,0.14489204,0.029557894
3,deeplabv3plus,615,0.9811291760134906,0.11001888,1.4171978,0.66993051
3,deeplabv3plus,621,0.9882398463296241,0.013113839,0.27356314,0.21234199
3,deeplabv3plus,623,0.9879406818523235,0.015136719,0.32860588,0.21577923
3,deeplabv3plus,624,0.9871964988232568,0.069335938,0.29898135,0.24752172
3,deeplabv3plus,629,0.9860972186675769,0.012276786,0.33505,0.23080217
3,deeplabv3plus,636,0.9874680027654178,0.035644531,0.37792585,0.26232462
3,deeplabv3plus,650,0.9866401961917708,0.08203125,0.26730656,0.19885946
3,deeplabv3plus,653,0.9848487829824434,0.05248168,0.16263375,0.17130982
3,deeplabv3plus,662,0.9860908041548121,0.011962891,0.29950074,0.21621287
3,deeplabv3plus,664,0.9867544663514443,0.00546875,0.27798543,0.21856669
3,deeplabv3plus,675,0.9847947030634505,0.00390625,0.38832493,0.27057974
3,deeplabv3plus,689,0.9886025298202304,0.013671875,0.28148284,0.24147767
3,deeplabv3plus,691,0.9849905811332449,0.080810547,0.42919393,0.27862116
3,deeplabv3plus,696,0.9870382627324548,0.10677083,0.33497517,0.21453664
3,deeplabv3plus,698,0.9854244518659798,0.039388021,0.40234673,0.25259919
3,deeplabv3plus,699,0.9789424426750699,0.17308041,0.47572501,0.19275175
3,deeplabv3plus,705,0.9877861091610413,0.059082031,0.29757147,0.1713155
3,deeplabv3plus,712,0.9830466217894489,0.146222,0.079828664,0.076007447
3,deeplabv3plus,713,0.984025149161862,0.011120254,0.38153482,0.24603496
3,deeplabv3plus,714,0.986693533962505,0.058105469,0.22395231,0.25426337
3,deeplabv3plus,721,0.9860627177688858,0.037597656,0.38830225,0.26283864
3,deeplabv3plus,725,0.9869627346137895,0.038411458,0.39689477,0.24255626
3,deeplabv3plus,727,0.9829862780621828,0.023672288,0.54633162,0.27909491
3,deeplabv3plus,732,0.9858197894136157,0.001953125,0.35168647,0.27133498
3,deeplabv3plus,736,0.9856235182541625,0.078125,0.47002566,0.30289424
3,deeplabv3plus,740,0.9869824801794882,0.0026855469,0.41837284,0.28258993
3,deeplabv3plus,745,0.9835180620855193,0.084861496,0.81884778,0.4313267
3,deeplabv3plus,747,0.9863607565644295,0.027901786,0.35174833,0.26295119
3,deeplabv3plus,748,0.9876802222532091,0.058221413,0.016519358,0.05555639
3,deeplabv3plus,750,0.9853006385232072,0.022390347,0.44527735,0.20543967
3,deeplabv3plus,752,0.9857226383481987,0.064127604,0.37927873,0.30392324
3,deeplabv3plus,753,0.9849485268007849,0.078125,0.52125719,0.33654342
3,deeplabv3plus,757,0.9872333739240109,0.0087890625,0.26050302,0.20812261
3,deeplabv3plus,765,0.9831307550634221,0.15320975,0.97416083,0.48971029
3,deeplabv3plus,766,0.983869105541929,0.049074983,0.55028788,0.29699925
3,deeplabv3plus,768,0.985488853011893,0.026315789,0.20094462,0.18332321
3,deeplabv3plus,771,0.9828260066952057,0.19810802,0.076896174,0.18320605
3,deeplabv3plus,779,0.986223268059558,0.0328125,0.21311712,0.17578026
3,deeplabv3plus,782,0.9820418012004114,0.08165222,0.21688209,0.36584855
3,deeplabv3plus,784,0.9799095417731587,0.0068811238,0.17756615,0.18251511
3,deeplabv3plus,793,0.9875730146419993,0.017333984,0.387852,0.26779447
3,deeplabv3plus,795,0.9875401992926607,0.0390625,0.3653845,0.25463932
3,deeplabv3plus,807,0.984520064816837,0.024522569,0.42510809,0.28546322
3,deeplabv3plus,812,0.985352252307463,0.013801607,0.20663569,0.18888003
3,deeplabv3plus,821,0.9845525132805634,0.0086513006,0.50710547,0.33497053
3,hrnet,1,0.990027090824773,0.039713542,0.22895352,0.13635627
3,hrnet,2,0.9900463644383003,0.042578125,0.21653157,0.18769172
3,hrnet,5,0.9794252745152162,1.4239644,0.22347798,0.17438258
3,hrnet,7,0.9878369960757233,0.018359375,0.17094074,0.13638479
3,hrnet,11,0.9888533163462531,0.16622895,0.71777238,0.21173341
3,hrnet,14,0.990599444039597,0.07421875,0.24401607,0.17819672
3,hrnet,20,0.989495069920748,0.033203125,0.28575239,0.20479362
3,hrnet,33,0.9892095095536575,0.10449219,0.34381637,0.19243741
3,hrnet,40,0.9917582999632819,0.032936654,0.5480798,0.20121328
3,hrnet,41,0.9889419452113708,0.030269798,0.084767397,0.081612127
3,hrnet,42,0.9875473143614996,0.028645833,0.098139758,0.064016559
3,hrnet,46,0.9885766210157795,0.022135417,0.23450396,0.12996074
3,hrnet,49,0.9898364571394686,0.029541016,0.32147926,0.16911997
3,hrnet,61,0.9914610238677101,0.044118756,0.30017666,0.23206776
3,hrnet,65,0.9844100165627587,0.26671292,1.1189182,0.56264668
3,hrnet,68,0.9816760893405978,0.84440353,0.10361519,0.022336813
3,hrnet,71,0.9898522011691921,0.058203125,0.24420258,0.18473118
3,hrnet,72,0.9898615186221105,0.069921875,0.22303425,0.20948654
3,hrnet,89,0.9897227984148245,0.036132812,0.27412535,0.16096415
3,hrnet,93,0.9896958713773034,0.10546875,0.27509983,0.2104808
3,hrnet,95,0.9874941608261761,0.006640625,0.27300646,0.15084729
3,hrnet,102,0.9795032277075408,0.94127253,0.37704251,0.20661021
3,hrnet,112,0.989837287187208,0.032226562,0.20880004,0.15823064
3,hrnet,113,0.9898452883256049,0.032087054,0.27131031,0.16586501
3,hrnet,126,0.9859378239599808,0.050057099,0.17569539,0.14075319
3,hrnet,128,0.989595668555242,0.026123047,0.19249035,0.12263467
3,hrnet,133,0.9882059865316075,0.027994792,0.18195924,0.1206045
3,hrnet,134,0.9900851304798778,0.026171875,0.21335618,0.15117994
3,hrnet,139,0.9886150674651089,0.03939147,0.47620524,0.30477233
3,hrnet,147,0.9806705395042844,0.43420165,1.0363606,0.54482386
3,hrnet,163,0.989237112239273,0.053125,0.30878376,0.20546969
3,hrnet,165,0.9890753897634796,0.018511009,0.030389929,0.096944465
3,hrnet,172,0.9904507257441015,0.025274725,0.1149675,0.092759993
3,hrnet,180,0.9899820399773868,0.014648438,0.3576114,0.22213042
3,hrnet,184,0.9955453945495951,0.020507812,0.2925009,0.21361821
3,hrnet,188,0.9905588207845969,0.021875,0.22670884,0.18422582
3,hrnet,189,0.9895017436228482,0.0065917969,0.30909727,0.21562337
3,hrnet,415,0.9900577546863181,0.019042969,0.27829176,0.19989897
3,hrnet,419,0.9899824541160032,0.055664062,0.24896461,0.17883933
3,hrnet,421,0.9894050799916531,0.027099609,0.26961142,0.13070579
3,hrnet,440,0.9865606405128109,0.041203704,0.026249355,0.031209223
3,hrnet,447,0.9898458535044974,0.0017089844,0.21415535,0.13651222
3,hrnet,456,0.9891845207123404,0.00625,0.28243014,0.18346369
3,hrnet,457,0.9900774580190818,0.035546875,0.26407945,0.17232795
3,hrnet,465,0.990041130197026,0.057861328,0.20552209,0.10673841
3,hrnet,470,0.9838614816371611,0.053382989,0.47003586,0.29080264
3,hrnet,476,0.9887297021073955,0.030859375,0.28556772,0.18562376
3,hrnet,484,0.9883933913194455,0.027824337,0.21483561,0.10701795
3,hrnet,487,0.9900086665829021,0.047851562,0.27977424,0.17538555
3,hrnet,492,0.9892966900973903,0.033203125,0.13340919,0.095257881
3,hrnet,499,0.9874938792782347,0.038671875,0.22772042,0.12605098
3,hrnet,500,0.98878590578171,0.024088542,0.38772177,0.23321748
3,hrnet,511,0.8867482874540892,4.5842882,3.0937275,0.20573269
3,hrnet,530,0.988773931809056,0.004296875,0.35060842,0.23262383
3,hrnet,534,0.9891400299720192,0.0030979225,0.27090434,0.13127464
3,hrnet,535,0.9856480459253463,0.089325541,0.11283646,0.1033923
3,hrnet,539,0.9889641275557195,0.021972656,0.33484744,0.18406829
3,hrnet,540,0.9892006930536411,0.0032552083,0.22981149,0.18565617
3,hrnet,549,0.9889639285890907,0.0020008059,0.37022783,0.19804344
3,hrnet,550,0.9888461697457614,0.017578125,0.18922208,0.14445485
3,hrnet,556,0.9895310419008109,0.0090332031,0.19264386,0.10343012
3,hrnet,557,0.9873857279808956,0.016762064,0.36299826,0.25310554
3,hrnet,567,0.9888409618767888,0.030039812,0.036887767,0.024738107
3,hrnet,573,0.9881041930828214,0.12469584,0.77734146,0.38075619
3,hrnet,579,0.9663625776388137,1.9922344,0.1022971,0.25262115
3,hrnet,583,0.9897894757601269,0.05078125,0.29554397,0.19391179
3,hrnet,594,0.9889524147432937,0.0091145833,0.27170014,0.16363694
3,hrnet,595,0.9900808496825011,0.010986328,0.29108582,0.18850199
3,hrnet,596,0.9901418452961276,0.07734375,0.23044873,0.15427491
3,hrnet,598,0.9878656870792936,0.071432956,0.03163573,0.081074979
3,hrnet,599,0.9896088658145431,0.057942708,0.33862227,0.21913166
3,hrnet,604,0.9884846285283397,0.0085287846,0.17238507,0.10474252
3,hrnet,615,0.9853061098872412,0.1338103,1.0603217,0.50594803
3,hrnet,621,0.9899748853227962,0.047991071,0.21875541,0.18617658
3,hrnet,623,0.9903360932824271,0.0043945312,0.216747,0.14833072
3,hrnet,624,0.990538336051048,0.020507812,0.20626139,0.18830213
3,hrnet,629,0.9894556898084701,0.017857143,0.18464256,0.12569768
3,hrnet,636,0.9899779514926839,0.041992188,0.28060068,0.17990028
3,hrnet,650,0.9894542177265243,0.012207031,0.067672769,0.08342922
3,hrnet,653,0.9882867098440968,0.00019863998,0.053947373,0.044928299
3,hrnet,662,0.9892161648334002,0.011474609,0.1552658,0.10228609
3,hrnet,664,0.9898219792268206,0.02109375,0.18271402,0.14115301
3,hrnet,675,0.9889199217147222,0.00625,0.19505752,0.12478578
3,hrnet,689,0.9911448990622979,0.0140625,0.19611615,0.18864815
3,hrnet,691,0.9887076791836839,0.022949219,0.29308585,0.17359675
3,hrnet,696,0.9903625660940494,0.0234375,0.17196929,0.1219144
3,hrnet,698,0.9891368295443524,0.0068359375,0.30529058,0.15593084
3,hrnet,699,0.9825939393923514,0.19718604,0.1121508,0.020701147
3,hrnet,705,0.9905612103345866,0.063232422,0.16658259,0.10269049
3,hrnet,712,0.987057626206715,0.025312145,0.10541152,0.08256595
3,hrnet,713,0.9882145610741012,0.024515185,0.0093198587,0.037610156
3,hrnet,714,0.9891692439953319,0.037109375,0.21143793,0.21034919
3,hrnet,721,0.9887523772842489,0.027832031,0.31655827,0.18979926
3,hrnet,725,0.9894735150416323,0.013020833,0.26320197,0.1769735
3,hrnet,727,0.9858881920082647,0.13813443,1.0711888,0.50690042
3,hrnet,732,0.9886785663794616,0.0053710938,0.21408122,0.15383524
3,hrnet,736,0.9885959743780163,0.0265625,0.26278632,0.17855339
3,hrnet,740,0.9901818984108464,0.022705078,0.27723481,0.19195187
3,hrnet,745,0.9879397593997334,0.10319483,0.6634602,0.36380484
3,hrnet,747,0.989489971264277,0.032924107,0.17587342,0.13880435
3,hrnet,748,0.9898020798380315,0.022614851,0.11223527,0.032698858
3,hrnet,750,0.9894312643616134,0.037887173,0.30318455,0.14358779
3,hrnet,752,0.9884543555322641,0.049804688,0.25456596,0.18707454
3,hrnet,753,0.9894272710024421,0.03125,0.30292611,0.1826086
3,hrnet,757,0.9896264744423396,0.029052734,0.14100796,0.12117269
3,hrnet,765,0.9871777297400883,0.12442763,0.70104894,0.33272485
3,hrnet,766,0.9878848982678745,0.044173023,0.35530826,0.18575002
3,hrnet,768,0.9888742415308773,0.014354067,0.020302911,0.04809257
3,hrnet,771,0.9889019287669801,0.049458923,0.4335815,0.26817637
3,hrnet,779,0.9897962361283933,0.00078125,0.091597029,0.10533018
3,hrnet,782,0.9863487757364824,0.098848749,0.22144652,0.11204448
3,hrnet,784,0.9854917814115686,0.014019688,0.084007914,0.098436539
3,hrnet,793,0.9900280022982734,0.020019531,0.23139339,0.16576617
3,hrnet,795,0.9897797370791854,0.02734375,0.24841306,0.18046292
3,hrnet,807,0.987983247832155,0.014539931,0.26788295,0.17962057
3,hrnet,812,0.9891278041509267,0.022470511,0.25015528,0.12197166
3,hrnet,821,0.9885594998096778,0.025534742,0.30678982,0.16255368
3,segformer,1,0.9887196618265529,0.040364583,0.25308274,0.17786961
3,segformer,2,0.9885889254639014,0.01953125,0.24342538,0.18050699
3,segformer,5,0.9783370751106264,1.4009786,0.25418525,0.18870098
3,segformer,7,0.9869121949078866,0.030078125,0.20393152,0.1654062
3,segformer,11,0.9877482611229569,0.15426603,0.76586818,0.22414738
3,segformer,14,0.9897538149451504,0.044921875,0.33203787,0.21520256
3,segformer,20,0.9882079913482815,0.080566406,0.28549125,0.21842543
3,segformer,33,0.9883392062303084,0.057617188,0.41138209,0.24420748
3,segformer,40,0.9907110916752545,0.02787527,0.75417774,0.29928675
3,segformer,41,0.9875125577647302,0.0098806093,0.23293182,0.062285426
3,segformer,42,0.986870514091675,0.027560764,0.14196217,0.15109997
3,segformer,46,0.9874760963271075,0.023871528,0.28630336,0.19892362
3,segformer,49,0.9881435675195904,0.050537109,0.37048845,0.20624235
3,segformer,61,0.9905346842696043,0.036573261,0.33920567,0.26501856
3,segformer,65,0.9829165113360732,0.37075125,1.4630457,0.75797144
3,segformer,68,0.9805084526025588,0.64033014,0.20264356,0.08876261
3,segformer,71,0.9886613939041157,0.04140625,0.31147578,0.22584301
3,segformer,72,0.988332695519766,0.04140625,0.22847762,0.23060714
3,segformer,89,0.9885409428684286,0.023925781,0.35435457,0.228584
3,segformer,93,0.9887275217950188,0.090820312,0.35989273,0.26259159
3,segformer,95,0.9857097152594304,0.025,0.2195034,0.13875367
3,segformer,102,0.9764881049756594,0.82892324,0.46777231,0.24885085
3,segformer,112,0.9879852518656947,0.054199219,0.17858096,0.17780648
3,segformer,113,0.9885266633872068,0.051897321,0.27796318,0.168366
3,segformer,126,0.9821276284684937,0.014438667,0.0022875062,0.12530893
3,segformer,128,0.9881766913717771,0.0092773438,0.26327765,0.17041416
3,segformer,133,0.9871397843882896,0.024522569,0.22520837,0.15027812
3,segformer,134,0.9885143778843942,0.0296875,0.27305246,0.20112842
3,segformer,139,0.9871725849102465,0.025299842,0.59234502,0.37254639
3,segformer,147,0.9804276016321424,0.62566467,0.41957984,0.18826884
3,segformer,163,0.9883303158497685,0.00546875,0.31807978,0.22384351
3,segformer,165,0.9873797030798654,0.030629028,0.2205275,0.21335945
3,segformer,172,0.9890642531221564,0.068406593,0.10181861,0.087606032
3,segformer,180,0.9888218015654271,0.010742188,0.39038937,0.22909069
3,segformer,184,0.9950271620638514,0.012695312,0.355929,0.21885911
3,segformer,188,0.9891028748266256,0.027734375,0.22629932,0.18669441
3,segformer,189,0.9878022084928566,0.0078125,0.33268298,0.25727455
3,segformer,415,0.9884260479818239,0.020019531,0.33715567,0.24403772
3,segformer,419,0.9877891212164851,0.036376953,0.22359766,0.16854207
3,segformer,421,0.9881656412864894,0.01171875,0.28207332,0.14693494
3,segformer,440,0.9845240359779008,0.11574074,0.0157403,0.058149589
3,segformer,447,0.9879038852792522,0.028808594,0.23808401,0.13329697
3,segformer,456,0.988012791586404,0.00078125,0.32471537,0.22280847
3,segformer,457,0.9890445283862684,0.019921875,0.246208,0.1899475
3,segformer,465,0.988580430504704,0.086181641,0.25084365,0.13436395
3,segformer,470,0.98109794062594,0.060985156,0.063774498,0.078641838
3,segformer,476,0.9878225188845619,0.00390625,0.34628912,0.20822467
3,segformer,484,0.9870919662891592,0.013353391,0.12165915,0.083283679
3,segformer,487,0.9884471711637082,0.035644531,0.35411256,0.2316363
3,segformer,492,0.9884197147283947,0.025878906,0.16073321,0.13744953
3,segformer,499,0.9863136876334101,0.026953125,0.22585237,0.14128977
3,segformer,500,0.9873900652698382,0.095052083,0.53918288,0.31661839
3,segformer,511,0.8846761996414998,4.5619305,3.0152606,0.24679693
3,segformer,530,0.9873521955543131,0.028125,0.41363912,0.26266609
3,segformer,534,0.9878779177086408,0.0058139535,0.26993266,0.15577352
3,segformer,535,0.982015016587189,0.41294999,0.096444317,0.030737362
3,segformer,539,0.9873894971008871,0.0024414062,0.34963041,0.22344594
3,segformer,540,0.9876451477752669,0.01171875,0.3086523,0.23454469
3,segformer,549,0.9876020087874162,0.0051644426,0.34204723,0.17605427
3,segformer,550,0.9877316325595138,0.037109375,0.26513739,0.17452149
3,segformer,556,0.9881943422418668,0.0090332031,0.20249249,0.12540859
3,segformer,557,0.985381242404974,0.025821345,0.50199484,0.33183971
3,segformer,567,0.9871762437726381,0.03655447,0.036103541,0.091410678
3,segformer,573,0.9868901391502889,0.12622756,0.71445015,0.41032987
3,segformer,579,0.9646749670303267,2.023119,0.046862147,0.25263
3,segformer,583,0.988782540980208,0.026171875,0.32273181,0.19212736
3,segformer,594,0.987535629739772,0.053385417,0.33676833,0.18563296
3,segformer,595,0.988441217506802,0.050537109,0.30538099,0.1953844
3,segformer,596,0.9888468897279492,0.0328125,0.31542013,0.21055465
3,segformer,598,0.985672290048749,0.02311879,0.11650843,0.10465022
3,segformer,599,0.9882670176388069,0.00032552083,0.37697242,0.24976735
3,segformer,604,0.9872870793511446,0.014627752,0.0064842061,0.062800575
3,segformer,615,0.9840726178027522,0.14720746,0.78730851,0.38949232
3,segformer,621,0.9891951305495142,0.012834821,0.25856096,0.21867005
3,segformer,623,0.9894280243002554,0.038574219,0.282494,0.16797736
3,segformer,624,0.9889178617980665,0.0068359375,0.18196622,0.18814746
3,segformer,629,0.9875507400471989,0.0041852679,0.25317082,0.1877026
3,segformer,636,0.988634088026052,0.021240234,0.32102625,0.20840204
3,segformer,650,0.9878561911206575,0.062988281,0.2348266,0.16226708
3,segformer,653,0.9861978731139033,0.049221729,0.17511843,0.023772834
3,segformer,662,0.9874535763074083,0.020996094,0.27048125,0.164262
3,segformer,664,0.9882517508945982,0.022265625,0.26275997,0.2010889
3,segformer,675,0.9872590057736897,0.005078125,0.24935256,0.17561421
3,segformer,689,0.9901371318011208,0.037109375,0.21888752,0.21565344
3,segformer,691,0.9868396124276099,0.0051269531,0.34921251,0.21733016
3,segformer,696,0.9884023053658129,0.01171875,0.1550191,0.11663555
3,segformer,698,0.9874777570858784,0.034505208,0.3807179,0.21057927
3,segformer,699,0.9801582176283821,0.22606054,0.78547034,0.39780096
3,segformer,705,0.9892013429014143,0.052978516,0.21563013,0.14040491
3,segformer,712,0.9855612065374496,0.015239489,0.12583763,0.058749534
3,segformer,713,0.9860190507614015,0.016232822,0.018667184,0.051108815
3,segformer,714,0.9881478121780476,0.033203125,0.26184254,0.2266049
3,segformer,721,0.98755128683212,0.0043945312,0.34168606,0.2194803
3,segformer,725,0.9879508407128514,0.059895833,0.35883522,0.23734247
3,segformer,727,0.9853924544118916,0.068540777,0.5186597,0.24971485
3,segformer,732,0.9873284461613104,0.025878906,0.287842,0.20405716
3,segformer,736,0.987693242677681,0.053125,0.29150989,0.21466079
3,segformer,740,0.9886980745088385,0.00073242188,0.32908981,0.20648136
3,segformer,745,0.986470106964961,0.048750385,0.81191867,0.43455032
3,segformer,747,0.987634787937691,0.068917411,0.24068006,0.18999758
3,segformer,748,0.9886031700416716,0.012710089,0.13402831,0.085274237
3,segformer,750,0.9872720217296,0.05427294,0.30867942,0.133335
3,segformer,752,0.986157336768844,0.036132812,0.1905873,0.18554293
3,segformer,753,0.9875694532130102,0.0094401042,0.34498257,0.19957626
3,segformer,757,0.9881823002933224,0.041748047,0.23320121,0.18123833
3,segformer,765,0.9852950464190382,0.16107476,0.80217497,0.38542303
3,segformer,766,0.9858256789780846,0.06159376,0.014138244,0.020906457
3,segformer,768,0.9873255868206754,0.038094849,0.21961474,0.083285047
3,segformer,771,0.9875704342049061,0.17772289,0.4293961,0.21985814
3,segformer,779,0.9886855068695994,0.02734375,0.14408147,0.1315569
3,segformer,782,0.9839197027046644,0.10369661,0.1687203,0.16322989
3,segformer,784,0.9832941754992738,0.029051598,0.022355028,0.054968953
3,segformer,793,0.9887963737875534,0.0017089844,0.29240789,0.207176
3,segformer,795,0.988889857437544,0.019205729,0.30521966,0.20557206
3,segformer,807,0.9863255038886538,0.022352431,0.32806592,0.21266358
3,segformer,812,0.9872455935936766,0.04243982,0.19000037,0.11303726
3,segformer,821,0.9871730613821311,0.0020586298,0.32836952,0.14301409
4,unet,8,0.9895251481255591,0.0043945312,0.27854363,0.16572539
4,unet,28,0.9879514883643613,0.27364484,0.11788653,0.082473079
4,unet,29,0.9886808448626742,0.1205624,0.17324045,0.099227221
4,unet,31,0.9890932204599785,0.033203125,0.14314234,0.12130469
4,unet,34,0.9899477833654753,0.020368304,0.1528469,0.094549459
4,unet,37,0.992771401372201,0.076257436,1.8650074,0.85774891
4,unet,38,0.992478644113099,0.16890319,0.5079397,0.21474229
4,unet,50,0.9899834672700467,0.046875,0.26210948,0.16517719
4,unet,52,0.9878314774416472,0.0043846232,0.073631823,0.047976164
4,unet,63,0.9291264493409436,,,
4,unet,64,0.9844168272388888,0.18493259,1.3105165,0.78810616
4,unet,80,0.9892344845631394,0.023875126,0.17255484,0.083920346
4,unet,81,0.9867156548678844,0.020190774,0.11718312,0.07238498
4,unet,83,0.991686635800982,0.014280663,0.0041713768,0.018759661
4,unet,91,0.989864012513252,0.016845703,0.16083266,0.086189477
4,unet,92,0.9891316771079568,0.033613445,0.24480941,0.17680453
4,unet,100,0.9894035068692111,0.073567708,0.23741522,0.1233268
4,unet,105,0.9901597831016706,0.018694196,0.2055291,0.1342689
4,unet,106,0.9894573861630027,0.027901786,0.19847472,0.17936016
4,unet,110,0.9906510388575005,0.022135417,0.26223729,0.21284869
4,unet,114,0.9903669125408422,0.016113281,0.20350921,0.17765127
4,unet,115,0.9907709265494747,0.0375,0.16347052,0.12499537
4,unet,119,0.9898156746350881,0.026123047,0.22732381,0.15923828
4,unet,123,0.9740792253283731,2.390199,0.11826784,0.092090822
4,unet,125,0.9887826765502739,0.019748264,0.15808575,0.12145714
4,unet,137,0.9869044376077265,0.4952924,0.15484321,0.090221182
4,unet,138,0.9896182688312642,0.028125,0.18558084,0.15694816
4,unet,145,0.9826798668943816,1.705062,0.033661764,0.13560868
4,unet,146,0.9886811384927086,0.031563582,0.3032309,0.19308067
4,unet,153,0.9887002156380755,0.012555804,0.19092527,0.10812835
4,unet,174,0.9909267279380441,0.015625,0.1709636,0.13121528
4,unet,176,0.9916725536781398,0.030612551,0.49265368,0.3175451
4,unet,178,0.9941495577336547,0.29166667,0.11911655,0.087561053
4,unet,181,0.9906059479840027,0.018229167,0.2011041,0.14000883
4,unet,182,0.9885616464996393,0.079520089,0.058138361,0.036724934
4,unet,190,0.9906238946800849,0.011962891,0.16576314,0.1332832
4,unet,409,0.9922463846505534,0.023318072,0.11522415,0.0088079488
4,unet,420,0.9873921067478946,0.12817383,0.40682274,0.22262709
4,unet,426,0.9890574883838519,0.0234375,0.27996123,0.18347306
4,unet,427,0.9901390830806901,0.005921527,0.24626911,0.098049959
4,unet,428,0.9900841988280633,0.0061848958,0.27879185,0.1743087
4,unet,438,0.9809075420404864,0.64786357,0.33895651,0.0067266483
4,unet,443,0.9900996238260199,0.03359375,0.15460613,0.12162267
4,unet,444,0.988687097993456,0.026988315,0.3253955,0.13453283
4,unet,448,0.9892892191214643,0.008984375,0.24089394,0.13103514
4,unet,449,0.9905504254746912,0.014453125,0.22123722,0.11813649
4,unet,450,0.9888308706432701,0.032774797,0.067362124,0.088909458
4,unet,453,0.9871028369311803,0.37923484,0.62797691,0.082791182
4,unet,458,0.9896984442019401,0.03125,0.22160189,0.13849008
4,unet,459,0.9891825146297019,0.068877824,0.20916535,0.090937578
4,unet,464,0.9897120345406154,0.0056152344,0.15252131,0.093940165
4,unet,478,0.9891521388519896,0.0051269531,0.22850127,0.12922852
4,unet,480,0.9895476000096789,0.032714844,0.18614842,0.10436683
4,unet,483,0.9893129535032422,0.073381696,0.20306653,0.12730801
4,unet,488,0.9889825953939194,0.044084821,0.24336412,0.15762642
4,unet,498,0.9895237478497136,0.012817388,0.11585282,0.082010823
4,unet,501,0.9894993067801633,0.0390625,0.25865859,0.20774864
4,unet,502,0.9894294407319489,0.020368304,0.27714379,0.17219182
4,unet,503,0.9901445143519094,0.031738281,0.21981301,0.14931966
4,unet,504,0.9909075797864105,0.0048828125,0.19341634,0.083760554
4,unet,509,0.9899722552510305,0.055664062,0.17586084,0.12790022
4,unet,512,0.9891811379999663,0.066894531,0.24684593,0.1750426
4,unet,515,0.9898334515842733,0.027734375,0.23855155,0.16704952
4,unet,518,0.9529815998675363,6.3561644,14.396791,7.4013156
4,unet,524,0.9898148612701447,0.02891693,0.090539602,0.087269183
4,unet,527,0.9884176893459826,0.04795093,0.22553329,0.16762696
4,unet,528,0.9898493437344233,0.042317708,0.21242995,0.13688531
4,unet,529,0.9904874694367068,0.036887063,0.14338286,0.12590672
4,unet,552,0.9891442514201678,0.003878976,0.23417402,0.13663043
4,unet,558,0.9893577410241554,0.019029054,0.079361054,0.0078416735
4,unet,561,0.9892954276006075,0.076171875,0.37837091,0.22951572
4,unet,564,0.9882241151109816,0.01171875,0.28100786,0.20810544
4,unet,574,0.9901251922414281,0.005859375,0.23753512,0.13790772
4,unet,578,0.9891424940961822,0.0046875,0.21641393,0.14184122
4,unet,582,0.9902326448773949,0.01953125,0.24309414,0.1645361
4,unet,593,0.9833612582087007,0.2016059,0.52434282,0.32330231
4,unet,597,0.9898153436122312,0.06796875,0.1790738,0.11012895
4,unet,600,0.9899493464520757,0.019252232,0.17877621,0.11766954
4,unet,603,0.9906896893253403,0.038085938,0.16086438,0.10300829
4,unet,610,0.9860719237846659,0.082996776,0.23013116,0.067525977
4,unet,612,0.98970284770843,0.014453125,0.18284789,0.11988515
4,unet,613,0.9898627824708734,0.047265625,0.24495593,0.13890183
4,unet,617,0.988793702790393,0.013934426,0.038358083,0.077081753
4,unet,618,0.9891285738733958,0.00049668425,0.088442344,0.09153573
4,unet,619,0.9899806472152874,0.017333984,0.26911205,0.17182764
4,unet,620,0.9899537553813096,0.016113281,0.25527776,0.17487823
4,unet,641,0.9898981670049579,0.051757812,0.23809636,0.16504303
4,unet,660,0.9898590633341227,0.025390625,0.26224927,0.1586846
4,unet,663,0.9897368053436076,0.027669271,0.2012679,0.12801446
4,unet,671,0.9329644183263042,0.21591285,0.62509319,0.45269214
4,unet,680,0.9891831458304952,0.002358543,0.17353571,0.11539951
4,unet,685,0.9884260168985469,0.0021701389,0.21342368,0.14608841
4,unet,692,0.9877514445502655,0.024936187,0.14961212,0.12753728
4,unet,697,0.9901574063631314,0.0069760388,0.078014781,0.093385257
4,unet,700,0.9884811280456238,0.004113331,0.10251901,0.09146449
4,unet,701,0.9898295351500711,0.061662946,0.17884015,0.11652702
4,unet,703,0.9898188263089209,0.0234375,0.2197487,0.12778577
4,unet,706,0.9902460238558335,0.021875,0.27951377,0.18868705
4,unet,715,0.9904237754534395,0.0024414062,0.24323097,0.19004263
4,unet,743,0.9900627366853104,0.01015625,0.18508281,0.13098938
4,unet,749,0.9893173175132126,0.067686956,0.25245685,0.1000602
4,unet,751,0.989825456420481,0.033984375,0.28118869,0.17544564
4,unet,759,0.9889287363803231,0.043552036,0.15419343,0.085041058
4,unet,774,0.9897043856942324,0.02734375,0.22696886,0.14296988
4,unet,775,0.9562224026505064,7.2724609,0.11672733,0.003264753
4,unet,786,0.9900341465660449,0.043619792,0.1647934,0.12893167
4,unet,788,0.9896074420256684,0.02710563,0.52004377,0.2558826
4,unet,792,0.9890595666358499,0.053515625,0.33400674,0.20018874
4,unet,794,0.989287241463564,0.029737778,0.1114063,0.13579751
4,unet,799,0.9873443190267929,0.10170101,0.52785649,0.29573721
4,unet,800,0.9888307603417222,0.060551274,0.19504569,0.093420311
4,unet,808,0.9883892180696726,0.049801856,0.12474416,0.079995515
4,unet,813,0.9904075095488186,0.011067708,0.2079469,0.14664222
4,unet,814,0.9897460728004378,0.027777778,0.20698465,0.11338989
4,unet,816,0.9904649846970459,0.023193359,0.14965746,0.11394039
4,unet,817,0.9892618999499762,0.03203125,0.14545197,0.10336747
4,unet,820,0.9898391712176318,0.01171875,0.21585017,0.14332579
4,deeplabv3plus,8,0.9864185506258438,0.014648438,0.49603694,0.30739386
4,deeplabv3plus,28,0.9867740461345466,0.054199219,0.295235,0.1853171
4,deeplabv3plus,29,0.9862008201330325,0.011474609,0.36456646,0.24494248
4,deeplabv3plus,31,0.9863861207640697,0.010253906,0.24743813,0.18102279
4,deeplabv3plus,34,0.9869123400866205,0.032924107,0.39551912,0.26235491
4,deeplabv3plus,37,0.9918187441996661,0.050020453,0.2335153,0.056517307
4,deeplabv3plus,38,0.9895716566451055,0.098157627,0.15596559,0.079717355
4,deeplabv3plus,50,0.9867741994028504,0.10058594,0.42766311,0.2627081
4,deeplabv3plus,52,0.9848711722642757,0.005121724,0.33909843,0.27664315
4,deeplabv3plus,63,0.9740462112485287,,,
4,deeplabv3plus,64,0.9801386279704863,0.093545884,1.0762537,0.72020063
4,deeplabv3plus,80,0.985714493320856,0.011502593,0.2287133,0.15908442
4,deeplabv3plus,81,0.9848702511388222,0.045355903,0.34224235,0.20470282
4,deeplabv3plus,83,0.9895502255841256,0.0091924374,0.64609299,0.31531856
4,deeplabv3plus,91,0.9869899020454427,0.078613281,0.36097687,0.23754653
4,deeplabv3plus,92,0.9854809060402905,0.12757128,0.33382526,0.27913818
4,deeplabv3plus,100,0.9868324798820641,0.00032552083,0.39128234,0.22784762
4,deeplabv3plus,105,0.9872430218085304,0.044363839,0.35683634,0.23590781
4,deeplabv3plus,106,0.9863955138919045,0.029575893,0.3634307,0.28103821
4,deeplabv3plus,110,0.9869047984983755,0.005859375,0.50618856,0.3457426
4,deeplabv3plus,114,0.9877681283207719,0.026855469,0.35770005,0.27818262
4,deeplabv3plus,115,0.9884752848508427,0.025390625,0.31489422,0.22026784
4,deeplabv3plus,119,0.9873288024196608,0.039794922,0.42334705,0.25302806
4,deeplabv3plus,123,0.9757912621992177,2.1041025,0.16876064,0.14704325
4,deeplabv3plus,125,0.9859584859578456,0.03125,0.34437036,0.21436752
4,deeplabv3plus,137,0.98675452609093,0.074462891,0.3977353,0.22750484
4,deeplabv3plus,138,0.9869536978632802,0.01328125,0.34051305,0.25388689
4,deeplabv3plus,145,0.985585959809974,0.67705863,0.1841655,0.15826708
4,deeplabv3plus,146,0.9837990941154405,0.03727671,0.77338124,0.47790212
4,deeplabv3plus,153,0.9860116633831646,0.064174107,0.26924594,0.19176895
4,deeplabv3plus,174,0.988043478259902,0.051171875,0.36598942,0.2317619
4,deeplabv3plus,176,0.9884594548350618,0.041428082,0.32464736,0.25232197
4,deeplabv3plus,178,0.9947332193865517,0.20898438,0.27013323,0.16163536
4,deeplabv3plus,181,0.9877571975822537,0.0071614583,0.31240245,0.23223759
4,deeplabv3plus,182,0.9822447980978927,0.18191964,0.22552274,0.087729805
4,deeplabv3plus,190,0.9878004958849954,0.021972656,0.32415264,0.22332373
4,deeplabv3plus,409,0.9902015576539714,0.068833827,0.45568293,0.15517928
4,deeplabv3plus,420,0.983026578388201,0.035644531,0.69351535,0.37836956
4,deeplabv3plus,426,0.9855425559805213,0.08203125,0.39904203,0.27226234
4,deeplabv3plus,427,0.986287617227422,0.030561785,0.27563662,0.19602401
4,deeplabv3plus,428,0.9867987362300514,0.050455729,0.35554951,0.22759582
4,deeplabv3plus,438,0.9759441467764404,0.81289313,0.092857028,0.13026393
4,deeplabv3plus,443,0.9876197753170044,0.005078125,0.2631327,0.20115716
4,deeplabv3plus,444,0.9842392809474254,0.0361806,0.095001827,0.085992651
4,deeplabv3plus,448,0.986960339254435,0.057421875,0.28974455,0.20159256
4,deeplabv3plus,449,0.9879875179737369,0.00546875,0.33795744,0.2255621
4,deeplabv3plus,450,0.9836343073401804,0.10018155,0.092060593,0.12160355
4,deeplabv3plus,453,0.982384193063789,0.36139744,0.97563891,0.26898802
4,deeplabv3plus,458,0.9864636642777722,0.029052734,0.43940465,0.29113537
4,deeplabv3plus,459,0.9858461057232598,0.0064535026,0.26851588,0.20105712
4,deeplabv3plus,464,0.9868732685920504,0.021484375,0.35013939,0.21712421
4,deeplabv3plus,478,0.985861749384177,0.021972656,0.41268086,0.27027428
4,deeplabv3plus,480,0.9862964298587229,0.0085449219,0.31398213,0.21992789
4,deeplabv3plus,483,0.9862130721065698,0.11104911,0.37134822,0.24730976
4,deeplabv3plus,488,0.9861163691923911,0.079799107,0.38373924,0.24873707
4,deeplabv3plus,498,0.9860085614955425,0.0027041644,0.29173622,0.1654184
4,deeplabv3plus,501,0.986118211490042,0.048828125,0.44432281,0.33078201
4,deeplabv3plus,502,0.9864250912558268,0.05078125,0.45277345,0.27185531
4,deeplabv3plus,503,0.9878170095167481,0.076660156,0.34084616,0.2382354
4,deeplabv3plus,504,0.9886821280580352,0.021484375,0.32097821,0.18018678
4,deeplabv3plus,509,0.9874165670856826,0.0043945312,0.32859362,0.25729344
4,deeplabv3plus,512,0.9854210605158692,0.069824219,0.51117316,0.35012199
4,deeplabv3plus,515,0.9857475547266085,0.0171875,0.3440431,0.26578336
4,deeplabv3plus,518,0.9961892806699423,0.074832798,0.46260215,0.30456348
4,deeplabv3plus,524,0.9873814267621676,0.0094637224,0.42385965,0.27444548
4,deeplabv3plus,527,0.9842210265389224,0.063836514,0.27829126,0.10467163
4,deeplabv3plus,528,0.987029312152424,0.041666667,0.3481477,0.24306996
4,deeplabv3plus,529,0.9876751823414407,0.1006865,0.36218075,0.23577893
4,deeplabv3plus,552,0.985212731050359,0.011428404,0.30326331,0.2132644
4,deeplabv3plus,558,0.9858554032758495,0.051771942,0.055319944,0.10963631
4,deeplabv3plus,561,0.9860859465726062,0.15136719,0.47896065,0.33479562
4,deeplabv3plus,564,0.9842886213320465,0.092447917,0.34348819,0.28975748
4,deeplabv3plus,574,0.9870881660046372,0.016741071,0.34418724,0.23328778
4,deeplabv3plus,578,0.9858553130201362,0.06640625,0.34285426,0.23389677
4,deeplabv3plus,582,0.9866464693533131,0.10693359,0.3432938,0.25952088
4,deeplabv3plus,593,0.9786709767918156,0.21592882,0.73946092,0.50368065
4,deeplabv3plus,597,0.9872970328063512,0.022265625,0.32998539,0.20673441
4,deeplabv3plus,600,0.9867502979903867,0.0013950893,0.37797951,0.2435351
4,deeplabv3plus,603,0.9875660065998453,0.12923177,0.3211855,0.21095429
4,deeplabv3plus,610,0.980250531398298,0.016122257,0.38367979,0.20924472
4,deeplabv3plus,612,0.9864175520667514,0.019140625,0.29079183,0.19660827
4,deeplabv3plus,613,0.9873216365400213,0.027734375,0.37135186,0.23053738
4,deeplabv3plus,617,0.9848730797268863,0.01458808,0.28454443,0.24245019
4,deeplabv3plus,618,0.9847491245209927,0.035860057,0.19163331,0.18062717
4,deeplabv3plus,619,0.9873546982670878,0.036376953,0.39021062,0.2643117
4,deeplabv3plus,620,0.987402934619585,0.033935547,0.40444226,0.29115216
4,deeplabv3plus,641,0.9852437111474057,0.11132812,0.48139646,0.3336598
4,deeplabv3plus,660,0.9863593459783553,0.069921875,0.47284111,0.32994546
4,deeplabv3plus,663,0.9866134489660436,0.10807292,0.40606502,0.29395022
4,deeplabv3plus,671,0.9826179766696223,0.059171598,1.1278631,0.57668249
4,deeplabv3plus,680,0.9847646976665483,0.20994887,0.1018951,0.13697604
4,deeplabv3plus,685,0.9842812362977899,0.074435764,0.36945001,0.23924604
4,deeplabv3plus,692,0.9823646973186306,0.041243123,0.29327693,0.23027896
4,deeplabv3plus,697,0.9871631258907085,0.044585987,0.13980961,0.11983282
4,deeplabv3plus,700,0.978103584438783,0.20535574,0.15212221,0.12257491
4,deeplabv3plus,701,0.9866860780874821,0.053571429,0.31449418,0.19649644
4,deeplabv3plus,703,0.986827690712481,0.038818359,0.34140551,0.22282998
4,deeplabv3plus,706,0.9862976866348294,0.031640625,0.35324479,0.26269006
4,deeplabv3plus,715,0.9875498403271677,0.0056152344,0.40355153,0.29369623
4,deeplabv3plus,743,0.9867734900910337,0.040625,0.43743147,0.2983421
4,deeplabv3plus,749,0.9853292014056109,0.12204456,0.33787433,0.20821951
4,deeplabv3plus,751,0.9865977316293661,0.026171875,0.42764018,0.2887983
4,deeplabv3plus,759,0.986025667140645,0.036036209,0.59615762,0.33536455
4,deeplabv3plus,774,0.9865366284054401,0.0390625,0.35767511,0.26933372
4,deeplabv3plus,775,0.9517347914016673,7.1474609,0.32648681,0.19413369
4,deeplabv3plus,786,0.985626156691879,0.075520833,0.48205542,0.31217597
4,deeplabv3plus,788,0.9854253065593797,0.05627253,0.57973156,0.33431329
4,deeplabv3plus,792,0.9858675860275015,0.034375,0.55676902,0.37771764
4,deeplabv3plus,794,0.9863742144363777,0.054211713,0.19087048,0.16621293
4,deeplabv3plus,799,0.9837511186178559,0.060035592,0.92218315,0.49013312
4,deeplabv3plus,800,0.9856736587754339,0.12666243,0.87624268,0.43569063
4,deeplabv3plus,808,0.9830968394568959,0.030538848,0.15638448,0.21555206
4,deeplabv3plus,813,0.9869654464582732,0.014973958,0.28372102,0.22719539
4,deeplabv3plus,814,0.9866058043548045,0.021701389,0.30977138,0.19444907
4,deeplabv3plus,816,0.9875225679602498,0.035644531,0.25358113,0.20202953
4,deeplabv3plus,817,0.9869110702907388,0.01640625,0.27277993,0.16803564
4,deeplabv3plus,820,0.9856427174960507,0.00390625,0.33095206,0.24444942
4,hrnet,8,0.9892037950290267,0.019287109,0.32520404,0.17910987
4,hrnet,28,0.987841200920688,0.011230469,0.18900185,0.127207
4,hrnet,29,0.9872234279053388,0.51556821,0.15945641,0.082082352
4,hrnet,31,0.989134361136573,0.045410156,0.23858573,0.16313636
4,hrnet,34,0.9897419359258746,0.028738839,0.22412914,0.14256406
4,hrnet,37,0.9926088739940774,0.0095355836,0.54641837,0.22241378
4,hrnet,38,0.9927145835984572,0.10119207,0.31695381,0.14604925
4,hrnet,50,0.9897286199643955,0.061035156,0.28169062,0.19205914
4,hrnet,52,0.9856855123906301,0.52306799,0.11916986,0.11670403
4,hrnet,63,0.9994709683010279,,,
4,hrnet,64,0.984078945665381,0.14005655,2.2255323,1.3538013
4,hrnet,80,0.9887535827026482,0.025717703,0.12888277,0.025167688
4,hrnet,81,0.9884641276847939,0.017144097,0.27153687,0.16063886
4,hrnet,83,0.9916324156642174,0.036493826,0.61041601,0.33100072
4,hrnet,91,0.9895935164447733,0.021972656,0.17243329,0.10760061
4,hrnet,92,0.9887951105926859,0.076430572,0.22263763,0.14553103
4,hrnet,100,0.9891915339698617,0.038085938,0.28065473,0.1567295
4,hrnet,105,0.9899522387231153,0.035993304,0.22964727,0.1462482
4,hrnet,106,0.9890980750951972,0.044921875,0.22043058,0.19047353
4,hrnet,110,0.9904351174416782,0.033854167,0.31744914,0.24135149
4,hrnet,114,0.9901653363728262,0.021484375,0.2004822,0.19133768
4,hrnet,115,0.9907502569363816,0.01875,0.16158688,0.12290947
4,hrnet,119,0.9894563686683646,0.049804688,0.231341,0.17855932
4,hrnet,123,0.9754105362757178,2.5640295,0.11713527,0.014676153
4,hrnet,125,0.9882694896181158,0.033854167,0.17691055,0.12250764
4,hrnet,137,0.9872518327976263,0.66134627,0.12342933,0.092012968
4,hrnet,138,0.9893168029534336,0.015625,0.22283041,0.19276091
4,hrnet,145,0.9810312087176137,1.7317845,0.096691924,0.14700635
4,hrnet,146,0.9880059236038674,0.0077736049,0.48905602,0.26395822
4,hrnet,153,0.9884431045137689,0.034598214,0.2155954,0.12590549
4,hrnet,174,0.9906988140733208,0.015234375,0.22617886,0.16712076
4,hrnet,176,0.9913085052477281,0.11409696,1.0995511,0.5788054
4,hrnet,178,0.9953269943436552,0.22135417,0.20406516,0.12208565
4,hrnet,181,0.9903176813053803,0.024088542,0.23774373,0.16142935
4,hrnet,182,0.9889914966111011,0.053013393,0.21897965,0.15806435
4,hrnet,190,0.9905200482086486,0.0087890625,0.19088851,0.16093036
4,hrnet,409,0.9919315579746931,0.012597984,0.31044273,0.09649181
4,hrnet,420,0.9868846636810545,0.1081543,0.42409079,0.22507183
4,hrnet,426,0.9888137687098698,0.025716146,0.26126075,0.17364556
4,hrnet,427,0.9901507439058616,0.041409911,0.073780558,0.042043944
4,hrnet,428,0.9898063026459231,0.049153646,0.27870246,0.19441285
4,hrnet,438,0.9804325638535625,0.67860771,0.2320726,0.046518199
4,hrnet,443,0.9899836678991648,0.012109375,0.16415247,0.13723552
4,hrnet,444,0.9881838129574665,0.016138406,0.12087617,0.13959847
4,hrnet,448,0.9892885183375806,0.014453125,0.26936646,0.15608514
4,hrnet,449,0.9904633219745129,0.01953125,0.26407719,0.14685724
4,hrnet,450,0.9882501111268424,0.061439589,0.08495659,0.10103503
4,hrnet,453,0.9867919641858842,0.38590802,0.76959063,0.11861814
4,hrnet,458,0.9894281872312292,0.011230469,0.21165921,0.13480814
4,hrnet,459,0.9887584767857861,0.087690066,0.30331447,0.15267142
4,hrnet,464,0.9893768180453898,0.0063476562,0.16459992,0.095979346
4,hrnet,478,0.9887923806103776,0.017822266,0.26012521,0.1407267
4,hrnet,480,0.9892580580677469,0.026123047,0.18105258,0.10577038
4,hrnet,483,0.9893101449267715,0.092354911,0.21978266,0.14105936
4,hrnet,488,0.9889884992516665,0.051060268,0.28211368,0.16499011
4,hrnet,498,0.9894728510361727,0.0032449973,0.23246112,0.11643955
4,hrnet,501,0.9891940425457093,0.036783854,0.28401269,0.22625728
4,hrnet,502,0.9891321393838495,0.026506696,0.33222203,0.19763402
4,hrnet,503,0.9899014717794173,0.020019531,0.20723992,0.14147614
4,hrnet,504,0.990591207931819,0.021809896,0.20358057,0.10831322
4,hrnet,509,0.9897123148276203,0.029541016,0.16090977,0.12663795
4,hrnet,512,0.9888565555775088,0.090332031,0.27564179,0.19508852
4,hrnet,515,0.9896292285854402,0.026953125,0.24514753,0.16415922
4,hrnet,518,0.9972305389214092,0.099315068,0.45076865,0.24314872
4,hrnet,524,0.9890704903226347,0.060462671,0.083475353,0.081676588
4,hrnet,527,0.9881518595154387,0.056680319,0.24374546,0.17244029
4,hrnet,528,0.9897535397583586,0.041666667,0.20691863,0.14707215
4,hrnet,529,0.9901154628532504,0.047943106,0.19580768,0.14768786
4,hrnet,552,0.9887512417453188,0.00077579519,0.25013265,0.13573037
4,hrnet,558,0.9890555412660992,0.0011949336,0.057517175,0.064806772
4,hrnet,561,0.9892351867555722,0.095703125,0.37776404,0.22926187
4,hrnet,564,0.9879881917809135,0.013020833,0.28822312,0.21996951
4,hrnet,574,0.9898873198258713,0.025390625,0.27026463,0.15895568
4,hrnet,578,0.9891487868258407,0.028515625,0.2390513,0.1495877
4,hrnet,582,0.989707305131206,0.0087890625,0.24830229,0.17800043
4,hrnet,593,0.9833775701157189,0.19357639,0.51293324,0.29969186
4,hrnet,597,0.9896813989119876,0.078125,0.16147184,0.12592283
4,hrnet,600,0.9899092854951512,0.010044643,0.23149731,0.14773015
4,hrnet,603,0.9908231873515349,0.087565104,0.16483899,0.10734014
4,hrnet,610,0.9855819950760992,0.08266488,0.32513637,0.1216369
4,hrnet,612,0.9896378404588768,0.010546875,0.2124946,0.13851487
4,hrnet,613,0.9898982234143152,0.066015625,0.29220736,0.18423478
4,hrnet,617,0.9884254075258561,0.0026320919,0.28818837,0.1752048
4,hrnet,618,0.9887955714914932,0.011016193,0.20638011,0.15163272
4,hrnet,619,0.9902170384022652,0.0068359375,0.26641206,0.16813597
4,hrnet,620,0.9897919120527889,0.0087890625,0.26234434,0.17328124
4,hrnet,641,0.9893620735797793,0.080078125,0.31887216,0.21458697
4,hrnet,660,0.9894296052354054,0.061328125,0.3052971,0.18128966
4,hrnet,663,0.9896269993909441,0.0546875,0.24356183,0.14723577
4,hrnet,671,0.9858341277388258,0.10137388,0.94469041,0.50700593
4,hrnet,680,0.9889553741178434,0.019495301,0.19111762,0.14690364
4,hrnet,685,0.9881757199375126,0.013888889,0.26115987,0.18017369
4,hrnet,692,0.9875636651331482,0.012483672,0.20602544,0.14377307
4,hrnet,697,0.9900971501123349,0.0033363664,0.072268689,0.084064768
4,hrnet,700,0.98822569437741,0.013803976,0.14369773,0.12096606
4,hrnet,701,0.98954129826873,0.080078125,0.20728999,0.12979001
4,hrnet,703,0.9896925490910472,0.0075683594,0.23871299,0.15135411
4,hrnet,706,0.9898201174352601,0.004296875,0.24705763,0.19075655
4,hrnet,715,0.9902269572071664,0.014648438,0.2517148,0.19003997
4,hrnet,743,0.989992404100845,0.024609375,0.24273639,0.15158626
4,hrnet,749,0.9887132904992385,0.079372002,0.006497613,0.040207988
4,hrnet,751,0.9896834342691576,0.03828125,0.28884338,0.17653263
4,hrnet,759,0.989140628184094,0.05423779,0.41411006,0.19385928
4,hrnet,774,0.9894427874820579,0.047851562,0.2459616,0.17233156
4,hrnet,775,0.9559031292748535,7.2373047,0.088767679,0.0045531284
4,hrnet,786,0.9896646016453372,0.048828125,0.2123322,0.11918553
4,hrnet,788,0.9894068429687891,0.023997113,0.59241959,0.31345413
4,hrnet,792,0.9886529676133421,0.038671875,0.30594531,0.20339205
4,hrnet,794,0.9892182681691435,0.043374142,0.13584593,0.13131124
4,hrnet,799,0.9875685741597588,0.06650591,0.43302804,0.26334136
4,hrnet,800,0.9884249601495679,0.076671747,0.52659308,0.25828976
4,hrnet,808,0.9880744439642795,0.024555659,0.054053742,0.056189603
4,hrnet,813,0.9898862741059588,0.00032552083,0.22254141,0.1510764
4,hrnet,814,0.9893853687230026,0.034505208,0.22118538,0.12677209
4,hrnet,816,0.9904570212267033,0.010742188,0.17945898,0.13460731
4,hrnet,817,0.9893759322513695,0.0328125,0.16402702,0.10633892
4,hrnet,820,0.9895207061652064,0.021484375,0.23909248,0.15884455
4,segformer,8,0.9874212693792469,0.061035156,0.37777376,0.23694098
4,segformer,28,0.986744015292679,0.16992057,0.185775,0.13511594
4,segformer,29,0.9868192831696037,0.19127664,0.24969788,0.15245113
4,segformer,31,0.9880797760253585,0.0014648438,0.17303417,0.15344477
4,segformer,34,0.9884692421658149,0.055524554,0.29197932,0.1837673
4,segformer,37,0.9919855802323935,0.009955483,0.24282001,0.082417092
4,segformer,38,0.991672691701619,0.10878135,0.44251326,0.21571029
4,segformer,50,0.9880803998203056,0.052246094,0.31111535,0.23028574
4,segformer,52,0.9866532546609058,0.013516835,0.31731289,0.18224604
4,segformer,63,0.9841565784448888,,,
4,segformer,64,0.9839543844211632,0.16978824,2.2647971,1.3397595
4,segformer,80,0.9882471017745883,0.0054486326,0.24340823,0.13420864
4,segformer,81,0.9867710530261465,0.020833333,0.27088505,0.17636462
4,segformer,83,0.9907411715434554,0.011980142,0.61343941,0.31360106
4,segformer,91,0.9880402523009042,0.012207031,0.25138335,0.16217381
4,segformer,92,0.987064759254005,0.049619848,0.30065738,0.20872299
4,segformer,100,0.9880359013246397,0.056966146,0.33001634,0.16883995
4,segformer,105,0.9885951697992196,0.051618304,0.31846415,0.20848037
4,segformer,106,0.9878694542302286,0.028180804,0.29974242,0.23343675
4,segformer,110,0.9893607193431833,0.049479167,0.33908355,0.24782665
4,segformer,114,0.9893749629002322,0.012207031,0.25872447,0.19957588
4,segformer,115,0.9895326579196139,0.018359375,0.17874056,0.13149316
4,segformer,119,0.9880696644207851,0.083251953,0.28318634,0.19137877
4,segformer,123,0.9733998228398193,2.1555636,0.22594618,0.19602529
4,segformer,125,0.9873889794877707,0.0088975694,0.2139369,0.14585219
4,segformer,137,0.985695311461691,0.52028245,0.21218505,0.12812213
4,segformer,138,0.9881228000818905,0.0484375,0.30065333,0.23324635
4,segformer,145,0.9837327703951076,1.0209429,0.12379752,0.14342493
4,segformer,146,0.9860196262926517,0.0056909005,0.30583053,0.19354059
4,segformer,153,0.9873737373729748,0.0,0.23620815,0.15568702
4,segformer,174,0.9899637716625967,0.033203125,0.31825603,0.20091235
4,segformer,176,0.9902958343434773,0.11245513,0.48484849,0.31701742
4,segformer,178,0.994864854413213,0.19270833,0.12292358,0.092310878
4,segformer,181,0.9893954958506603,0.024739583,0.25649688,0.18613343
4,segformer,182,0.986698263469961,0.047433036,0.21865043,0.16576164
4,segformer,190,0.988878235857509,0.023681641,0.23621196,0.18573222
4,segformer,409,0.9911947078112123,0.0045838944,0.068647343,0.098444168
4,segformer,420,0.9850648856890397,0.10522461,0.54529287,0.29942666
4,segformer,426,0.9872198257625077,0.00390625,0.31054221,0.18749674
4,segformer,427,0.9877335947540129,0.016755079,0.0061684048,0.0027640159
4,segformer,428,0.9887768088205495,0.0048828125,0.32461667,0.22132111
4,segformer,438,0.978848703881218,0.71183084,0.35106325,0.011832328
4,segformer,443,0.9891956658702972,0.0375,0.20624808,0.15746551
4,segformer,444,0.9870571777829751,0.054159774,0.25032343,0.051311403
4,segformer,448,0.988356663613183,0.033203125,0.30048742,0.19729737
4,segformer,449,0.9895433539584578,0.0140625,0.24302658,0.16107589
4,segformer,450,0.9862960989751773,0.072073004,0.070497363,0.026249056
4,segformer,453,0.9842417788813332,0.35886862,0.61518048,0.049152051
4,segformer,458,0.9875645281998711,0.016357422,0.35411526,0.20543567
4,segformer,459,0.9875965221612386,0.079888727,0.26615962,0.13286548
4,segformer,464,0.9878594054574878,0.019775391,0.12995446,0.091477195
4,segformer,478,0.9871730108888814,0.00390625,0.32961342,0.19698034
4,segformer,480,0.9879920892083488,0.045166016,0.28054745,0.15892833
4,segformer,483,0.9877698508284785,0.069754464,0.31590644,0.18378273
4,segformer,488,0.9874147154190477,0.043805804,0.34048988,0.20070734
4,segformer,498,0.9876845874006156,0.026154532,0.14997342,0.083372904
4,segformer,501,0.988068816797321,0.021809896,0.36228476,0.2796736
4,segformer,502,0.9878492079650064,0.0089285714,0.30363246,0.20028439
4,segformer,503,0.9889973598563406,0.020019531,0.24054642,0.1695806
4,segformer,504,0.9894596076208204,0.013671875,0.21877288,0.12439721
4,segformer,509,0.9886241342649338,0.045166016,0.25001974,0.18033528
4,segformer,512,0.9875448742355651,0.11376953,0.38680423,0.29386784
4,segformer,515,0.9883403135980036,0.01953125,0.31697641,0.22620054
4,segformer,518,0.9970438335857946,0.092973255,0.423685,0.24309292
4,segformer,524,0.9881113449576717,0.062039958,0.13417096,0.13005143
4,segformer,527,0.9867580902614681,0.013167564,0.20786128,0.02834002
4,segformer,528,0.9885139410630703,0.069661458,0.27242399,0.19536655
4,segformer,529,0.9888173274166415,0.026974749,0.24520095,0.19410163
4,segformer,552,0.9869888204552183,0.0044480529,0.21234816,0.14636556
4,segformer,558,0.9873392038300347,0.0052217793,0.13492039,0.10741716
4,segformer,561,0.9881598363977688,0.10009766,0.38457702,0.27854589
4,segformer,564,0.9857545025938798,0.041666667,0.31266531,0.25301801
4,segformer,574,0.9880958999298206,0.024274554,0.32228267,0.20170934
4,segformer,578,0.987691170617064,0.0046875,0.31398184,0.19292301
4,segformer,582,0.9883055921156065,0.0053710938,0.28090141,0.1804883
4,segformer,593,0.9813155467593979,0.20855035,0.6296738,0.37026547
4,segformer,597,0.988317712590076,0.018359375,0.26061889,0.15203467
4,segformer,600,0.9885304920171726,0.015345982,0.25621664,0.16450088
4,segformer,603,0.9895572987544732,0.029296875,0.23241815,0.17630872
4,segformer,610,0.983605427643369,0.030314626,0.0025517794,0.025491009
4,segformer,612,0.9884835862741376,0.02421875,0.25770247,0.17126514
4,segformer,613,0.9889214264720203,0.034765625,0.31021798,0.1836298
4,segformer,617,0.9864357728539153,0.060098535,0.23855824,0.16330661
4,segformer,618,0.9872183523544011,0.043312631,0.091574507,0.038837874
4,segformer,619,0.9884485016085287,0.032958984,0.31515342,0.2226036
4,segformer,620,0.9884069337804373,0.029785156,0.35563615,0.25013728
4,segformer,641,0.9873161657838896,0.072753906,0.34516783,0.25721006
4,segformer,660,0.9882399536900057,0.044140625,0.38050781,0.21577871
4,segformer,663,0.9878237023162161,0.040690104,0.3006988,0.18858228
4,segformer,671,0.9843511741365806,0.17078254,1.5118897,0.7337155
4,segformer,680,0.9872503840231989,0.057180296,0.14023961,0.1317821
4,segformer,685,0.9864365062214107,0.023654514,0.30156303,0.19390645
4,segformer,692,0.9853199219033528,0.044673509,0.16050777,0.1482334
4,segformer,697,0.9889316072440235,0.0039429785,0.10833865,0.11131737
4,segformer,700,0.9866128631254587,0.066358164,0.034009817,0.072778224
4,segformer,701,0.9884372995199906,0.029296875,0.2811496,0.16360695
4,segformer,703,0.9882484170460364,0.0034179688,0.32537631,0.18563242
4,segformer,706,0.9887517203545342,0.012890625,0.28435891,0.2063187
4,segformer,715,0.9888660071002189,0.0048828125,0.34531051,0.25699904
4,segformer,743,0.98891112776298,0.009375,0.33604693,0.20695368
4,segformer,749,0.9872332574860252,0.065761834,0.1794087,0.12019658
4,segformer,751,0.9887041793572089,0.031640625,0.35297276,0.23500762
4,segformer,759,0.9875832869672178,0.11652545,0.51269291,0.25238567
4,segformer,774,0.9880899832889396,0.01953125,0.28065369,0.18175763
4,segformer,775,0.9537001011583827,7.2099609,0.21073327,0.069752467
4,segformer,786,0.987678530068729,0.0859375,0.29720959,0.19875087
4,segformer,788,0.9880287786951248,0.0051697868,0.60881738,0.32634108
4,segformer,792,0.9872062711447918,0.01171875,0.37208183,0.2487377
4,segformer,794,0.9874977513930254,0.013284018,0.32625174,0.20002415
4,segformer,799,0.9856559438298573,0.059532361,0.54241161,0.29711917
4,segformer,800,0.985903610596869,0.095087282,0.01236449,0.036364558
4,segformer,808,0.9862315913425491,0.01002647,0.12848321,0.053354445
4,segformer,813,0.9887319364462489,0.025716146,0.26304651,0.18591148
4,segformer,814,0.9880567396730682,0.037977431,0.29579803,0.17192022
4,segformer,816,0.9886739603871355,0.016845703,0.23553876,0.15650888
4,segformer,817,0.988467383566754,0.035546875,0.23519434,0.18600221
4,segformer,820,0.9864182802591135,0.091145833,0.1741063,0.14220985
